key,en,es,fr,ar
Question,?,?,\u0020?,؟
CannotEditResults,. You cannot edit the results.,No se pueden editar los resultados,. Vous ne pouvez pas éditer les résultats,. لا يمكنك تحرير النتائج
Scoreboard.AttemptsDone,"{0,choice,0#No attempts done.|1#1 attempt done.|1<{0} attempts done.}","{0,choice,0#Ningún intento realizado.|1#1 intento realizado.|1<{0} intentos realizados.}","{0,choice,0#Aucun essai.|1#1 essai effectué.|1<{0} essais effectués.}","{0,choice,0#لم يتم أي محاولة.|1#محاولة واحدة.|1<{0} محاولة."
Results.AttemptsDone,"{0,choice,0#No attempts done.|1#1 attempt done.|1<{0} attempts done.}","{0,choice,0#Ningún intento realizado.|1#1 intento realizado.|1<{0} intentos realizados.}","{0,choice,0#Aucun essai.|1#1 essai effectué.|1<{0} essais effectués.}","{0,choice,0#لم يتم أي محاولة.|1#محاولة واحدة.|1<{0} محاولة."
NoLift_GoodLift,"{0,choice,0#No Lift|1#Good Lift} for {1}","{0,choice,0#Levantamiento Nulo|1#Levantamiento Válido} para {1}","Essai {0,choice,0#refusé|1#réussi} pour {1}","{0,choice,0#رفعة غير صحيحة|1#رفعة صحيحة} لـ {1}"
Kg,"{0,number,#.#} kg","{0,number,#.#} kg","{0,number,#.#} kg","{0,number,#.#} كجم"
TeamResults.TeamNameFormat,{0} ({1}),{0} ({1}),{0} ({1}),{0} ({1})
Upload.WrongDateFormat,"{0} is not a 4-digit year OR an ""{1}"" {2} format like {3} OR an international {4} format like {5}","{0} no es un año de 4 dígitos O un formato ""{1}"" {2} como {3} O un formato internacional {4} como {5}.","{0} n'est pas une année à 4 chiffres OU un format ""{1}"" {2} comme {3} OU un format international {4} comme {5}.","{0} ليس سنة من 4 أرقام أو تنسيق ""{1}"" {2} مثل {3} أو تنسيق دولي {4} مثل {5}"
Competition.defaultFederation,\u0020,\u0020,\u0020,\u0020
Competition.defaultFederationAddress,\u0020,\u0020,\u0020,\u0020
Competition.defaultFederationEMail,\u0020,\u0020,\u0020,\u0020
Competition.defaultFederationWebSite,\u0020,\u0020,\u0020,\u0020
CompetitionBook.C_RightHeader,\u0020,\u0020,\u0020,\u0020
AnnouncerEtc,"\u0020(announcer, timekeeper, marshal, result boards, attempt board, jury, etc.)","\u0020(Anunciador, Cronometrista, Marshal, Planillas de Resultados, Tablero de Intentos, Jurado, etc.)","\u0020(annonceur, chronométreur, changements, résultats, essai courant, jury, etc.)","\u0020(المعلق، ضابط الوقت، مراقب الأوزان، لوحات النتائج، لوحة المحاولات، اللجنة، إلخ)"
LocalComputer,\u0020(on the computer running the owlcms program),\u0020(en el computador que se ejecuta el programa owlcms),\u0020(sur l'ordinateur où owlcms s'exécute),\u0020(على الحاسوب الذي يشغل برنامج owlcms)
Wired,\u0020(wired),\u0020(cableado),\u0020(cablé),\u0020(سلكي)
Wireless,\u0020(wireless),\u0020(inalámbrico),\u0020(sans fil),\u0020(لاسلكي)
UseAtYourOwnRisk,You are responsible for performing whatever tests are needed to establish that the software is fit for your circumstances.,Ustedes son responsables de realizar las pruebas necesarias para establecer que el software es adecuado para sus necesidades.,Vous êtes responsable d'effectuer les tests requis pour établir que le logiciel répond à vos besoins.,أنت مسؤول عن إجراء أي اختبارات مطلوبة للتأكد من أن البرنامج مناسب لظروفك.
AtTimeOfRelease,"\u0020as published at the time of release.  As stated in the license, there is no guarantee whatsoever regarding this software.","\u0020 Publicado en el momento del lanzamiento. Como se indica en la licencia, no hay garantia alguna con respecto a este software.","\u0020tels que disponibles au moment de la publication du logiciel. Tel que mentionné dans la licence, il n'y a aucune garantie.","\u0020كما نُشر وقت الإصدار. كما هو مذكور في الترخيص، لا يوجد ضمان مطلقاً بخصوص هذا البرنامج."
Semicolon,\u003B,\u003B,\u003B,\u003B
Scoreboard.Done,# Athletes Scored (Done Sessions),# Atletas (Tandas terminadas),# Athlètes comptabilisés (plateaux terminés),# الرياضيين المُسجلين (الجلسات المكتملة)
Results.Done,# Athletes Scored (Done Sessions),# Atletas (Tandas terminadas),# Athlètes comptabilisés (plateaux terminés),# الرياضيين المُسجلين (الجلسات المكتملة)
Scoreboard.TeamSize,# Team Members,# Miembros del equipo,# Membres,# أعضاء الفريق
Results.TeamSize,# Team Members,# Miembros del equipo,# Membres,# أعضاء الفريق
SeparateLaptops,</ul>,</ul>,</ul>,</ul>
PrepareCompatition_description,"<li><b>{0}</b>: Enter the competition coordinates, register the athletes, define the sessions, etc.<br></li>","<li><b>{0}</b>: Registre las coordenadas de la competencia, registre los atletas, definir las tandas, etc.<br></li>","<li><b>{0}</b>: Entrer les coordonnées, inscrire les athlètes, définir les plateaux, etc.<br></li>","<li><b>{0}</b>: إدخال تفاصيل البطولة، تسجيل الرياضيين، تحديد الجلسات، إلخ.<br></li>"
CompetitionDocuments_description,<li><b>{0}</b>: Produce printable documents for each session and the final results package.</li>,<li><b>{0}</b>: Producir documentos imprimibles para cada tanda y el paquete de resultados finales.</li>,<li><b>{0}</b>: Produire les résultats imprimables pour chaque plateau et le cahier de compétition .</li>,<li><b>{0}</b>: إنتاج وثائق قابلة للطباعة لكل جلسة وحزمة النتائج النهائية.</li>
RunLiftingGroup_description,"<li><b>{0}</b>: Start the screens for the announcer, the marshal, the timekeeper. The announcer controls which session is shown on the displays.</li>","<li><b>{0}</b>: Iniciar la pantalla para el Anunciador, el Marshal, el Cronometrista. El Anunciador controla qué tanda se muestra en las pantallas.</li>","<li><b>{0}</b>: Lancer les écrans pour les officiels (annonceur, chrono, préposé aux changements). L''annonceur choisit le plateau en cours.</li>","<li><b>{0}</b>: تشغيل شاشات المعلق، مراقب الأوزان، ضابط الوقت. المعلق يتحكم في أي جلسة تُعرض على الشاشات.</li>"
StartDisplays_description,"<li><b>{0}</b>: Used to start the attempt board, the athlete-facing board, and the scoreboard.</li>","<li><b>{0}</b>: Usa para iniciar el tablero de intentos, الشاشة التي تنظر إلى الرياضي، و لوحة النتائج.</li>","<li><b>{0}</b>: Lancer les tableaux de résultats, l''affichage de l''essai courant, et l''affichage pour l''athlète.</li>","<li><b>{0}</b>: يُستخدم لتشغيل لوحة المحاولات، الشاشة المواجهة للرياضي، ولوحة النتائج.</li>"
TranslationDocumentation,<li>Contribute by translating the application to your own language: see the <a href='https://owlcms.github.io/owlcms4/#/Translation'>translation documentation</a>.,<li> Contribuya traduciendo la aplicación a su propio idioma: consulte la <a href='https://owlcms.github.io/owlcms4/#/Translation'> documentación de traducción </a>.,<li>Traduire l'application dans votre propre langue: voir la  <a href='https://owlcms.github.io/owlcms4/#/Translation'>documentation de traduction</a>.,<li>ساهم بترجمة التطبيق إلى لغتك: راجع <a href='https://owlcms.github.io/owlcms4/#/Translation'>وثائق الترجمة</a>.
Documentation,<li>See also the <a href='https://owlcms.github.io/owlcms4/#/index'>documentation</a> for\u0020installation and configuration information.,<li> Consulte también la <a href='https://owlcms.github.io/owlcms4/#/index'> documentación </a> para obtener información sobre la instalación y la configuración.,<li>Voir aussi la <a href='https://owlcms.github.io/owlcms4/#/index'>documentation</a> pour\u0020instructions d'installation et de configuration,<li>راجع أيضاً <a href='https://owlcms.github.io/owlcms4/#/index'>الوثائق</a> لمعلومات التثبيت والتكوين.
ProjectRepository,<li>See the <a href='https://github.com/jflamy/owlcms4'>project repository</a> the full source.,<li> Ver el <a href='https://github.com/jflamy/owlcms4'> repositorio de proyectos </a> para la fuente completa.,<li>Voir le <a href='https://github.com/jflamy/owlcms4'>référentiel du projet</a> pour le code source.,<li>راجع <a href='https://github.com/jflamy/owlcms4'>مستودع المشروع</a> للمصدر الكامل.
catAboveFormat,>{0},>{0},>{0},>{0}
LimitForCategory,≤ max kg,≤ max kg,≤ max kg,≤ أقصى كجم
About,About,Acerca de,À propos,حول
Config.AccessControlTitle,Access Control,Control de Acceso,Contrôles d'accès,التحكم في الوصول
Active,Active,Activo,Actif,نشط
Active,Active,Activo,Actif,نشط
ActiveCategoriesOnly,Active Categories Only,Solo Categorias Activas,Catégories actives seulement,الفئات النشطة فقط
Add,Add,Añadir,Ajouter,إضافة
Add_title,Add {0},Añadir {0},Créer {0},إضافة {0}
AddNewCategory,Add Category,Agregar Categoria,Ajouter catégorie,إضافة فئة
darkModeSelect,"After opening, click on the board to select white on black or black on white.","Despues de abrir, haga clic en blanco sobre negro o negro sobre blanco.","Après l'ouverture, cliquer sur l'écran pour choisir blanc sur noir ou noir sur blanc.","بعد الفتح، انقر على اللوحة لاختيار أبيض على أسود أو أسود على أبيض."
Scoreboard.AgeGroup,Age Gr.,Grupos por Edades,Gr. Age.,مج. عمر.
Results.AgeGroup,Age Gr.,Grupos por Edades,Gr. Age.,مج. عمر.
AgeGroup,Age Group,Grupos por Edades,Groupe d'âge,المجموعة العمرية
Card.ageGroup,Age Group,Grupos por Edades,Groupe d'âge,المجموعة العمرية
Preparation_AgeGroups,Age Groups,Grupos de Edad,Groupes d'âge,المجموعات العمرية
AgeFormat,Age must be a number between 0 and 999 inclusively.,La edad debe ser un número entre 0 y 999 inclusive.,L'âge doit être entre 0 et 999 inclusivement.,يجب أن يكون العمر رقماً بين 0 و 999 شاملاً.
Competition.roundRobinOrderExplanation,"All lifters perform their first lift according to requested weight, then same for 2nd attempt, then 3rd.","Todos los levantadores realizan su primer intento de acuerdo al peso solicitado, lo mismo para el 2º y 3º intentos","Tous les athlètes font leur 1er essai dans l'ordre de poids demandé, pareillement pour le 2e, puis le 3e.","جميع الرافعين يؤدون رفعتهم الأولى حسب الوزن المطلوب، ثم نفس الشيء للمحاولة الثانية، ثم الثالثة."
Scoreboard.TimeAllowed,Allowed,Permitido,Alloué,مسموح
Results.TimeAllowed,Allowed,Permitido,Alloué,مسموح
Announcer,Announcer,Anunciador,Annonceur,المعلق
Apply,Apply,Aplicar,Appliquer,تطبيق
AthleteCard,Athlete Card,Tarjeta del Atleta,Carton d'athlète,بطاقة الرياضي
AthleteCards,Athlete Cards,Tarjetas de Atleta,Cartons d'athlète,بطاقات الرياضيين
Athlete_Attempt,Athlete-facing Attempt Board Display,Pantalla de Intento frente al Atleta,Essai courant (face à l'athlète),شاشة المحاولة المواجهة للرياضي
Athlete_Decisions,Athlete-facing Timer/Down/Decisions,Cuenta regresiva/Orden de Bajada/Decisiones,Chrono/Terre/Décisions (face à l'athlète),مؤقت/إنزال/قرارات (مواجه للرياضي)
Refereeing_Displays,Athlete-facing Timer/Down/Decisions,Cuenta regresiva/Tierra/Decisiones,Chrono/Terre/Décisions (face à l'athlète),مؤقت/إنزال/قرارات (مواجه للرياضي)
Attempt,Attempt,Intento,Essai,محاولة
AttemptAF,Attempt (AF),Intento (AF),Essai courant (face à l'athlète),محاولة (مواجه للرياضي)
AttemptBoard,Attempt Board,Tablero de Intentos,Essai courant,لوحة المحاولات
DisplayType.Title,Attempt Board Information,Información Tablero de Intentos,Information sur l'écran d'essai courant,معلومات لوحة المحاولات
DisplayType.LIFT_INFO,Attempt Info,Información Intento,Information sur l'essai,معلومات المحاولة
Speakers,Audio Output,Salida de Audio,Sortie audio,مخرج الصوت
AutomaticProgression,Automatic Progression,Progresión Automática,Progression automatique,التقدم التلقائي
Card.automaticProgression,Automatic Progression,Progresión Automática,Progression automatique,التقدم التلقائي
ResetCategories.AvailableDefinitions,Available Definitions,Definiciones Disponibles,Définitions disponibles,التعريفات المتاحة
AvailableTemplates,Available Templates,Plantillas Disponibles,Formats disponibles,القوالب المتاحة
Scoreboard.BodyWeight,B.W.,P. C.,Poids,و.ج.
Results.BodyWeight,B.W.,P. C.,Poids,و.ج.
Config.Backdoor,Backdoor Access IP List (use with care),Lista de IP de acceso de puerta trasera (úselo con cuidado),Adresses IP à accès direct (prudence!),قائمة عناوين IP للوصول الخلفي (استخدم بحذر)
Bar,Bar,Barra,Barre,البار
BarWeight,Bar Weight,Peso de la Barra,Poids de la barre,وزن البار
BreakType.FIRST_CJ,Time before Clean & Jerk,Antes del Envión,Décompte avant l'épaulé-jeté,الوقت قبل النطر والدفع
BreakType.BEFORE_INTRODUCTION,Time before Introduction,Antes de la Presentación,Décompte avant la présentation,الوقت قبل التقديم
BreakType.FIRST_SNATCH,Time before Snatch,Antes del Arranque,Décompte avant l'arraché,الوقت قبل الخطف
Results.Best,Best,Mejor,Meilleur,الأفضل
BirthDate,Birth Date,Fecha de Nacimiento,Date naissance,تاريخ الميلاد
Card.birthDate,Birth Date,Fecha de Nacimiento,Naissance,تاريخ الميلاد
BirthDate_yyyy,Birth Date (yyyy-mm-dd),Fecha de nacimiento (yyyy-mm-dd),Date naissance (yyyy-mm-dd),تاريخ الميلاد (سنة-شهر-يوم)
BirthDate_cannot_future,Birth date cannot be in the future,Fecha de Nacimiento no puede ser en futuro,La date de naissance ne peut pas être dans le futur.,لا يمكن أن يكون تاريخ الميلاد في المستقبل
Registration.birth,Birth Date or Birth Year,Fecha o Año de Nacimiento,Date ou année de naissance,تاريخ الميلاد أو سنة الميلاد
light,Black on white,Negro y Blanco,Noir sur blanc,أسود على أبيض
BodyWeight,Body Weight,Peso Corporal,Poids,وزن الجسم
Card.bodyWeight,Body Weight,Peso Corporal,Poids Corporel,وزن الجسم
BodyWeightCategories,Bodyweight Categories,Divisiones de Peso Corporal,Catégories de poids,فئات وزن الجسم
Scoreboard.Birth,Born,Año,Naiss.,مولود
Results.Birth,Born,Año,Naiss.,مولود
BreakButton.Caption,Break Timer,Reloj de Descanso,Chronomètre de pause,مؤقت الاستراحة
BumperPlates,Bumper Plates,Pesas Grandes,Disques,الأقراص المطاطية
Division.U,By Age Group,Grupo de Edad,Par groupes d'âge,حسب المجموعة العمرية
Clean_and_Jerk_short,C&J,Env.,É.-J.,ن.د.
C_and_J_number,C&J #{0},Env. #{0},É.-J. #{0},ن.د. #{0}
C_and_J_1,C&J 1,Env. 1,É.-J. 1,ن.د. 1
C_and_J_2,C&J 2,Env. 2,É.-J. 2,ن.د. 2
C_and_J_3,C&J 3,Env. 3,É.-J. 3,ن.د. 3
C_and_J_decl,C&J Decl.,Env. Decl.,Décl. É.-J.
C_and_J_decl,C&J Decl.,Env. Decl.,Décl. É.-J.
Results.CJ_abbrev,C&J,Env.,E.-J.
CantReadCell,Can't read cell,No se puede leer la celda,Cellule impossible à interpréter
Cancel,Cancel,Cancelar,Annuler,إلغاء
Unexpected_event_state,Cannot {0} when {1}.,No se puede {0} cuando {1}.,Ne pas {0} quand {1}
Scoreboard.Category,Cat.,Cat.,Cat.
Results.Category,Cat.,Cat.,Cat.
Preparation_Categories,Categories,Categorias,Catégories,الفئات
ResetCategories.CategoriesReset,Categories have been recomputed.,Las Categorias han sido Recalculadas,Les catégories ont été recalculées.,تم إعادة حساب الفئات
Card.category,Category,Categoria,Catégorie,فئة
Category,Category,Categoria,Catégorie,فئة
Upload.CategoryNotFoundByName,"Category  ""{0}"" is not defined.","Categoria ""{0}"" no esta definida.","La catégorie ""{0}"" n'est pas définie."
Upload.CategoryNotFound,"Category cannot be found using age={0}, gender={1}, weight={2}","La Categoría no se puede encontrar utilizando edad={0}, género={1}, peso={2}","Categorie introuvable avec age={0}, genre={1}, poids={2}"
Category_no_match_body_weight,Category does not match body weight.,La categoría no coincide con el peso corporal.,La catégorie ne correspond pas au poids corporel.
Category_no_match_gender,Category does not match gender.,La categoría no coincide con el género.,La catégorie ne correspond pas au genre.
Category_no_match_age,Category does not match the age of the athlete.,La categoría no coincide con la edad del Atleta.,La catégorie ne correspond pas à l'âge de l'athlète.
Cell,Cell,Celda,Cellule,خلية
Card.change1,Change 1,Cambio 1,Changement 1,تغيير 1
Change_1,Change 1,Cambio 1,Changement 1,تغيير 1
Card.change2,Change 2,Cambio 2,Changement 2,تغيير 2
Change_2,Change 2,Cambio 2,Changement 2,تغيير 2
EVENT_BarbellOrPlatesChanged,change barbell or plates,Cambiar Barra o Discos,changer le disque ou l'haltère,تغيير البار أو الأقراص
EVENT_WeightChanged,change requested weight,Cambiar el Peso Solicitado,changer le poids demandé,تغيير الوزن المطلوب
Competition.competitionCity,City,Ciudad,Ville,المدينة
Card.cleanJerk,Clean&amp;Jerk,Envión,Épaulé-jeté,النطر والدفع
Scoreboard.Clean_and_Jerk,Clean&amp;Jerk,Envión,Épaulé-jeté,النطر والدفع
Clean_and_Jerk,Clean&Jerk,Envión,Épaulé-jeté,النطر والدفع
Results.cleanJerk,Clean&Jerk,Envión,Épaulé-jeté,النطر والدفع
Results.Clean_and_Jerk,Clean&Jerk,Envión,Épaulé-jeté,النطر والدفع
Clean_and_Jerk_Declaration,Clean&Jerk Declaration,Declaración del Envión,Déclaration É.-J.,إعلان النطر والدفع
Clean_and_Jerk_Rank,Clean&Jerk Rank,Ubic. del Envión,Rang É.-J.,ترتيب النطر والدفع
ClearLifts,Clear Lifts,Borrar levantamientos,Effacer les levers,مسح الرفعات
ClearLifts_forListed,Clear Lifts for Athletes Currently Listed,Borrar resultados para atletas listados حاليا ,Effacer les levers des athlètes sélectionnés,مسح الرفعات للرياضيين المدرجين حالياً
ClearStartNumbers,Clear Start Numbers,Borrar números de Inicio,Vider Nº départ,مسح أرقام البداية
reloadTranslationInfo,"Click to reload the translation file, then refresh your pages (F5).","Haga clic para volver a cargar el archivo, luego actualize sus paginas (F5).","Cliquer pour recharger le fichier de traduction, puis raffraîchir les pages.","انقر لإعادة تحميل ملف الترجمة، ثم قم بتحديث صفحاتك (F5)."
STATE_TIME_STOPPED,clock has been stopped,El reloj a sido Detenido,le chrono est arrêté,تم إيقاف الساعة
STATE_CURRENT_ATHLETE_DISPLAYED,clock has not started,El reloj no ha Comenzado,le chrono n'est pas démarré,لم تبدأ الساعة
STATE_TIME_RUNNING,clock is running,El reloj corre,le chrono est démarré,الساعة تعمل
CodeMustBeShort,Code should have less than {0} characters,El Código debe tener menos de {0} Caracteres,Le code devrait avoir moins de {0} caractères.,يجب أن يكون الرمز أقل من {0} أحرف
Collar,Collar,Collarín,Bagues,الطوق
Competition,Competition,Competencia,Compétition,البطولة
CompetitionBook.C,Competition,Competencia,Compétition,البطولة
Preparation_Competition,Competition,Competencia,Compétition,البطولة
Competition.informationTitle,Competition,Competencia,Compétition,البطولة
Competition.resultTemplateFileName,Competition Book Template,Plantilla de Libro de Competencia,Gabarit pour cahier de compétition,قالب كتاب البطولة
PublicMsg.CompetitionPaused,Competition paused,Competencia Pausada,Pause,البطولة متوقفة
CompetitionPlatform,Competition Platform,Plataforma de Competencia,Plateforme,منصة البطولة
AgeDivision,Competition type,Tipo de Competencia,Type de compétition,نوع البطولة
Confirm,Confirm,Confirmar,Confirmer,تأكيد
Results.Controller,Controller,Controlador,Contrôleur,المتحكم
CopyrightLicense,Copyright and License,Copyright y Licencia,Licence et droits d'auteur,حقوق النشر والترخيص
DisplayType.COUNTDOWN_INFO,Countdown clock,Reloj de Cuenta Regresiva,Horloge de décompte,ساعة العد التنازلي
introCountdown,Countdown,Cuenta Regresiva para la Presentación,Décompte,العد التنازلي
BreakButton.ToStartCaption,Countdown to start / Break Timer,Cuenta Atrás para Comenzar/ Descanso,Décompte avant début / Chrono de pause,العد التنازلي للبداية / مؤقت الاستراحة
CountdownType,Countdown Type,Tipo de Cuenta Regresiva,Type de décompte,نوع العد التنازلي
Credits,Credits,Créditos,Remerciements,الاعتمادات
CurrentAthleteTitle,Current Athlete,Atleta actual,Athlète courant,الرياضي الحالي
ScoreboardWLeadersMouseOver,"Current Session Scoreboard plus Top 3 lifters for Category, all around.",Marcador de Tanda actual + los 3 mejores levantadores por división. Total.,Tableau de résultats du plateau courant et Top 3 de la catégorie.,"لوحة النتائج للجلسة الحالية بالإضافة إلى أفضل 3 رافعين للفئة، شاملة."
Competition.competitionDate,Date,Fecha,Date,التاريخ
Decision_AF_,Decision (Athlete-Facing),Decisión (Frente al Atleta),Decision (face à l'athlète),القرار (مواجه للرياضي)
STATE_DECISION_VISIBLE,decision is being shown,Se muestra la decisión,la décision est visible,يتم عرض القرار
Results.Declaration_abbrev,decl.,Decl.,décl.,إعلان
Card.declaration,Declaration,Declaración,Déclaration,الإعلان
Declaration,Declaration,Declaración,Déclaration,الإعلان
Declaration_current_athlete_with_change,Declaration (with weight change) for current athlete<br>{0},Declaración (con cambio de peso) para Atleta actual<br>{0},Déclaration (avec changement de poids) pour l''athlète courant<br>{0},إعلان (مع تغيير الوزن) للرياضي الحالي<br>{0}
Declaration_Notification,Declaration for {0}: {1},Declaración para {0}: {1},Déclaration pour {0}: {1},إعلان لـ {0}: {1}
Declaration_current_athlete,Declaration for current athlete<br>{0},Declaración para el Atleta الحالي<br>{0},Déclaration pour l''athlète courant<br>{0},إعلان للرياضي الحالي<br>{0}
Division.DEFAULT,Open,POR DEFECTO,Open,مفتوح
DefineAgeGroups,Define Age Groups and Categories,Definir Grupos de Edades y Divisiones P.C.,Définir les groupes d'âge et les catégories,تحديد المجموعات العمرية والفئات
DefineCategories,Define Categories,Definir Divisiones,Définir les catégories,تحديد الفئات
DefineFOP,Define Fields of Play and Sound Output,Definir Plataformas و salida de sonido,Définir les plateformes et les sorties sonores,تحديد منصات اللعب ومخرج الصوت
Delete,Delete,Eliminar,Détruire,حذف
Delete_title,Delete {0},Eliminar {0},Effacer {0},حذف {0}
DeleteAthletes,Delete Athletes,Borrar atletas,Détruire athlètes,حذف الرياضيين
DeleteAthletes_forListed,Delete Athletes Currently Listed,Eliminar atletas de la lista actual,Détruire athlètes actuellement listés,حذف الرياضيين المدرجين حالياً
Results.DetailsPerAthlete,Details per Athlete,Detalles por atleta,Détails par athlète,تفاصيل لكل رياضي
Display,Display,Pantalla,Afficher,عرض
Competition.presentationTitle,Display and Printout,Pantalla e impresión,Affichage et impression,العرض والطباعة
Competition.defaultLocale,Display and printout language,Mostrar e Imprimir Idioma,Langue d'affichage et d'impression,لغة العرض والطباعة
AgeGroupCode,Display Short Code,Mostrar código corto,Code d'affichage bref,عرض الرمز المختصر
Card.ageDivision,Division,Categoría de edad,Division,القسم
Documentation_Menu,Documentation,Documento,Documentation,الوثائق
Done,done,Terminada,terminé,تم
Done_period,Done.,Realizado,Terminé,تم.
STATE_DOWN_SIGNAL_VISIBLE,down signal is being shown,Se muestra la señal de bajada,le signal terre a été donné,يتم عرض إشارة الإنزال
DownloadRegistrationTemplate,Download Empty Registration Spreadsheet,Descargar hoja de cálculo vacía,Obtenir une feuille d'inscription vide,تحميل جدول بيانات التسجيل الفارغ
DrawLotNumbers,Draw Lot Numbers,Sorteo,Tirage au sort,سحب أرقام القرعة
CountdownType.DURATION,Duration,Duración,Durée,المدة
InvalidDurationFormat,Duration must be in format {0} -- Type {1} to get {2} minutes and {3} seconds.,La duración debe estar en formato {0} -- Tipo {1} llegar {2} minutos y {3} segundos.,La durée doit être dans le format {0} -- Écrire {1} pour dire «{2} minutes et {3} secondes».,يجب أن تكون المدة بالتنسيق {0} -- اكتب {1} للحصول على {2} دقيقة و{3} ثانية.
STATE_BREAK,during a break,Durante un descanso,qu'une pause est en cours,أثناء الاستراحة
EditAgeGroups,Edit Age Groups and Categories,Editar Grupos de Edad y Divisiones,Éditer les groupes d'âge et les catégories,تحرير المجموعات العمرية والفئات
EditAthletes,Edit Athlete Entries,Editar Datos de Entrada del Atleta,Éditer les athlètes,تحرير بيانات الرياضيين
EditAthletes_Groups,Edit Athlete Entries (adjust session assignments),Editar Datos de Entrada del Atleta (Ajustar la Asignación de Tanda),Éditer les athlètes (ajuster l'assignation des groupes),تحرير بيانات الرياضيين (تعديل تخصيص الجلسات)
EditCategories,Edit Categories,Editar Divisiones,Éditer les catégories,تحرير الفئات
Edit_Groups,Edit Sessions,Editar Tandas,Éditer les plateaux,تحرير الجلسات
EditPlatforms,Edit Platforms,Editar Plataforma,Éditer les plateformes,تحرير المنصات
EditRegisteredAthletes,Edit Registered Athletes,Editar Atletas Registrados,Éditer les athlètes inscrits,تحرير الرياضيين المسجلين
Eligible,Eligible,Elegible,Éligible,مؤهل
Eligible for Individual Ranking?,Eligible for individual ranking?,Elegible para ranking individual?,Éligible au classement individuel ?,مؤهل للترتيب الفردي؟
Competition.customScore,Enable custom score? ,¿Habilitar puntuación personalizada? (anular total con bonificación / penalizaciones),Permettre édition du score?,تفعيل النتيجة المخصصة؟
EndBreak_StartLifting,"End Break, Start Lifting","Fin del Descanso, Inicio del Levantamiento","Fin de la pause, débuter les levers","انتهاء الاستراحة، بدء الرفع"
EnterPin,Enter PIN,Ingrese su Pin,Inscrire le code d'accès,أدخل الرقم السري
Results.Entry_abbrev,Entry,Total declarado,Tot.Entrée,الدخول
Card.entryTotal,Entry Total,Total de Entrada,Total décl.,مجموع الدخول
EntryTotal,Entry Total,Total de Entrada,Total déclaré,مجموع الدخول
Error,Error,Error,Erreur,خطأ
Errors,Errors,Errores,Erreurs,أخطاء
Competition.federationTitle,Federation,Federación,Fédération,الاتحاد
Competition.federationAddress,Federation Address,Dirección postal de la Federación,Adresse de la fédération,عنوان الاتحاد
Competition.federationEMail,Federation e-mail,E-mail de la Federación,Courriel de la fédération,البريد الإلكتروني للاتحاد
Competition.federation,Federation Name,Nombre de la Federación,Nom de la fédération,اسم الاتحاد
Competition.federationWebSite,Federation Web Site,Sitio Web de la Federación,Site web de la fédération,موقع الاتحاد الإلكتروني
FieldOfPlayDisplays,Field of Play Displays,Campo para Anuncios,Affichages sur les plateaux,شاشات العرض
FinalResultsPackage,Final Results Package,Paquete de Resultados Finales,Compilation des résultats,حزمة النتائج النهائية
FirstName,First Name,Nombre,Prénom,الاسم الأول
Competition.genderOrderExplanation,"For competitions with mixed sessions, in order to reduce the number of breaks and bar changes, call all girls first as a subsession.","Para competencias con tandas mixtas, para reducir el número de descansos y cambios de barra, llame a todas las damas primero como un subgrupo.","Dans une compétition avec groupes mixtes, afin de réduire le nombre de pauses et de changements d'haltère, appeler toutes les filles en premier en tant que sous-groupe.","للمسابقات ذات الجلسات المختلطة، من أجل تقليل عدد الاستراحات وتغييرات البار، استدعي جميع الفتيات أولاً كجلسة فرعية."
ForEachCompetitionGroup,For each competition session,Para cada Tanda de Competencia,Pour chaque plateau,لكل جلسة مسابقة
Competition.customScoreExplanation,"For kids or special competitions, allow modification of total with bonuses or penalties.","Para niños o competencias especiales, permita la modificación del total con bonificaciones o penalizaciones.","Pour les compétitions jeunesse ou spéciales, permettre la modification du total par des bonus ou des pénalités.","للأطفال أو المسابقات الخاصة، السماح بتعديل المجموع بالمكافآت أو الجزاءات."
ForcedAsCurrent,Forced as Current Athlete,Forzar como el atleta الحالي,Forcé comme athlète courant,مجبر كرياضي حالي
Gender,Gender,Género,Genre,الجنس
Upload.GenderMismatch,"Gender for category ""{0}"" does not match athlete gender {1}.","Sexo por catergoría ""{0}"" no coincide con el sexo del atleta {1}.","Le genre pour la catégorie ""{0}"" ne correspond pas à celui de l'athlète ""{1}"".",الجنس للفئة "{0}" لا يطابق جنس الرياضي {1}.
GenerateStartNumbers,Generate Start Numbers,Genere Números de Inicio,Générer les Nº de départ,توليد أرقام البداية
EVENT_ExplicitDecision,give decision,Dar Decision,annoncer la décision,اتخاذ القرار
EVENT_DownSignal,give down signal,dar señal de bajada,donner le signal terre,إعطاء إشارة الإنزال
GotIt,Got it.,Entendido.,Compris.,فهمت.
Card.group,Session,Tanda,Plateau,الجلسة
Group,Session,Tanda,Plateau,الجلسة
Upload.GroupNotDefined,"Session ""{0}"" is not defined.","Tanda ""{0}"" no esta definida.","Le plateau ""{0}"" n'est pas défini.",الجلسة "{0}" غير محددة.
CannotEditResults_logging,"Session {} currently lifting on platform {}, cannot edit","Tanda {} levantando actualmente en la plataforma {}, no se puede editar","Plateau {} lève sur plateforme {}, impossible d'éditer","الجلسة {} ترفع حالياً على المنصة {}، لا يمكن التحرير"
EditingResults_logging,"Session {} lifting on {}, editing","Tanda {} Levantando {}, edición","Plateau {} lève sur plateform {}, édition","الجلسة {} ترفع على {}، تحرير"
Group_number,Session {0},Tanda {0},Plateau {0},الجلسة {0}
Scoreboard.GroupLiftType,Session {0} {1},Tanda {0} {1},Plateau {0} {1},الجلسة {0} {1}
Results.GroupLiftType,Session {0} {1},Tanda {0} {1},Plateau  {0} {1},الجلسة {0} {1}
Group_number_results,Session {0} &ndash; Results,Tanda {0} &ndash; Resultados,Plateau  {0} &ndash; Résultats,الجلسة {0} &ndash; النتائج
Group_number_done,Session {0} done.,Tanda {0} Terminada.,Plateau {0} terminé.,الجلسة {0} انتهت.
GroupResults,Session Results,Resultados de Tanda,Résultats de plateau,نتائج الجلسة
Preparation_Groups,Sessions,Tandas,Plateaux,الجلسات
EVENT_DecisionReset,hide decisions,Ocultar decisiones,cacher les décisions,إخفاء القرارات
Home,Home,Inicio,Accueil,الرئيسية
IdlePlatform,Idle Platform (no countdown displayed),Plataforma Inactiva (Sin Pantalla de cuenta regresiva),Plateau inactif (pas de décompte affiché),منصة خاملة (لا يُعرض عد تنازلي)
Competition.teamSizeExplanation,"If a team size is given, the top point scores from team members are used, until the given team size is reached. If empty, the points from all team members are counted.","Si se da un tamaño de equipo, se usan las puntuaciones máximas de los miembros del equipo, hasta que se alcanza el tamaño del equipo dado.  Si está vacío, se cuentan los puntos de جميع أعضاء الفريق.","Si une taille d'équipe est donnée, les meilleurs n résultats des équipiers sont retenus jusqu'à concurrence de la taille d'équipe. Si vide, les points de tous les équipiers sont comptés.","إذا تم إعطاء حجم الفريق، تُستخدم أعلى نقاط من أعضاء الفريق، حتى الوصول لحجم الفريق المحدد. إذا كان فارغاً، تُحسب نقاط جميع أعضاء الفريق."
refereeingDevices,"If refereeing devices are used, they are usually connected to this display.","Si se utilizan pulsadores para los árbitros, por favor que estén conectados a esta pantalla.","Si des claviers d'arbitrage sont utilisés,  ils sont normalement connectés à cet appareil.","إذا تم استخدام أجهزة التحكيم، فعادة ما تكون متصلة بهذه الشاشة."
Competition.genderOrder,"In mixed sessions, session athletes by gender","En tandas mixtas, atletas grupales por sexo","Dans les plateaux mixtes, regrouper les athlètes par genre.","في الجلسات المختلطة، تجميع الرياضيين حسب الجنس."
LoginDenied,Incorrect Access Information Provided.,Informacion de Acceso incorrecta.,Information d'accès incorrecte,معلومات الوصول المقدمة غير صحيحة.
CeremonyType.INTRODUCTION,Introduction,Introducción,Présentation,التقديم
PublicMsg.DuringIntroduction,Introduction,Introducción,Présentation,التقديم
InvalidYearFormat,Invalid year format (4 digits expected),Formato de año no valido (4 digitos esperados),Format d'année invalide (4 chiffres attendus),تنسيق السنة غير صالح (مطلوب 4 أرقام)
Competition.invitedIfBornBefore,Invited if born before,Invitado si es nacido antes de,Invité si né avant,مدعو إذا ولد قبل
Division.IWF,IWF,IWF,IWF,الاتحاد الدولي
Translator,Jean-François Lamy,Carlos Mora,Jean-François Lamy,جان-فرانسوا لامي
JFL,Jean-François Lamy,Jean-François Lamy,Jean-François Lamy,جان-فرانسوا لامي
AgeGroup.JR,JR,JR,JR,صغار
Scoreboard.Jr,Jr,Jr,Jr,صغار
Results.Jr,Jr,Jr,Jr,صغار
Jury,Jury,Jurado,Jury,اللجنة
Jury1,Jury 1,Jurado 1,Jury 1,لجنة 1
Jury2,Jury 2,Jurado 2,Jury 2,لجنة 2
Jury3,Jury 3,Jurado 3,Jury 3,لجنة 3
Jury4,Jury 4,Jurado 4,Jury 4,لجنة 4
Jury5,Jury 5,Jurado 5,Jury 5,لجنة 5
Jury_Console,Jury Console,Jurado,Console du jury,وحدة تحكم اللجنة
BreakType.JURY,Jury Deliberation,Deliberación del Jurado,Délibération du jury,تداول اللجنة
JuryDecisions,Jury Decisions,Decisiones del jurado,Décisions du jury,قرارات اللجنة
PublicMsg.JuryDeliberation,Jury Deliberation,Deliberación del Jurado,Délibération du jury,تداول اللجنة
BreakButton.JuryDeliberation,Jury Deliberation,Deliberación del Jurado,Délibération du jury,تداول اللجنة
KgSymbol,\u00a0kg,\u00a0kg,\u00a0kg,\u00a0كجم
Scoreboard.KgSymbol,\u00a0kg,\u00a0kg,\u00a0kg,\u00a0كجم
Results.KgSymbol,\u0020kg,\u0020kg,\u0020kg,\u0020كجم
Scoreboard.Needed,Kg Needed,kg Necesario,kg Requis,الكيلو المطلوب
Results.Needed,Kg Needed,kg Necesario,kg Requis,الكيلو المطلوب
LastName,Last Name,Apellido,Nom,اسم العائلة
Leaders,Leaders,Líderes,Meneurs,القادة
Scoreboard.Leaders,Leaders:,Líderes,Meneurs: ,القادة:
Results.Leaders,Leaders:,Líderes,Meneurs: ,القادة:
RuleViolation.declaredChangesNotOk,Lift {0} : Value {1} for changes must be greater than or equal to the automatic progression ({2}).,Levantamiento {0} : El valor {1} para los cambios debe ser mayor o igual que la progresión automótica ({2}).,Lever {0} : Le changement {1} doit être plus grand ou égal au poids de la progression automatique ({2}).,الرفعة {0}: القيمة {1} للتغييرات يجب أن تكون أكبر من أو تساوي التقدم التلقائي ({2}).
RuleViolation.declarationValueTooSmall,Lift {0} : Value {1} for declaration must be greater than or equal to the automatic progression ({2}).,Levantamiento {0} : El valor {1} declarado debe ser mayor o igual que la progresión automótica ({2}),Lever {0} : Le poids {1} déclaré doit être plus grand ou égal au poids de la progression automatique ({2}),الرفعة {0}: القيمة {1} للإعلان يجب أن تكون أكبر من أو تساوي التقدم التلقائي ({2}).
RuleViolation.liftValueBelowProgression,Lift {0} : Value {1} for lift must be greater than or equal to the automatic progression ({2}).,Levantamiento {0} : El valor {1} para el levantamiento debe ser mayor o igual que la progresión automótica ({2}).,Lever {0} : Le lever ({1}) doit être plus grand ou égal au poids de la progression automatique ({2}).,الرفعة {0}: القيمة {1} للرفعة يجب أن تكون أكبر من أو تساوي التقدم التلقائي ({2}).
RuleViolation.liftValueNotWhatWasRequested,Lift {0} : Value {1} for lift must match requested amount ({2}).,Levantamiento {0} : El valor {1} para el levantamiento debe coincidir مع القيمة المطلوبة ({2}).,Lever {0} : Le poids {1} du lever doit correspondre au poids demandé ({2}).,الرفعة {0}: القيمة {1} للرفعة يجب أن تطابق الكمية المطلوبة ({2}).
Scoreboard.LiftingOrder,Lifting Order,Orden de competencia,Ordre de passage,ترتيب الرفع
Results.LiftingOrder,Lifting Order,Orden de competencia,Ordre de passage,ترتيب الرفع
LiftsCleared,Lifts cleared,Levantamientos borrados,Les essais ont été effacés,تم مسح الرفعات
EVENT_SwitchGroup,Ioad a session,Cargar una tanda,choisir un plateau,تحميل جلسة
ResetCategories.ReloadAgeGroups,Load Definition File,Cargar archivo de تعريف,Charger fichier de définition,تحميل ملف التعريف
Locale,Locale,Lugar,Locale,اللغة
Log_In,Log in,Iniciar Tanda,Identification,تسجيل الدخول
Login,Login,Iniciar Tanda,Identification,تسجيل الدخول
Competition.logo,Logo,Logo,Logo,الشعار
Card.lotNumber,Lot,Nº Sorteo,Tirage,رقم السحب
Lot,Lot,Sorteo,Tirage,سحب
Results.Lot,Lot,Sorteo,Sort,نتيجة السحب
CompetitionBook.MWT,M+W Total Score,M+F Puntuación Total,M+F Pointage Total,النتيجة الإجمالية للرجال والنساء
Marshall,Marshal,Marshal,Marshal,المراقب
Competition.masters,Masters,Masters,Masters,الماجستير
Division.MASTERS,Masters,Masters,Masters,الماجستير
Competition.mastersGenderEquality,Masters: use W75 and W80+ age groups,Masters: use los grupos de edad W75 y W80+,Masters: utiliser groupes d'âge W75 et W80+,الماجستير: استخدم مجموعات الأعمار W75 و W80+
Results.max,Max,Max,Max,الحد الأقصى
MaximumAge,Maximum Age (incl.),Edad Maxima (incl.),Âge maximum (incl.),الحد الأقصى للعمر (شامل)
MaximumWeight,Maximum Weight,Peso Máximo,Poids maximum,الحد الأقصى للوزن
MedalsOnly,Medals Only,Solo Medallas,Médailles seulement,الميداليات فقط
Results.Membership,Memb.,Código,# Fed.,العضوية
Membership,Membership #,Código,Nº membre,العضوية
Gender.Men,Men,Varones,Hommes,الرجال
CompetitionBook.MCT,Men - Combined Score,Puntaje combinado - Varones,Hommes - Pointage Combiné,الرجال - النقاط المجمعة
Results.MenPerTeam,Men per Team,Varones por Equipos,Hommes par équipe,الرجال في الفريق
Competition.mensTeamSize,"Men's ""Top Results"" Team Size","Varones "" Mejores n resultados "" Tamaño del Equipo",Utiliser n meilleurs résultats,حجم الفريق للرجال
CompetitionBook.M6,Men's Results,Resultados Varones,Hommes 6 essais,نتائج الرجال
CompetitionBook.MR,Men's Robi,Robi Varones,Hommes Robi,روبي للرجال
CompetitionBook.MG,Men's GAMX,GAMX Varones,Hommes GAMX,غاما إكس للرجال
CompetitionBook.MS,Men's Sinclair,Sinclair Varones,Hommes Sinclair,سينكلير للرجال
CompetitionBook.MSMF,Men's SMF,SMF Masculino,Hommes SMF,SMF للرجال
CompetitionBook.MT,Men's Total Score,Puntos Total Varones,Hommes - Pointage Total,إجمالي نقاط الرجال
Men + Women,Men+Women - Combined Score,Damas y Varones - Puntuación Combinada,Hommes et Femmes - Pointage Combiné,الرجال والنساء - النقاط المجمعة
MetalPlates,Metal Plates,Pesas de metal,Disques de métal,أقراص معدنية
MinimumAge,Minimum Age (incl.),Edad Minima (incl.),Age minimum (incl.),الحد الأدنى للعمر (شامل)
MinimumWeight,Minimum Weight,Peso Máximo,Poids minimum,الحد الأدنى للوزن
Card.name,Name,Nombre,Nom,الاسم
Competition.competitionName,Name,Nombre,Nom,اسم البطولة
Name,Name,Nombre,Nom,الاسم
Scoreboard.Name,Name,Nombre,Nom,الاسم
Results.Name,Name,Nombre,Nom,الاسم
Scoreboard.NextAttempt,Next Attempt,Próximo Intento,Prochain essai,المحاولة التالية
Results.NextAttempt,Next Attempt,Próximo Intento,Prochain essai,المحاولة التالية
NoGroupSelected,No session selected,Sin Tanda Seleccionada,Pas de plateau sélectionné,لا توجد جلسة محددة
No_weighed_in_athletes,No weighed-in athletes,Atleta sin Peso,Pas d'athlètes pesés,لا يوجد رياضيين تم وزنهم
NonStandardBar,Non-Standard Bar,Barra no estandar,Barre non-standard,بار غير قياسي
Competition.specialRulesTitle,Non-standard Rules,Reglas no estándar,Règles particulières,قواعد غير قياسية
none,none,Ninguno,aucun,لا شيء
Not_weighed,Not weighed,No Pesado,Non pesé,غير موزون
Notes,Notes,Notas,Notes,ملاحظات
Number,Number,Número,Nº,رقم
Results.Athletes,Number of Athletes,Número de Atletas,Nombre d'athlètes,عدد الرياضيين
Results.Teams,Number of Teams,Número de equipos,Nombre d'équipes,عدد الفرق
Officials,Officials,Oficiales,Officiels,المسؤولون
Division.OLY,Olympics,Olímpico,Olympiques,الأولمبياد
Competition.rulesTitle,Options,Opciones,Options,الخيارات
Competition.competitionOrganizer,Organizer,Organizador,Organisateur,المنظم
OWLCMS_Info,OWLCMS - About,OWLCMS - Acerca de,OWLCMS - Info,حول OWLCMS
OWLCMS_Displays,OWLCMS - Displays,OWLCMS - Monitor,OWLCMS - Affichages,شاشات OWLCMS
OWLCMS_Home,OWLCMS - Home,OWLCMS - Inicio,OWLCMS - Accueil,الصفحة الرئيسية لـ OWLCMS
OWLCMS_Lifting,OWLCMS - Lifting,OWLCMS - Levantamiento,OWLCMS - Plateau,رفع OWLCMS
OWLCMS_Top,OWLCMS - Olympic Weightlifting Competition Management System,OWLCMS - Olympic Weightlifting Competition Management System,OWLCMS - Gestion de compétition d'haltérophilie,نظام إدارة مسابقات رفع الأثقال الأولمبية
OWLCMS_Preparation,OWLCMS - Preparation,OWLCMS - Preparación,OWLCMS - Préparation,تحضير OWLCMS
OWLCMS_Results,OWLCMS - Results,OWLCMS - Resultados,OWLCMS - Résultats,نتائج OWLCMS
OwlcmsBuild,OWLCMS v{0} ({1}),OWLCMS v{0} ({1}),OWLCMS v{0} ({1}),بناء OWLCMS
EVENT_BreakPaused,pause break,Pausa Descanso,interrompre la pause,توقف الاستراحة
PauseCountdown,Pause Break Countdown Timer,Pausa reloj de cuenta regresiva,Stopper le chrono de pause,مؤقت العد التنازلي للاستراحة
BreakButton.Paused,Paused,Pausado,En pause,مؤقت الاستراحة
Plates,Plates,Pesas,Disques,الأقراص
PlatesDisplay,Plates Display,Monitor de Discos,Disques,شاشة الأقراص
Platform,Platform,Plataforma,Plateforme,المنصة
STATE_INACTIVE,platform is inactive,la plataforma está inactiva,la plateforme est inactive,المنصة غير نشطة
PlatformName,Platform Name,Nombre de la plataforma,Nom de la plateforme,اسم المنصة
Preparation_Platforms,Platforms,Plataformas,Plateformes,المنصات
PleaseFix,Please fix the errors and try again.,Por favor corrija los errors e intente nuevamente,Veuillez corriger les erreurs et réessayer,يرجى إصلاح الأخطاء والمحاولة مرة أخرى.
ResetCategories.PleaseSelectDefinitionFile,Please select a definition file,Por favor seleccione un archivo de definición,Choisir un fichier de définition.,يرجى اختيار ملف التعريف.
Select_group_first,Please select a session first.,"Por favor, selecciona primero una tanda.",Il faut d'abord choisir un plateau.,يرجى اختيار جلسة أولاً.
ERROR_WAIT_FOR_RESET,Please wait until decision has been shown. Do not start time when decision is still visible.,Espere حتى se muظهر la decisión. لا تبدأ الوقت عندما تكون القرار لا يزال مرئيًا.,SVP attendre que la décision ait été vue. Ne pas démarrer le chrono quand la décision est visible.
Scoreboard.Points,Points,Puntos,Points,النقاط
TeamResults.Points,Points,Puntos,Points,النقاط
Results.Points,Points,Puntos,Points,النقاط
Results.PointsScored,Points scored for Team,Puntos acumulados por Equipo,Points marqués pour l'équipe,النقاط المسجلة للفريق
PreCompetitionSetup,Pre-competition setup,Configuración Previa a la Competencia,Préparation de la compétition,إعداد ما قبل المنافسة
Preferences,Preferences,Preferencias,Préférences,التفضيلات
PrepareCompetition,Prepare Competition,Preparar la Competencia,Préparer la compétition,تحضير المنافسة
JuryPresident,Jury President,Presidente,Président,رئيس اللجنة
Print,Print,Imprimir,Imprimer,طباعة
ProduceResults,Produce Results,Producir Resultados,Produire les résultats,إنتاج النتائج
Competition.protocolFileName,Protocol Sheet Template,Plantilla de protocolo,Gabarit pour feuille de résultats,قالب ورقة البروتوكول
Config.PublicResultsTitle,Public Results Scoreboard URL,Aplicación en la nube de resultados públicos,Coordonnées du tableau de résultats à distance,عنوان لوحة النتائج العامة
Config.publicResultsURL,publicresults Cloud Application URL,URL de aplicación en la nube de resultados públicos,URL pour application publicresults dans le cloud,رابط تطبيق النتائج العامة
Rank,Rank,Ubic.,Rang,الرتبة
Scoreboard.Rank,Rank,Ubic.,Rang,الرتبة
Results.Rank,Rank,Ubic.,Rang,الرتبة
Results.TeamRank,Rank within Team,Ubic. por equipos,Classement dans l'équipe,الترتيب داخل الفريق
DataRead,Read,Leer,Lu,قراءة
ReadingData_,Reading the data,Leyendo los Datos,Lecture des données,قراءة البيانات
ResetCategories.ResetAthletes,Reassign athletes,Reasignar Atletas,Réassigner les athlètes,إعادة تعيين الرياضيين
ResetCategories.ResetCategories,Reassign categories,Reasignar Divisiones de P.C.,Réassigner les catégories,إعادة تعيين الفئات
ResetCategories.ResetCategoriesMouseOver,Recompute categories based on currently active age groups.,Recalcule las divisiones de P.C. según los grupos de edad حاليا,Recalculer les catégories sur la base des groupes d'âge activés,إعادة حساب الفئات بناءً على مجموعات العمر النشطة حالياً.
RecomputeRanks,Recompute Ranks,Recalcular Ubicación,Recalculer les rangs,إعادة حساب الترتيب
Referee,Referee,Árbitro,Arbitre,الحكم
Referee_Mobile_Device,Referee (on mobile devices),Áرbitro (para dispositivos moviles),Arbitre (sur appareils mobiles),الحكم (على الأجهزة المحمولة)
Referee1,Referee 1,Árbitro 1,Arbitre 1,الحكم 1
Referee2,Referee 2,Áرbitro 2,Arbitre 2,الحكم 2
Referee3,Referee 3,Áرbitro 3,Arbitre 3,الحكم 3
RefereeDecisions,Referee Decisions,Decisiones de los Árbitros,Décisions des officiels,قرارات الحكام
Competition.announcerLiveDecisions,Referee decisions visible to announcer,Decisiones de los árbitros visibles para el anunciador,Décisions des arbitres visibles à l'annonceur,قرارات الحكام المرئية للمعلق
Referees_Jury,Referees and Jury,Áرbitros y Jurado,Arbitres et Jury,الحكام واللجنة
Preparation_Registration,Registration,Registro,Inscriptions,التسجيل
Registration,Registration,Inscripciones,Inscriptions,التسجيل
Reload_group,Reload session from database.,Recargar la tanda desde la base de datos.,Recharger le plateau à partir de la base de données,إعادة تحميل الجلسة من قاعدة البيانات.
reloadTranslation,Reload translation file,Recargar el Archivo de ترجمة,Recharger le fichier de traduction,إعادة تحميل ملف الترجمة
Requested_weight,Requested Weight,Peso Solicitado,Poids demandé,الوزن المطلوب
Scoreboard.RequestedWeight,Requested Weight,Peso solicitado,Poids demandé,الوزن المطلوب
Results.RequestedWeight,Requested Weight,Peso solicitado,Poids demandé,الوزن المطلوب
EVENT_ForceTime,reset timer explicitly,Reiniciar reloj,réinitialiser le chrono,إعادة تعيين المؤقت
Reset1min,Reset to 1 min,Reiniciar a 1 min,Réinitialiser à 1 min.,إعادة تعيين إلى دقيقة واحدة
Reset2min,Reset to 2 min,Reiniciar a 2 min,Réinitialiser à 2 min.,إعادة تعيين إلى دقيقتين
ResultDocuments,Result Documents,Documentos de resultados,Documents de résultats,وثائق النتائج
Results,Results,Resultados,Résultats,النتائج
PublicMsg.GroupDone,Results,Resultados,Résultats,النتائج
robi,Robi,Robi,Robi,روبي
Results.Robi,Robi,Robi,Robi,روبي
Competition.roundRobinOrder,"Round-Robin Order (all 1st lifts, all 2nd, all 3rd)","Orden Round-Robin (todos los primeros levantamientos, todos los segundos levantamientos, todos los terceros levantamientos)","À la ronde (tous les 1er essais, tous les 2e, tous les 3e)","ترتيب الجولة (جميع الرفعات الأولى، جميع الرفعات الثانية، جميع الرفعات الثالثة)"
RunLiftingGroup,Run Lifting Session,Tanda de Competencia,Groupe de compétition,تشغيل جلسة الرفع
Score,Score,Puntuación,Score,النتيجة
ScoreboardWLeadersTitle,Score+Leaders,Puntuación + Líderes,Tableau+Meneurs,ترتيب النقاط + القادة
Scoreboard,Simple Scoreboard,Marcador sencillo,Tableau simple de résultats,لوحة نتائج بسيطة
ScoreboardMultiRanksButton,"Scoreboard, Multiple Age Groups","Marcador, grupos de edad","Tableau, groupes d'âge",لوحة النتائج، مجموعات عمرية متعددة
ScoreboardMultiRanksTitle,"Scoreboard, Multiple Age Groups","Marcador, varios grupos de edad","Tableau, rangs multiples",لوحة النتائج، مجموعات عمرية متعددة
Scoreboards,Scoreboards,Marcadores,Tableaux d'affichage,لوحات النتائج
Config.UpdateKey,Secret update key,Clave de Actualización Secreta,Clé secrète de mise à jour (update key),مفتاح التحديث السري
SelectPlatform,Select Platform,Seleccionar Plataforma,Choisir la plateforme,اختر المنصة
ShowResults,Show Results,Mostrar Resultados,Afficher النتائج
EVENT_TimeOver,signal time over,Señal de Tiempo Concluido,signaler que le temps est écoulé,إشارة انتهاء الوقت
Scoreboard.Sinclair,Sinclair,Sinclair,Sinclair,سينكلير
sinclair,Sinclair,Sinclair,Sinclair,سينكلير
Results.Sinclair,Sinclair,Sinclair,Sinclair,سينكلير
Competition.competitionSite,Site,Lugar,Site,الموقع
smm,SM(H)F,SM(H)F,SM(H)F,SM(H)F
smhf,SM(H)F,SM(H)F,SM(H)F,SM(H)F
Snatch_short,Sn.,Arr.,Arr.,خطف
Card.snatch,Snatch,Arranque,Arraché,خطف
Scoreboard.Snatch,Snatch,Arranque,Arraché,خطف
Snatch,Snatch,Arranque,Arraché,خطف
Results.Snatch,Snatch,Arr.,Arraché,خطف
Results.Snatch_abbrev,Snatch,Arr.,Arr.,خطف
Snatch_number,Snatch #{0},Arranque #{0},Arraché #{0},خطف #{0}
Snatch1,snatch 1,Arr 1,Arraché 1,خطف 1
Snatch2,snatch 2,Arr 2,Arraché 2,خطف 2
Snatch3,snatch 3,Arr 3,Arraché 3,خطف 3
SnatchDecl_,Snatch Decl.,Arr Decl,Décl. Arr.,خطف إعلان
Snatch_Declaration,Snatch Declaration,Declaracion de Arranque,Déclaration Arraché,إعلان الخطف
SnatchRank,Snatch Rank,Ubic. Arr.,Rang Arr.,ترتيب الخطف
SourceDocumentation,Source and Documentation,Fuente y Documentación,Code source et documentation,المصدر والوثائق
Division.Special,Special,Especial,Spécial,خاص
ThanksToAll,Special thanks to Stepan Pesterev for feedback and testing.<br>,Un agradecimiento especial a Stepan Pesterev por sus comentarios y pruebas. <br>,Merci à Stepan Pesterev pour commentaires et essais.<br>,شكر خاص لستيبان بيسترييف على ملاحظاته واختباراته.
AgeGroup.SR,SR,SR,SR,كبار
Scoreboard.Sr,Sr,Sr,Sr,كبار
Results.Sr,Sr,Sr,Sr,كبار
Scoreboard.Start,Start,Orden,Départ,ابدأ
Results.Start,Start,Orden,Départ,ابدأ
Results.Start,Start,Inico,Dép.,ابدأ
Card.startNumber,Start #,N° Inicio,# Départ,رقم البدء
EVENT_BreakStarted,start break,Inicio des Descanso,démarrer une pause,بدء الاستراحة
EVENT_TimeStarted,start clock,Iniciar Cronómetro,démarrer le chrono,بدء الساعة
StartDisplays,Start Displays,Marcadores,Démarrer les affichages,بدء العرض
EVENT_JuryDecision,start jury deliberation,Iniciar Deliberación del Jurado,démarrer la délibération du jury,بدء تداول اللجنة
startLifting,Start Lifting,Iniciar Levantamiento,Débuter les levers,بدء الرفع
EVENT_StartLifting,start lifting,Empezar a Levantar,démarrer les levers,بدء الرفع
StartingList,Start List,Lista de inicio,Liste de départ,قائمة البدء
StartList.StartList,Start List,Lista de inicio,Liste de départ,قائمة البدء
StartNumber,Start Number,Número de inicio,Numéro de départ,رقم البدء
StartNumbersNotSet,Start numbers were not assigned. Use the Weigh-in page.,Los números de inicio no han sido asignados. Utilice la página de pesaje.,Les numéros de départ n'ont pas été attribués. Utiliser la page de pesée.,لم يتم تعيين أرقام البدء. استخدم صفحة الوزن.
StartTime_StartList,Start Time,Hora de inicio,Heure de début,وقت البدء
StartTime,Start Time,Hora de inicio,Heure de début,وقت البدء
Start_,Start#,Iniciar#,#Départ,ابدأ#
Card.startingWeight,Starting Weight,Peso inicial,Poids de départ,وزن البداية
RuleViolation.rule15_20Violated,Starting weight rule violation: Missing {5}kg.,Violación de la regla de الوزن الابتدائي: Falta {5} kg.,Violation de la règle des poids initiaux: Il manque {5} kg.
TeamResults.Status,Status (Athletes Counted/Team Size),Estado (atletas contados / tamaño del equipo),Statut (Athlètes comptés/Taille d'équipe),الحالة (عدد الرياضيين / حجم الفريق)
EVENT_TimeStopped,stop clock,Detener el reloj,arrèter le chrono,إيقاف الساعة
Card.team,Team,Equipo,Équipe,الفريق
Scoreboard.Team,Team,Equipo,Équipe,الفريق
Team,Team,Equipo,Équipe,الفريق
Results.Team,Team,Equipo,Équipe,الفريق
TeamMember?,Team Member?,Miembro de Equipo?,Membre de l'équipe?,عضو الفريق؟
TeamResults.Title,Team Results,Resultados por Equipos,Résultats par équipe,نتائج الفرق
Competition.teamSizeInvalid,Team size must be a number ≤ 99,El tamaño del equipo debe ser un número ≤ 99,La taille d'équipe doit être un nombre ≤ 99,حجم الفريق يجب أن يكون رقمًا أقل من أو يساوي 99
Results.TeamList,Teams,Equipos,Équipes,الفرق
TechnicalController,Technical Controller,Controlador Técnico,Contrôleur Technique,المراقب الفني
BreakType.TECHNICAL,Technical Issue,Inconveniente Técnico,Problème technique,مشكلة فنية
TOScreens,Technical Official Screens (select the correct platform above before clicking),Pantallas de Árbitros (seleccione المنصة الصحيحة أعلاه قبل النقر),Écrans des officiels (choisir le plateau ci-dessus avant de cliquer),شاشات المسؤولين الفنيين (اختر المنصة الصحيحة أعلاه قبل النقر)
SoundSystemProblem,"Technical problem with Sound: Signals will not be emitted by the main computer.<br>If the problem persists, switch to browser sounds or restart the competition system.","Problema técnico con el sonido: la computadora principal no emitió señales. <br> Si el problema persiste, cambie a los sounds del navegador o reinicie el sistema de competencia.","Problème technique avec le son: les sons ne seront pas émis par l'ordinateur.<br>Si le problème persiste, utilisez le son sur les navigateurs ou relancez le système.",مشكلة تقنية في الصوت: لن تصدر الكمبيوتر الرئيسي إشارات. إذا استمرت المشكلة، قم بالتبديل إلى أصوات المتصفح أو أعد تشغيل نظام المنافسة.
ThanksToFHQ,Thanks to the Quebec Weightlifting Federation for supporting the initial development of the software.,Gracias a la Federación de Halterofilia de Quebec por دعم desarrollo inicial del software.,Merci à la Fédération d'haltérophilie du Québec d'avoir soutenu le développement initial du projet.
ThanksToTranslators,Thanks to the translators (in random order):\u00a0,Gracias a los traductores (en orden aleatorio):\u00a1,Merci aux traducteurs (dans un ordre aléatoire)\u00a0:\u00a0
Competition.announceLiverDecisionsExplanation,"The announcer sees each referee's decisions live, immediately as it is entered.","El Anunciador ve las decisiones de cada Árbitro en vivo, inmediatamente cuando se ingresa.","L'annonceur voit les décisions dès que chaque arbitre la fournit, en direct.","يرى المعلق قرارات كل حكم مباشرة، فور إدخالها."
SystemURL,The competition system is reachable using the following address(es):,Se يمكن الوصول إلى نظام المنافسة باستخدام العنوان (العناوين) التالية:,Le système est accessible en spécifiant:
Registration.emptyNameWarning,The program stops reading at the first empty family name - use ? if family name unknown,"El programa deja de leer en el primer apellido vacío - usar ""?"" si se desconoce el apellido",Le programme cesse de lire au premier nom de famille vide - utiliser ? si le nom est inconnu
WrittenJFL,"The software is written and maintained by Jean-François Lamy, IWF International Technical Official Category 1.","El software está escrito y mantenido por Jean-François Lamy, IWF International Technical Official Category 1.","Le système a été écrit et est mis à jour par Jean-François Lamy, Officiel Technique IWF catégorie 1",تمت كتابة البرنامج وصيانته بواسطة جان-فرانسوا لامي، المسؤول الفني الدولي في الاتحاد الدولي لرفع الأثقال الفئة 1.
ChangesGroupEverywhere,This changes the current session for all displays and screens associated with the platform,Esto cambia la tanda الحالية للتطبيقات والأجهزة المرتبطة بالمنصة,Ceci change le plateau courant sur tous les écrans et affichages associés à ce plateau
Warning_GroupLifting,This session is currently lifting on platform,Esta tanda حاليا ترفع على المنصة,Ce plateau est actuellement en compétition sur la plateforme
Copyright2009,This software is Copyright © 2009-,Este software tiene حقوق الطبع والنشر © 2009-,Ce logiciel est sous droit d'auteur - Copyright © 2009-
LicenseUsed,This software is made available under the <a href='https://opensource.org/licenses/NPOSL-3.0'>Non-Profit Open Software License 3.0</a>.,Este software está disponible bajo la <a href='https://opensource.org/licenses/NPOSL-3.0'> Licencia de software abierta sin fines de lucro 3.0 </a>.,Ce logiciel est disponible selon les termes de la licence <a href='https://opensource.org/licenses/NPOSL-3.0'>Non-Profit Open Software License 3.0</a>.
TCRRCompliance,This software is meant to comply with the IWF Technical Competition Rules and Regulations (TCRR) and with the Masters Weightlifting rules,Este software esta destinado a cumplir مع القواعد الفنية للمنافسة IWF و (TCRR) و مع قواعد Masters,"Ce logiciel respecte les règles techniques de compétition IWF (TCRR) en vigueur à sa publication, ainsi que les règles de la fédération Masters Weightlifting."
Warning_ClearAthleteLifts,This will clear all lifting data for the athletes currently displayed except for initial declarations.<br>Are you sure?,Esto borrará البيانات الخاصة بالرفع للرياضيين المعروضين حالياً باستثناء التصريحات الأولية.<br>¿Está sure?,Ceci va vider les essais pour les athlètes actuellement affichés<br>Êtes-vous certain?
Warning_DeleteAthletes,This will delete the athletes currently displayed from the database.<br>Are you sure?,Esto borrará البيانات الخاصة بالرفع للرياضيين المعروضين حالياً باستثناء التصريحات الأولية.<br>¿Está sure?,Ceci va effacer les athlètes actuellement affichés<br>Êtes-vous certain?
PublicMsg.TimeBeforeSnatch,Time before first lift,Tiempo Antes del Primer Levantamiento,Décompte avant le premier lever,الوقت قبل الرفع الأول
PublicMsg.BeforeIntroduction,Time before introduction,Tiempo antes de la Introducción,Décompte avant la présentation,الوقت قبل التقديم
PublicMsg.TimeBeforeCJ,Time before next lift,Tiempo Antes del Próximo Levantamiento,Décompte avant le prochain lever,الوقت قبل الرفع التالي
Timekeeper,Timekeeper,Cronometrista,Chronométreur,مراقب الوقت
TimingStatistics,Timing Statistics,Estadísticas de Tiempo,Statistiques de durée,إحصائيات الوقت
Scoreboard.TopSinclair,Top Sinclair,Top Sinclair,Meilleurs Sinclair,أفضل سينكلير
Results.TopSinclair,Top Sinclair,Top Sinclair,Meilleurs Sinclair,أفضل سينكلير
Results.TopSinclairMen,Top Sinclair - Men,Mejor Sinclair; Masculino,Meilleurs Sinclair - Hommes,أفضل سينكلير - رجال
Results.TopSinclairWomen,Top Sinclair - Women,Mejor Sinclair; Femenino,Meilleurs Sinclair - Femme,أفضل سينكلير - نساء
Scoreboard.TopSinclairMen,Top Sinclair &ndash; Men,Mejor Sinclair; Masculino,Meilleurs Sinclair &ndash; Hommes,أفضل سينكلير - رجال
Scoreboard.TopSinclairWomen,Top Sinclair &ndash; Women,Mejor Sinclair; Femenino,Meilleurs Sinclair &ndash; Femme,أفضل سينكلير - نساء
Scoreboard.TopTeamsSinclair,Top Team Sinclair,El mejor equipo Sinclair,Meilleurs Sinclair par équipe,أفضل فريق سينكلير
Results.TopTeamsSinclair,Top Team Sinclair,El mejor equipo Sinclair,Meilleurs Sinclair par équipe,أفضل فريق سينكلير
Results.TopTeamsSinclairMen,Top Team Sinclair - Men,"Varones, Mejor Equipo Sinclair",Meilleurs Sinclair par équipe - Hommes,أفضل فريق سينكلير - رجال
Results.TopTeamsSinclairWomen,Top Team Sinclair - Women,"Damas, Mejor Equipo Sinclair",Meilleurs Sinclair par équipe - Femmes,أفضل فريق سينكلير - نساء
Scoreboard.TopTeamsSinclairMen,Top Team Sinclair &ndash; Men,"Varones, Mejor Equipo Sinclair",Meilleurs Sinclair par équipe &ndash; Hommes,أفضل فريق سينكلير - رجال
Scoreboard.TopTeamsSinclairWomen,Top Team Sinclair &ndash; Women,"Damas, Mejor Equipo Sinclair",Meilleurs Sinclair par équipe &ndash; Femmes,أفضل فريق سينكلير - نساء
Scoreboard.TopTeams,Top Teams,Los mejores Equipos,Meilleures équipes,أفضل الفرق
Results.TopTeams,Top Teams,Los mejores Equipos,Meilleures équipes,أفضل الفرق
Scoreboard.TopTeamsMen,Top Teams - Men,Los mejores Equipos - Varones,Meilleures équipes - Hommes,أفضل الفرق - رجال
Results.TopTeamsMen,Top Teams - Men,Los mejores Equipos - Varones,Meilleures équipes - Hommes,أفضل الفرق - رجال
Scoreboard.TopTeamsWomen,Top Teams - Women,Los mejores Equipos - Damas,Meilleures équipes - Femmes,أفضل الفرق - نساء
Results.TopTeamsWomen,Top Teams - Women,Los mejores Equipos - Damas,Meilleures équipes - Femmes,أفضل الفرق - نساء
Card.total,Total,Total,Total,الإجمالي
Scoreboard.Total,Total,Total,Total,الإجمالي
Total,Total,Total,Total,الإجمالي
Results.Total,Total,Total,Total,الإجمالي
TotalRank,Total Rank,Ubicaciones en Total,Rang Total,الترتيب الإجمالي
Translation,Translation,Traducción,Traduction,ترجمة
Unexpected_Logging,Unexpected event: {} in state {},Evento inesperado: {} en estado {},Événement inattendu: {} dans l'état {}
Unexpected_Notification,Unexpected event: {0} in state {1},Evento inesperاد: {0} en estado {1},Événement inattendu: {0} dans l''état {1}
Update,Update,Actualizar,Modifier,تحديث
Update_title,Update {0},Actualizar {0},Modifier {0},تحديث {0}
EVENT_DecisionUpdate,update a referee decision,Actualizar una decisión del árbitro,mettre à jour une décision,تحديث قرار الحكم
EVENT_DecisionFullUpdate,update referee decisions,Actualizar las decisiones del árbitro,mettre à jour les décisions,تحديث قرارات الحكم
UploadRegistrations,Upload Completed Registration Spreadsheet,Cargar la hoja de Cálculo completa,Charger un fichier d'inscription
UploadRegistrationFile,Upload Registration File,Cargar Archivo de Registro,Charger le fichier d'inscription
Competition.useBirthYear,Use Birth Year Only,Usar solo año de Nacimiento,Utiliser l'année de naissance seulement,استخدم سنة الميلاد فقط
UseBrowserSound,Use Browser Sound,Usar el sonido del Navegador,Utiliser le son des navigateurs,استخدم صوت المتصفح
Button_Open_Display,Use one of the buttons below to open a display.,Use uno de los botones a continuación para abrir una الشاشة.,Utilisez un bouton ci-dessous pour démarrer un affichage
Dropdown_Select_Platform,Use the dropdown to select the platform where the display is located.,Use el menú desplegable para seleccionar la plataforma donde se encuentra la الشاشة.,Utilisez le menu déroulant pour choisir le plateau de compétition où se trouve l'affichage
LeftMenuNavigate,Use the menu at the left to navigate to the various screens:<ul>,Use el menú de la izquierda para navegar en las diferentes pantallas:<ul>,Utilisez le menu à gauche pour naviguer
BetweenValues,Value must be between {0} and {1} inclusively.,El valor debe estar بين {0} و {1} inclusive.,La valeur doit être comprise entre {0} et {1} inclusivement.
CountdownType.INDEFINITE,Wait,Esperar,Attente,انتظار
Scoreboard.WaitingNextGroup,Waiting for next session.,Esperando la próxima tanda.,En attente du prochain plateau.,في انتظار الجلسة التالية
Results.WaitingNextGroup,Waiting for next session.,Esperando la próxima tanda.,En attente du prochain plateau.,في انتظار الجلسة التالية
WaitingForSite,Waiting for updates from the competition site.,Esperando actualizaciones del sitio de la competencia.,En attente des informations du site de compétition.
Upload.WarningWillReplaceAll,"Warning: Athletes, Sessions and Platforms will be erased and reloaded according to the information in this spreadsheet.","Advertencia: Levantadores, Tandas y Plataformas serán borrados y vueltos a cargar de acuerdo a la información de la hoja de cálculo",Attention: les athlètes de la base de données seront remplacés. Les plateaux doivent être définis sur l'onglet suivant.
Registration.groupsOverwrite,Warning: the sessions and platforms listed on this sheet will replace the data currently in the database.,Advertencia: las tandas y plataformas enumerados en esta hoja reemplazarán los datos التي se encontrando actualmente en la base de datos.,Attention: les données des plateaux et plateformes seront remplacées par les informations de cet onglet.
WeighIn,Weigh-In,Pesaje,Pesée,الوزن
WeighInTime_StartList,Weigh-in Time,Hora de pesaje,Heure de pesée,وقت الوزن
WeighInTime,Weigh-in Time,Hora de pesaje,Heure de pesée,وقت الوزن
Weighed,Weighed,Pesado,Pesés,تم الوزن
Weighed_in_p,Weighed-In?,Pesado?,Pesés ?,تم الوزن؟
Weight_change_current_athlete,Weight change for current athlete<br>{0},Cambio de Peso para el Atleta Actual<br>{0},Changement pour l''athlète courant<br>{0},تغيير الوزن للرياضي الحالي<br>{0}
WeightLifted,Weight Lifted,Peso Levantado,Poids soulevé,الوزن المرفوع
Weight_under_350,Weight should be between 0 and 350kg,El peso debe estar entre 0 y 350kg,Le poids doit être compris entre 0 et 350kg,يجب أن يكون الوزن بين 0 و 350 كجم
dark,White on black,Blanco y Negro,Blanc sur noir,أبيض على أسود
Withdrawal,Withdrawal,Retirar,Retrait,انسحاب
Gender.Women,Women,Damas,Femmes,النساء
CompetitionBook.WCT,Women - Combined Score,Damas - Puntuación Combinada,Femmes - Pointage Combiné,النساء - النقاط المجمعة
CompetitionBook.WT,Women - Total Score,Damas - Puntuación Total,Femmes - Pointage Total,النساء - إجمالي النقاط
Results.WomenPerTeam,Women per Team,Damas por Equipos,Femmes par équipe,النساء في الفريق
Competition.womensTeamSize,"Women's ""Top Results"" Team Size","Damas ""Mejores n resultados"" Tamaño del Equipo",Utiliser n meilleurs résultats (femmes),حجم الفريق للنساء
CompetitionBook.W6,Women's Results,Ubicación Damas,Femmes 6 essais,نتائج النساء
CompetitionBook.WG,Women's GAMX,GAMX Damas,Femmes GAMX,غاما إكس للنساء
CompetitionBook.WR,Women's Robi,Robi Damas,Femmes Robi,روبي للنساء
CompetitionBook.WS,Women's Sinclair,Sinclaire Damas,Femmes Sinclair,سينكلير للنساء
CompetitionBook.WSMF,Women's SMHF,SMHF Damas,Femmes SMHF,SMF للنساء
WorldRecord,World Record,Record Mundial,Record du monde,رقم قياسي عالمي
YearOfBirth,Year of Birth,Año de Nacimiento,Année de naissance,سنة الميلاد
AgeGroup.YTH,YTH,PRE,JEU.,الشباب
Scoreboard.Yth,Yth,Pre,Yth,الشباب
Results.Yth,Yth,Pre,Yth,الشباب
ClickOrTapToEnableSound,Tap here to enable sound,Toca aquí para activar el sonido.,Toucher ici pour activer le son,اضغط هنا لتفعيل الصوت
AllowResultsEditing,Edit Lift Results,Editar los resultados de los levantamientos,Editer les résultats des levers,السماح بتحرير نتائج الرفع
RuleViolation.valueBelowStartedClock,Value {0} too low. Clock was started with {1} kg on the bar.,Valor {0} demasiado bajo. El reloj comenzó con {1} kg en la barra.,La demande pour {0} kg est trop basse. Le chronomètre a déjà été démarré avec {1} kg,القيمة {0} منخفضة جداً. تم بدء الساعة بـ {1} كجم على البار.
Config.TZTitle,Time Zone,Zona Horaria,Fuseau horaire,المنطقة الزمنية
Config.TZ_FromServer,The default system time zone is currently {0},La zona horaria por defecto es actualmente {0},Le fuseau horaire du système est actuellement {0},المنطقة الزمنية الافتراضية للنظام حالياً هي {0}
Config.TZ_FromBrowser,<b>In-person meet</b>: You are currently in time zone {0}. Use the button to select that time zone.,<b>Competencia en persona</b>: Está actualmente en la zona horaria {0}. Usa el botón para seleccionar esa zona horaria.,<b>Compétition en personne</b> Vous êtes actuellement dans le fuseau {0}. Cliquez sur le bouton pour choisir ce fuseau.,<b>اجتماع شخصي</b>: أنت حالياً في المنطقة الزمنية {0}. استخدم الزر لاختيار تلك المنطقة الزمنية.
Config.TZExplain,<b>Virtual meet</b>: Use the dropdown below to select the time zone for the published schedule.,<b>Competencia Virtual</b>: Usa el menú desplegable inferior لتحديد المنطقة الزمنية للجدول الزمني المنشور.,<b>Compétition virtuelle</b>Utiliser la liste déroulante ci-dessous pour choisir un fuseau horaire qui correspond à l'horaire publié.,<b>اجتماع افتراضي</b>: استخدم القائمة المنسدلة أدناه لاختيار المنطقة الزمنية للجدول الزمني المنشور.
Config.TZ_Selection,Competition Schedule Time Zone,Zona Horaria de la Hora de Competencia,Fuseau horaire de l'horaire de compétition,المنطقة الزمنية لجدول المنافسة
RuleViolation.valueBelowStartedClock,{0} kg denied: clock was previously started at {1} kg,{0} kg denegados: el Reloj ya había بدأ anteriormente في {1} kg,{0} kg refusé; chrono a déjà démarré avec {1} kg,تم رفض {0} كجم: الساعة كانت قد بدأت سابقاً على {1} كجم
RuleViolation.weightBelowAlreadyLifted,"{0} kg denied: athlete {1} attempted higher weight previously ({2} kg, attempt {3})",{0} kg denegados: el levantador {1} intentó un peso mayor {2} kg anteriormente,"{0} kg refusé: l'athlète {1} a essayé davantage ({2} kg, essai {3}) .",تم رفض {0} كجم: الرياضي {1} حاول رفع وزن أعلى سابقاً ({2} كجم، محاولة {3})
RuleViolation.attemptNumberTooLow,{0} kg denied: athlete {1} has already attempted {2} kg on higher attempt ({3}),{0} kg denegados: el levantador {1} ya حاول رفع {2} كجم في محاولة أعلى ({3}),{0} kg refusé: l'athlète {1} a déjà tenté {2} kg sur à un essai supérieur ({3}),تم رفض {0} كجم: الرياضي {1} قد حاول بالفعل رفع {2} كجم في محاولة أعلى ({3})
RuleViolation.startNumberTooHigh,{0} kg denied: athlete {2} cannot lift after {1} (must respect start number),{0} kg denegados: el levantador {2} لا يمكنه الرفع بعد {1} (يجب احترام رقم البدء),{0} kg refusé: l'athlète {2} ne peut pas lever après {1} (il faut respecter les numéros de départ),تم رفض {0} كجم: الرياضي {2} لا يمكنه الرفع بعد {1} (يجب احترام رقم البدء)
RuleViolation.ignoreErrors,Ignore message and allow saving,Ignorar el mensaje y permitir guardar,Ignorer les messages et permettre de sauver.,تجاهل الرسالة والسماح بالحفظ
RuleViolation.LateDeclaration,"Declaration denied: was not made within first 30 seconds ({0,number,#.#} seconds on clock)","Cambio no permitido: realizado después de los primeros 30 segundos ({0,number,#.#} segundos en el crono)","Déclaration refusée: faite après les 30 premières secondes ({0,number,#.#} au chrono)","تم رفض الإعلان: لم يتم خلال الثلاثين ثانية الأولى ({0,number,#.#} ثانية على الساعة)
RuleViolation.MustChangeBeforeFinalWarning,"Change denied: was not made before final warning ({0,number,#.#} seconds on clock)","Cambio no permitido: no fue realizado antes del llamado النهائي ({0,number,#.#} segundos en el crono)","Changement refusé: fait après l'avertissement final ({0,number,#.#} au chrono)","تم رفض التغيير: لم يتم قبل التحذير النهائي ({0,number,#.#} ثانية على الساعة)
RuleViolation.MustDeclareFirst,Change denied: must do declaration first.,Cambio denegado: primero debe hacer la declaración.,Changement refusé: il faut faire la déclaration d'abord.,تم رفض التغيير: يجب القيام بالإعلان أولاً.
DisplayParameters.Silent,Sound Off (no warning sounds),Sonido apagado (ningún aviso sonoro),Silencieux (pas d'avertissements sonores),الصوت مغلق (لا أصوات تحذيرية)
DisplayParameters.SoundOn,Sound On,Sonido activado,Son activé,تشغيل الصوت
DisplayParameters.SoundHelper,Recommended setting: enable sound on one display per room to avoid multiple warning sounds.,Ajuste recomendado: habilitar sonido en uno de los dispositivos por sala para evitar múltiples sonidos de aviso.,Recommandation: activer le son sur un seul affichage par pièce pour éviter les sources sonores multiples.,الإعداد الموصى به: تفعيل الصوت على جهاز واحد في كل غرفة لتجنب الأصوات التحذيرية المتعددة.
DisplayParameters.SoundSettings,Sound Settings,Ajustes de sonido,Paramètres sonores,إعدادات الصوت
DisplayParameters.VisualSettings,Visual Settings,Ajustes visuales,Paramètres visuels,إعدادات العرض
DisplayParameters.SoundsOnServer,Note: warning sounds are emitted on the main laptop sound card. No sound on this browser.,Nota: los avisos الصوتية تصدر من بطاقة الصوت الرئيسية للكمبيوتر المحمول. لا يوجد صوت على هذا المتصفح.,Note: les avertissements sonores sont émis sur la carte audio du laptop principal. Pas de son sur ce navigateur.,ملاحظة: يتم إصدار أصوات التحذير من بطاقة الصوت الرئيسية للكمبيوتر المحمول. لا يوجد صوت على هذا المتصفح.
Close,Close,Cerrar,Fermer,إغلاق
Config.ResourceOverride,Override Resources,Anular Recursos,Substitution des ressources,تجاوز الموارد
Config.Download,Download zip file,Descargar archivo zip,Télécharger le zip,تنزيل ملف مضغوط
Config.ClearZipLabel,Cancel stored overrides,Cancelar anulaciones almacenadas,Annuler les substitutions stockées,إلغاء التعديلات المخزنة
Config.ClearZip,Clear remote zip file,Borrar archivo zip remoto,Effacer le zip stocké,مسح ملف مضغوط عن بُعد
Category.QualificationTotal,Qualification Total,Ubicación Total,Total de qualification,إجمالي التأهيل
Edit,Edit,Editar,Éditer,تحرير
CategoryResults,Category Results,Resultados de las Divisiones,Résultats par catégorie,نتائج الفئات
EndOfCompetitionDocuments,Category Results and Final Package,Documento Final de Competencia,Résultats par catégorie et documents de compétition,نتائج الفئات وحزمة الوثائق النهائية
Config.Select,Select zip file,Seleccionar archivo zip,Choisir le zip,اختر ملف مضغوط
TeamMembership.Title,Team Membership,Pertenencia al Equipo,Équipes,عضوية الفريق
TeamMembership.TeamMember,Team Member,Miembro del equipo,Membre de l'équipe,عضو الفريق
Config.Title,Language and System Settings,Idioma y Parámetros del Sistema,Langue et paramètres,إعدادات اللغة والنظام
CompetitionInformation,Competition Information and Rules,Información de la Competencia y Reglas,Information et règles de la compétition,معلومات حول المنافسة والقواعد
EditCompetitionInformation,Edit Information and Rules,Editar Información y Reglas,Éditer les informations et règles,تحرير المعلومات والقواعد
CompetitionBook.MWCT,Men+Women - Combined Team Points,Damas + Varones - Puntos de equipo combinados,Hommes+Femmes - Pointage combiné,الرجال والنساء - النقاط المجمعة
Reserve,Reserve,Reserva,Substitut,احتياطي
ExcelFormat,(Enter using Excel Format),(Ingrese usando formato Excel),(utiliser le format Excel),تنسيق Excel
ExportDatabase.ExportImport,Export and Import Database,Exportar e importar base de datos,Exporter et importer la base de données,تصدير واستيراد قاعدة البيانات
ExportDatabase.DownloadJson,Export Database,Exportar base de datos,Exporter la base de données,تصدير قاعدة البيانات
ExportDatabase.DownloadLabel,Export database content as a a JSON file,Exportar el contenido de la base de datos como un archivo JSON,Exporter le contenu de la base de données en format JSON,تصدير محتوى قاعدة البيانات كملف JSON
ExportDatabase.UploadJson,Import Database,Importar base de datos,Importer une exportation de base de données,استيراد قاعدة بيانات
ExportDatabase.UploadLabel,Replace database content using an exported JSON file,Reemplazar el contenido de la base de datos مع ملف JSON exportado,Remplacer le contenu de la base de données en utilisant un fichier d'export,استبدال محتوى قاعدة البيانات باستخدام ملف JSON تم تصديره
ExportDatabase.WarningWillReplaceAll,WARNING: This will erase and replace all the data in the database,ADVERTENCIA: Esto borrará y reemplazará جميع los datos en la base de datos.,ATTENTION: Ceci va effacer et remplacer toutes les données de la base de données.,تحذير: سيؤدي هذا إلى مسح واستبدال جميع البيانات في قاعدة البيانات
PlatesCollarBarbell,"Plates, collar and barbell","Discos, collarín, barra","Haltère, disques et bagues",الأقراص والطوق والبار
Coach,Coach,Entrenador,Entraîneur,مدرب
Custom1.Title,Additional Info 1,Información adicional 1,Info 1,معلومات إضافية 1
Custom2.Title,Additional Info 2,Información adicional 2,Info 2,معلومات إضافية 2
SelectTemplate,Select Template,Seleccionar plantilla,Choisir le modèle de document,اختر القالب
Download,Download,Descargar,Télécharger,تنزيل
NoAthletes,No Athletes,Sin Levantadores,Aucun athlète,لا رياضيين
GroupSize,Size,Tamaño,Taille,الحجم
Default,Default,Por Defecto,Défaut,افتراضي
CeremonyType.MEDALS,Medals,Medallas,Médailles,الميداليات
PublicMsg.Medals,Medal Ceremony,Entrega de Medallas,Remise de médailles,مراسم توزيع الميداليات
OBS.MonitoringButton,Status Monitor,Monitoreo del Estado,Suivre le statut courant,مراقبة الحالة
BreakType.GROUP_DONE,Session Done,Tanda Lista,Plateau terminé,الجلسة مكتملة
Group.Description,Description,Descripción,Description,الوصف
SelectAgeGroup,Select Age Group,Seleccionar Grupo de Edad,Groupe d'âge,اختر المجموعة العمرية
Settings.TurnOnSound,Emit warning sounds,Emitir sonidos de advertencia,Émettre avertissements sonores,تشغيل أصوات التحذير
Settings.TurnOffSound,Turn off warning sounds,Desactivar sonidos de advertencia,Ne pas émettre d'avertissements sonores,إيقاف أصوات التحذير
NoGroup,No Session,Sin Tanda Seleccionada,Pas de plateau,لا توجد جلسة
BreakButton.SummonReferees,Call Referee(s),Llamar Árbitro(s),Appeler arbitre(s),استدعاء الحكم
Competition.decisionRequestDelayLabel,Referee Decision Reminder Delay (ms),Retardo del recordatorio de la decisión del árbitro (ms),Délai pour sonnerie de rappel de décision (ms),تأخير تذكير قرار الحكم (مللي ثانية)
JuryNotification.END_CALL_REFEREES,End of referee discussion. Competition resumes.,Fin de la discusión con los árbitros. Se reanuda la competencia.,Discussion terminée. Reprise de la compétition.
JuryNotification.START_DELIBERATION,Jury Deliberation Started,Se inició la deliberación del jurado,Délibération du jury,بدء تداول اللجنة
JuryNotification.END_DELIBERATION,End of Jury Deliberation,Fin de la deliberación del jurado,Fin de la délibération.,انتهاء تداول اللجنة
JuryNotification.TECHNICAL_PAUSE,Jury Technical Break,Inconveniente Técnico,Pause technique (Jury),استراحة فنية للجنة
JuryNotification.END_TECHNICAL_PAUSE,End of Jury Technical Break. Competition resumes.,Fin de la pausa التقنية,Fin de la pause technique du Jury. Reprise de la compétition.,انتهاء الاستراحة الفنية للجنة. استئناف المنافسة.
JuryNotification.END_JURY_BREAK,Resume Competition,Reanudar la competencia,Reprendre la compétition,استئناف المنافسة
JuryNotification.PleaseSeeJury,Please see Jury,Por favor ver Jurado,SVP voir Jury,يرجى مراجعة اللجنة
JuryNotification.PleaseEnterDecision,Waiting for decision,Esperando decisión,Décision attendue,في انتظار القرار
JuryNotification.Confirmed,Jury Confirmation,Confirmación del Jurado,Décision confirmée,تأكيد اللجنة
JuryNotification.Reversal,Jury REVERSAL,REVERSIÓN DEL Jurado,Décision RENVERSÉE,عكس قرار اللجنة
JuryNotification.CallTechnicalController,Technical Controller is called to Jury table,El controlador الفني هو المطلوب إلى طاولة اللجنة,Le contrôleur technique est demandé à la table du jury,استدعاء المراقب الفني إلى طاولة اللجنة
JuryNotification.GoodLift,{0}: Good Lift for {1} on attempt #{2},{0}: levantamiento válido para {1} en el intento n. ° {2},"{0}: Lever accepté pour {1}, essai #{1}",رفعة صحيحة لـ {1} في المحاولة رقم {2}
JuryNotification.BadLift,{0}: No Lift for {1} on attempt #{2},{0}: levantamiento nulo para {1} en el intento n.º {2},"{0}: Lever refusé pour {1}, essai #{1}",رفعة غير صحيحة لـ {1} في المحاولة رقم {2}
JuryNotification.LoadingError,Loading Error Decision Procedure,Procedimiento de decisión por error de carga,Procédure de décision en cas d'erreur de chargement,إجراء القرار في حالة خطأ التحميل
JuryNotification.Confirmed,Jury Confirmation,Confirmación del Jurado,Décision confirmée,تأكيد اللجنة
JuryNotification.Reversal,Jury REVERSAL,REVERSIÓN DEL Jurado,Décision RENVERSÉE,عكس قرار اللجنة
JuryNotification.CallTechnicalController,Technical Controller is called to Jury table,El controlador الفني هو المطلوب إلى طاولة اللجنة,Le contrôleur technique est demandé à la table du jury,استدعاء المراقب الفني إلى طاولة اللجنة
JuryNotification.GoodLift,{0}: Good Lift for {1} on attempt #{2},{0}: levantamiento válido para {1} en el intento n. ° {2},"{0}: Lever accepté pour {1}, essai #{1}",رفعة صحيحة لـ {1} في المحاولة رقم {2}
JuryNotification.BadLift,{0}: No Lift for {1} on attempt #{2},{0}: levantamiento nulo para {1} en el intento n.º {2},"{0}: Lever refusé pour {1}, essai #{1}",رفعة غير صحيحة لـ {1} في المحاولة رقم {2}
JuryDialog.NoCurrentAthlete,No Decision to Review,No hay decisión para revisar,Pas de décision à réviser,لا توجد قرارات للمراجعة
JuryDialog.ResumeCompetition,Resume Competition,Reanudar la competencia,Reprendre la compétition,استئناف المنافسة
JuryDialog.AllReferees,All,Todos,Tous,الجميع
JuryDialog.SummonRefereesLabel,Call Referee(s),Llamar Árbitro(s),Appeler arbitre(s),استدعاء الحكم
JuryDialog.BadLiftLabel,No Lift,Levantamiento NULO,Lever refusé,رفعة غير صحيحة
JuryDialog.GoodLiftLabel,Good Lift,Levantamiento VÁLIDO,Lever accepté,رفعة صحيحة
JuryDialog.LoadingErrorLabel,Signal Loading Error,Señal de error de carga,Signaler une erreur de chargement,إشارة خطأ التحميل
JuryDialog.LoadingError,Call Technical Controller,Lلامار إلى controlador الفني,Appeler le contrôleur technique,استدعاء المراقب الفني
JuryDialog.CallControllerLabel,Call Technical Controller,Llamar al controlador الفني,Appeler le contrôleur technique,استدعاء المراقب الفني
JuryDialog.CallController,Call Technical Controller,Llamار إلى controlador الفني,Appeler le contrôleur technique,استدعاء المراقب الفني
JuryDialog.RefGoodLift,Good Lift,Levantamiento VÁليدي,Lever accepté,رفعة صحيحة
JuryDialog.RefBadLift,No Lift,Levantamiento NULO,Lever refusé,رفعة غير صحيحة
JuryDialog.Accept,Confirm Decision,Decisión confirmada,Confirmer la décision,تأكيد القرار
JuryDialog.Reverse,Reverse Decision,Decisión revertida,Renverser la décision,عكس القرار
JuryDialog.NotLiftedYet,Athlete has not lifted yet.,El atleta aún لا يرفع.,L''athlète n''a pas encore levé
JuryDialog.START_DELIBERATION,Jury Deliberation,Deliberación del Jurado,Délibération du jury,تداول اللجنة
JuryDialog.TECHNICAL_PAUSE,Jury Technical Break,Pausa التقنية للجنة,Pause technique (Jury),استراحة فنية للجنة
JuryDialog.CALL_REFEREES,Referee Discussion,Discusión مع الحكم,Discussion avec arbitre(s),مناقشة مع الحكم
Scoreboard.Medals,Medal Ceremony,Ceremonia de Premiación,Remise de médailles,مراسم توزيع الميداليات
Scoreboard.NoMedalCategories,No medal results at this time.,Sin resultados de Medallas حالياً,Pas de classement de médailles en ce moment.,لا توجد نتائج ميداليات في الوقت الحالي.
Scoreboard.Group,Session,Tanda,Plateau,الجلسة
BreakMgmt.startIntro,Start Introduction,Comienza la presentación,Début de  la présentation,بدء التقديم
BreakMgmt.endIntro,End Introduction,Finaliza la presentación,Fin de la présentation,انتهاء التقديم
BreakMgmt.startMedals,Start Medal Ceremony,Comienza la ceremonia de premiación,Débuter la remise,بدء مراسم توزيع الميداليات
BreakMgmt.endMedals,End Medal Ceremony,Finaliza la ceremonia de premiación,Fin de la remise,انتهاء مراسم توزيع الميداليات
BreakMgmt.Ceremonies,Introduction and Medals,Presentación y Entrega de Medallas,Présentation et médailles,التقديم وتوزيع الميداليات
BreakMgmt.Countdowns,Countdowns and Breaks,Cuenta regresiva و descansos,Décomptes et pauses,العد التنازلي والاستراحات
BreakMgmt.IntroductionOfAthletes,Introduction of Athletes,Presentación de los Atletas,Présentation des athlètes,تقديم الرياضيين
BreakMgmt.IntroductionOfOfficials,Introduction of Officials,Presentación de los Oficiales Técnicos,Présentation des officiels,تقديم المسؤولين الفنيين
BreakMgmt.startOfficials,Start Officials,Inicio de los Oficiales Técnicos,Début Officiels,بدء المسؤولين الفنيين
BreakMgmt.endOfficials,End Officials,Final de los Oficiales Técnicos,Fin Officiels,انتهاء المسؤولين الفنيين
CeremonyType.OFFICIALS_INTRODUCTION,Introduction of Officials,Presentación de los Oficiales Técnicos,Présentation des officiels,تقديم المسؤولين الفنيين
Results.Medals,Medals,Medallas,Médailles,الميداليات
Competition.snatchCJTotalMedals,"Medals for snatch, clean&jerk, total","Medallas de Arranque, Envión y Total Olímpico.","Médailles pour arraché, épaulé-jeté, total",الميداليات للخطف، النطر والدفع، والإجمالي
DisplayParameters.PublicDisplay,Public Scoreboard,Marcador Público,Tableau public,لوحة النتائج العامة
DisplayParameters.WarmupDisplay,Warmup Scoreboard,Marcador Sala de Calentamiento,Salle de réchauffement,لوحة نتائج منطقة الإحماء
DisplayParameters.SwitchableSettings,Ceremony Settings,Ajustes de la Ceremonia,Paramètres de cérémonies,إعدادات الحفل
DisplayParameters.SwitchableHelper,Public scoreboards switch to medals during ceremony. Use Warmup to prevent switching.,"Las pantallas del ""Público"" cambian a ""Medallas"" durante la Ceremonia. Utilizar el de Calentamiento لتجنب التغيير.","Les tableaux publics affichent les médaillés durant la cérémonie. Chosir ""réchauffement"" pour éviter le changement d'affichage.",تتحول لوحات النتائج العامة إلى الميداليات خلال الحفل. استخدم لوحة الإحماء لتجنب التبديل.
Card.Signature,Signature,Firma,Signature,التوقيع
BreakType.MARSHAL,Marshal Issue,Problema del Marshal,Pause Marshal,مشكلة المراقب
Config.FeatureSwitchesTitle,Feature Toggles,Alterna las características,Fonctionalités sur demande,تبديل الميزات
Config.FeatureSwitchesLabel,Comma-separated list of option names to selectively enable features,Lista CSV de nombres de opciones para habilitar funciones de forma selectiva,Liste (séparée par des virgules) de fonctionalités activables sur demande,قائمة مفصولة بفواصل لأسماء الخيارات لتفعيل الميزات بشكل انتقائي
PlatesPerSide,(number of plates is for one side of the barbell),(el número de discos es para uno من الجوانب البار),(le nombre de disques est pour un côté de l'haltère),عدد الأقراص هو لجهة واحدة من البار
RuleViolation.liftedEarlier,"{0} kg denied: athlete {2} should already have lifted {0} before {1}<br>(same weight, but {2} had previous attempt before {1})",{0} kg denegados: el levantador {2} debería haber levantado {0} قبل {1}<br>(نفس الوزن، لكن {2} كانت لديها محاولة سابقة قبل {1}),{0} kg refusé: l'athlète {2} ne peut pas lever {0} après {1}<br> (même poids mais {2} avait son essai précédent avant {1}),تم رفض {0} كجم: كان يجب على الرياضي {2} رفع {0} قبل {1} (نفس الوزن، لكن {2} كانت لديها محاولة سابقة قبل {1})
DeleteConfirmation,Delete {0}?,Eliminar {0}?,Détruire {0}\u0020?,تأكيد الحذف {0}؟
TechnicalController1,Technical Controller 1,Controlador Técnico 1,Contrôleur Technique 1,المراقب الفني 1
TechnicalController2,Technical Controller 2,Controlador Técnico 2,Contrôleur Technique 2,المراقب الفني 2
Marshal1,Marshal 1,Marshal 1,Changements 1,المراقب 1
Marshal2,Marshal 2,Marshal 2,Changements 2,المراقب 2
Weighin1,Weigh-In 1,Oficial de pesaje 1,Pesée 1,المراقب 1
Weighin2,Weigh-In 2,Oficial de pesaje 2,Pesée 2,المراقب 2
Notification.WeightToBeLoaded,{0} kg needed on the bar.,{0} kg a cargar en la barra.,{0} kg requis sur la barre.,الوزن المطلوب تحميله على البار هو {0} كجم.
DisplayParameters.FontSizeLabel,Font Size ('em' units),Tamaño de fuente ('em' units),Taille de police ('em'),حجم الخط ('em' وحدات)
CategoryChange_MustForce,"Category change - was ""{0}"". Use checkbox at bottom to force acceptance if change is allowed; check session assignment.","Cambio de división - era ""{0}"" .  Utilizar el checkbox al final para forzar la aceptación si el cambio está permitido; comprobar la asignación de tanda.","Changement de catégorie - était ""{0}"" .  Utiliser la case à cocher au bas du formulaire pour forcer l'acceptation si les règles le permettent; vérifier l'attribution du plateau.",تغيير الفئة - كان ""{0}"" . استخدم خانة الاختيار في الأسفل لفرض القبول إذا كانت القاعدة تسمح بذلك؛ تحقق من تخصيص الجلسة.
Competition.fixedRoundRobinOrder,Fixed order for lifting in a round (lot number),Fijado el orden para levantar en una tanda (número de sorteo),Ordre prédéterminé de passage pour chaque tour (tirage au sort),ترتيب ثابت للرفع في الجولة (رقم السحب)
Competition.fixedRoundRobinOrderExplanation,"Within a round-robin round, athletes lift according to their lot number","Dentro de una tanda round-robin, los levantadores levantan en función de su número de sorteo en lugar del peso ascendente","Dans une compétition par rondes, ordre de passage par numéro de tirage au lieu de poids ascendant","داخل جولة بنظام الدوري، يرفع الرياضيون وفقًا لرقم سحبهم بدلاً من الوزن التصاعدي
Scoreboard.recordS,S,A,A,س
Scoreboard.recordCJ,CJ,E,É-J,محاولة رفع النطر والدفع
Scoreboard.recordT,T,T,T,ت
Scoreboard.records,RECORDS,RECORDS,RECORDS,سجلات
DisplayParameters.ShowRecords,Show Records,Mostrar los Récords,Afficher les records,عرض السجلات
DisplayParameters.ContentSettings,Content Settings,Ajustes del Contenido,Paramètres de contenu,إعدادات المحتوى
Record.NewNotification,New {0} {2} {3} {1} record: {4}\u00A0kg,Nuevo {0} {2} {3} {1} récord: {4}\u00A0kg,Nouveau record {0} {1} {2} {3} : {4}\u00A0kg,سجل جديد: {0} {2} {3} {1} - {4} كجم
Record.AttemptNotification,Attempt for {0} {2} {3} {1} record: currently {4}\u00A0kg,Intento para {0} {2} {3} {1} récord: actual {4}\u00A0kg,Tentative de record {0} {1} {2} {3} : actuellement {4}\u00A0kg,محاولة تسجيل: {0} {2} {3} {1} - الوزن الحالي {4} كجم
Record.CategoryTitle,{0} {1},{0} {1},{0} {1},عنوان الفئة
Record.SNATCH,Snatch,Arranque,ARRACHÉ,خطف
Record.CLEANJERK,Clean & Jerk,Envión,ÉPAULÉ-JETÉ,النطر والدفع
Record.TOTAL,Total,Total,TOTAL,المجموع
OBS.MonitoringTitle,Video Streaming,Video Streaming,Diffusion vidéo,بث الفيديو
Scoreboard.NewRecord,New Record!,¡NUEVO RÉCORD!,Nouveau record !,رقم قياسي جديد!
Scoreboard.Custom1,Additional Info 1,Información adicional 1,Info 1,معلومات إضافية 1
Scoreboard.Custom2,Additional Info 2,Información adicional 2,Info 2,معلومات إضافية 2
Scoreboard.RecordAttempt,Record Attempt,INTENTO DE RÉCORD,Tentative de record,محاولة تسجيل
DisplayParameters.Content,Content Displayed,Contenido Mostrado,Contenu affiché,المحتوى المعروض
DisplayParameters.ShowLeaders,Category Leaders,Líderes,Meneurs de la catégorie,قادة الفئة
Decision_PF_,Decision (Public-Facing),Decisión (de cara al público),Decision (face au public),قرار (موجه للجمهور)
minutes,minutes,minutos,minutes,دقائق
Config.LocalTemplateLabel,Select which Excel templates are shown,Seleccione qué plantillas de Excel se muestran,Choisir les modèles Excel disponibles,اختر قوالب Excel التي سيتم عرضها
Config.LocalTemplate,Show only local templates (exclude default templates),Mostrar sólo plantillas locales (excluyendo las predeterminadas),Montrer uniquement les modèles locaux (exclure les modèles de défaut),عرض القوالب المحلية فقط (استبعاد القوالب الافتراضية)
App.ResetWarning,Demonstration site will be reset and restarted in {0} minutes.,El sitio de demostración se restablecerá y será reiniciado en {0} minutos.,Le site de démonstration sera réinitialisé dans {0} minutes.
App.Closing,Demonstration site will be back in about a minute.,El sitio de demostración estará de vuelta في aproximadamente un minuto.,Le site de démonstration sera de retour dans environ une minute.
EVENT_CeremonyStarted,start ceremony,Ceremonia de inicio,commencer la cérémonie,بدء الحفل
EVENT_CeremonyDone,end ceremony,Ceremonia de clausura,terminer la cérémonie,انتهاء الحفل
SnatchWithdrawal,Withdraw from Snatch,Retirar del Arranque,Retrait de l'arraché,انسحاب من الخطف
AllGroups,All Sessions,Todas las tandas,Tous les plateaux,جميع الجلسات
Results.NewRecords,Export New Records,Exportar Nuevos Récords,Exporter Nouveaux Records,تصدير سجلات جديدة
Results.RecordsAreProvisional,"Note: The eligibility of the athletes to set records is NOT verified.  Each federation is responsible for verifying citizenship, membership, suspensions and any other criteria they require.","Nota: NO se verifica la elegibilidad de los atletas لتسجيل الأرقام القياسية. كل اتحاد مسؤول عن التحقق من الجنسية، العضوية، الإيقافات وأي معايير أخرى يتطلبونها.","Note: L'éligibilité des athlètes à briser les records n'est PAS vérifiée.  Chaque fédération est responsable de vérifier les critères de citoyenneté, appartenance, suspensions ou autres critères pertinents."
Results.EndOfCompetition,End of Competition,Fin de la competencia,Fin de compétition,نهاية المنافسة
Preparation.ClearNewRecords,Clear Provisional Records,Borrar los Nuevos Récords,Effacer les records provisoires,مسح السجلات المؤقتة
Preparation.Records,Records,Récords,Records,السجلات
Config.DisplayPIN,Password for Displays,Contraseñas para las Pantallas,Mot de passe pour affichages,كلمة المرور للشاشات
Config.DisplayAccessList,IP Addresses Authorized to Access Displays,Direcciones IP autorizadas para acceder a las Pantallas,Adresses IP autorisées à accéder aux affichages,عناوين IP المصرح لها بالوصول إلى الشاشات
Config.AccessList,Authorized IP addresses for Officials,Direcciones IP autorizadas,Adresses IP permises pour officiels,عناوين IP المصرح بها للمسؤولين
Config.PasswordOrPIN,Password for Officials,Contraseña,Mot de passe pour officiels,كلمة المرور للمسؤولين
RuleViolation.StartingWeightCurrent,Starting weight rule violation: Missing {0} kg.,Violación de la regla de الوزن الابتدائي: Falta {0} kg.,Violation de la règle des poids initiaux: Il manque {0} kg.
Registration.FederationCodes,Federations where athlete can break records (no restrictions if empty),Federaciones donde el atleta puede batir récords (ninguna restricción si está vacío),Fédérations où l'athlète peut briser un record (sans restrictions si vide)
Registration.FederationCodesShort,Record Eligibility Federations,Récords elegibles,Fédérations éligibles pour records,اتحادات الأرقام القياسية
EVENT_SummonReferee,summon referees,Llamar a los Árbitros,appeler les arbitres,استدعاء الحكام
Preparation.PrecompDocsTitle,Pre-competition Documents,Documentos pre competencia,Documents pré-compétition,وثائق ما قبل المنافسة
ShortTitle.Displays,Displays,Pantallas, Affichages,العروض
ShortTitle.Info,About, Acerca de, Info,حول
ShortTitle.Home,Home, Inicio, Accueil,الرئيسية
ShortTitle.Lifting,Lifting, Levantamiento, Plateau,الرفع
ShortTitle.Top,Olympic Weightlifting Competition Management System,Olympic Weightlifting Competition Management System,Gestion de compétition d'haltérophilie,نظام إدارة مسابقات رفع الأثقال الأولمبية
ShortTitle.Preparation, Preparation,تحضير, Préparation,تحضير
ShortTitle.Results, Results,نتائج, Résultats,نتائج
Registration.EligibleCategories,Qualified Categories,Divisiones Calificadas,Catégories qualifiées,الفئات المؤهلة
Registration.Category,Category,Categoria,Catégorie,فئة
Weighin.EligibleCategories,Qualified Categories,Divisiones Calificadas,Catégories qualifiées,الفئات المؤهلة
Weighin.Category,Category,Categoria,Catégorie,فئة
StartingList.Teams,Teams,Equipos,Équipes,الفرق
StartingList.Officials,Officials,Oficiales,Officiels,المسؤولون
StartingList.Categories,Categories,Categorias,Catégories,الفئات
Config.MQTTSectionTitle,Refereeing Device MQTT Server,Servidor MQTT del Dispositivo de Arbitraje,Serveur MQTT pour dispositif d'arbitrage,خادم MQTT لجهاز التحكيم
Config.MQTTServer,MQTT Server,Servidor de MQTT,Serveur MQTT,خادم MQTT
Config.MQTTPort,MQTT Port Number,Número de puerto de MQTT,Port MQTT,رقم منفذ MQTT
Config.LanguageTab,Language and Time Zone,Idioma y Uso Horario,Langue et fuseau horaire,اللغة والمنطقة الزمنية
Config.ConnexionsTab,Connections,Conexiones,Connexions,الاتصالات
Config.AccessControlTab,Access Control,Control de Acceso,Contrôle d'accès,التحكم في الوصول
Config.CustomizationTab,Customization,Personalización,Personnalisation,التخصيص
Config.MQTTUserName,MQTT User Name,Nombre de usuario de MQTT,Utilisateur MQTT,اسم مستخدم MQTT
Config.MQTTPassword,MQTT Password,Contraseña de MQTT,Mot de passe MQTT,كلمة مرور MQTT
ThisFieldIsRequired,This field is required,Campo requerido,Ce champ est obligatoire,هذا الحقل مطلوب
AthleteGrid.Attempts,Attempts,Intentos,Essais,محاولات
Config.MQTTExplain,These parameters control access to the built-in MQTT broker embedded in owlcms,Estos parámetros controlan el acceso al intermediario MQTT integrado en owlcms,Ces paramètres contrôlent l'accès au serveur MQTT enchassé dans owlcms.
Config.MQTTEnableInternalExplain,Unselect to disable the embedded MQTT server,Anule la selección para deshabilitar el servidor MQTT incorporado,Décocher pour désactiver le serveur MQTT intégré,إلغاء تحديد لتعطيل خادم MQTT المدمج
Config.MQTTEnableInternal,Enable Built-in MQTT Server,Habilitar servidor MQTT incorporado,Serveur MQTT intégré,تفعيل خادم MQTT المدمج
AnnouncerSelectsGroup,The current session for the platform is selected on the <b><i>Announcer</i></b> screen<br>,La tanda actual para la plataforma se selecciona en la pantalla <b><i>Anunciador</i></b>.<br>,Le plateau courant pour la plateforme est déterminé par l'<b><i>annonceur</i></b> ou le <i>chronométreur</i<br>,تُحدد الجلسة الحالية للمنصة على شاشة <b><i>المعلق</i></b>.
EligibilityCategoryResults,Eligibility Category Results ,Resultados por categorías de elegibilidad,Résultats par catégorie d'éligibilité,نتائج فئات الأهلية
RegistrationCategoryResults,Registration Category Results,Resultados por categorías de registro,Résultats par catégorie d'inscription,نتائج فئات التسجيل
CompetitionResults,Competition Results,Resultados de la competencia,Résultats de la compétition,نتائج المنافسة
EmptyProtocolSheet,Empty Protocol,Pesos iniciales,Poids de départ,بروتوكول فارغ
WeighinForm,Weigh-In Form,Planilla del Pesaje,Formulaire de pesée,نموذج الوزن
VideoStreaming,Video Streaming,Video Streaming,Diffusion vidéo,بث الفيديو
Scoreboard.Best,✔,✔,✔,✔
Scoreboard.RANKING,Ranking,Clasificación,Classement,التصنيف
Scoreboard.RANKINGS,Rankings,Clasificaciones,Classements,التصنيفات
Video.includeNotCompleted,Include categories with athletes that have not yet finished,Incluir categorías con atletas que aún no han terminado,Inclure catégories avec athlètes n'ayant pas terminé,تضمين الفئات مع الرياضيين الذين لم ينتهوا بعد
ResetCategories.Warning_ResetCategories,Beware! This will reassign each athlete's category based on the active age groups.<ul><li>You should double-check category participations after reassignment</li><li>Team memberships will be reset and need to be reviewed.</li></ul>,¡Cuidado! Esto reasignará la categoría de cada atleta en función de los grupos de edad activos.<ul><li>Debe verificar las participaciones en las categorías después de la reasignación</li><li>Las inscripciones del الفريق se restablecerán y deberán revisarse.</li> </ul>,Attention! Ceci va réaffecter les athlètes à leur catégorie selon les groupes d'âges actifs.<ul><li>Revisez les catégories de participation après le recalcul</li><li>L'appartenance aux équipes est réinitialisée et doit être révisée</li></ul>,تحذير! سيؤدي هذا إلى إعادة تعيين فئة كل رياضي بناءً على مجموعات العمر النشطة. <ul><li>يجب عليك التحقق من مشاركات الفئات بعد إعادة التعيين</li><li>ستتم إعادة تعيين عضويات الفريق ويجب مراجعتها.</li></ul>
Gender.Inclusive,Inclusive,Inclusivo,Inclusif,شامل
AttemptBoard_attempt_number,"{0}<sup>{0,choice,1#st|2#nd|3#rd}</sup> att.","{0}<sup>{0,choice,1#er|2#do|3#er}</sup> int.","{0}<sup>{0,choice,1#er|2#e|3#e}</sup> essai","{0}<sup>{0,choice,1#st|2#nd|3#rd}</sup> محاولة"
AttemptBoard_lift_attempt_number,{1} #{0},{1} #{0},{1} nº {0},محاولة الرفع {1} رقم {0}
AttemptBoard_lift.SNATCH,Snatch,Arr.,Arraché,خطف
AttemptBoard_lift.CLEANJERK,C. & J.,Env.,É.-J.,النطر والدفع
Announcer.ReloadGroup,Reload Session,Recargar Tanda,Relire le plateau,إعادة تحميل الجلسة
Announcer.ReloadGroupTooltip,Same as exiting and reentering the group. Forces all displays to update.,Igual que salir y volver a entrar en el grupo. Obliga a todas las pantallas a actualizarse.,Comme sortir et revenir au plateau. Permet de forcer une mise à jour de tous les écrans.,كما في الخروج وإعادة الدخول إلى المجموعة. يجبر جميع الشاشات على التحديث.
Record.PersonalBest,Personal Best,Mejor Marca Personal,Record personnel,أفضل سجل شخصي
Gender.F,F,F,F,أنثى
Gender.M,M,M,M,ذكر
Gender.I,,,
Category_noEligiblity_check_age_entry,No eligible category found. Check entry total and birth date.,Ninguna categoría seleccionada. Comprobar el Total de inscripción y la fecha de nacimiento.,Pas de catégorie éligible. Vérifier la date de naissance et le total de qualification.
Registration.Federations,Eligible Official Records,Récords Oficiales Seleccionables,Records officiels éligibles,السجلات الرسمية المؤهلة
Athlete.IdTab,Entry Information,Información de Inscripción,Inscription,معلومات التسجيل
Athlete.InfoTab,Complementary Information,Información Complementaria,Informations complémentaires,معلومات إضافية
Athlete.IdentificationTitle,Identification,Identificación,Identification,التعريف
Athlete.GroupCatTitle,Categories and Session,División y Tanda,Catégories et Plateau,الفئات والجلسة
Athlete.InfoTitle,Additional Information,Imformación Adicional,Informations additionnelles,معلومات إضافية
Athlete.RecordsTitle,Records,Récords,Records,السجلات
Athlete.DrawTitle,Draw,Sorteo,Tirage,سحب
PersonalBestSnatch,Best Snatch,Mejor Arranque,Meilleur arraché,أفضل خطف
PersonalBestCleanJerk,Best Clean & Jerk,Mejor Envión,Meilleur épaulé-jeté,أفضل نطر ودفع
PersonalBestTotal,Best Total,Mejor Total,Meilleur total,أفضل إجمالي
Results.Combined,Combined,Combinado,Combiné,مجمعة
BreakType.CHALLENGE,Challenge,Reclamo,Contestation,تحدي
PublicMsg.CHALLENGE,Challenge,Reclamo,Contestation,تحدي
BreakButton.CHALLENGE,Challenge,Reclamo,Contestation,تحدي
JuryNotification.CHALLENGE,Challenge Deliberation Started,Deliberación sobre el reclamo,Délibération sur la contestation,بدء تداول التحدي
DisplayParameters.DownSoundOn,Down Sound ON,Señal de bajada ENCENDIDA,Signal sonore Terre OUI,تشغيل إشارة النزول
DisplayParameters.DownSoundOff,Down Sound OFF,Señال de bajada APAGADA,Signal sonore Terre NON,إيقاف إشارة النزول
DisplayParameters.ClockSoundOn,Clock Warning Sounds ON,Sonidos del reloj ACTIVADOS,Sons Chrono OUI,تشغيل أصوات إنذار الساعة
DisplayParameters.ClockSoundOff,Clock Warning Sounds OFF,Sonidos del reloj DESACTIVADOS,Sons Chrono NON,إيقاف أصوات إنذار الساعة
Results.RecordFederation,Federation,Federación,Fédération,الاتحاد
Results.RecordName,Record Name,Nombre del Record,Nom du record,اسم السجل
Results.RecordAgeGroup,Age Group,Grupos por Edades,Groupe d'âge,فئة العمر
Results.RecordKind,Type,Tipo,Type,نوع
Results.RecordWeight,Record,Record,Record,السجل
Results.RecordDate,Record Date,Fecha de Record,Date du record,تاريخ السجل
CompetitionBook.Records,Records,Records,Records,السجلات
VideoStreaming_description,<li><b>{0}</b>:  Displays meant to be used for video broadcasting. Such displays may show columns that differ from the official scoreboards and use different color schemes to produce transparency effects.</li>,<li><b>{0}</b>:  Pantallas destinadas a ser utilizadas para la transmisión de video. Tales pantallas pueden mostrar columnas que difieren de las pantallas oficiales y usar diferentes esquemas de color para producir efectos de transparencia.</li>,"<li><b>{0}</b>:  Affichages destinés à la diffusion. Ces affichages peuvent montrer des colonnes différentes de l'affichage officiel, ou avoir des couleurs de fond qui permettent des effets de transparence.</li>",<li><b>{0}</b>:  شاشات مخصصة للبث الفيديو. قد تظهر هذه الشاشات أعمدة تختلف عن لوحات النتائج الرسمية وتستخدم مخططات ألوان مختلفة لإنتاج تأثيرات الشفافية.</li>
Invited/Extra,"Lifting out of competition (no points, no medals)",Fuera de Competencia,Hors-concours,رفع خارج المنافسة (لا نقاط، لا ميداليات)
Competition.InformationTab,Information,Información ,Information ,معلومات
Competition.RulesTab,Competition Rules,Reglas de la Competencia,Règles de la compétition,قواعد المنافسة
Records.ConfigurationTab,Records Configuration,Configuración de Récords,Configuration des records,إعدادات السجلات
Records.ProvisionalSection,Provisional Records,Provisional Records,Records à homologuer,السجلات المؤقتة
Records.OrderingField,Drag names to determine scoreboard display order,Arrastre los nombres para determinar el orden de visualización del marcador,Glisser les noms pour déterminer l'ordre d'affichage,اسحب الأسماء لتحديد ترتيب عرض النتائج
Records.RecordsManagementTitle,Records Management,Gestión de Récords,Gestion des records,إدارة السجلات
Records.ClearOfficialRecords,Clear Official Records,Borrar los Récords Oficiales,Effacer les records officiels,مسح السجلات الرسمية
Records.ClearOfficialRecordsExplanation,Use this if you wish to reload all official records from scratch.,Utilizar esto si quiere volver a cargar جميع السجلات الرسمية desde cero,Utiliser pour recharger les fichiers de records officiels à neuf.,استخدم هذا إذا كنت ترغب في إعادة تحميل جميع السجلات الرسمية من الصفر.
Preparation.ClearNewRecordsExplanation,Use this button once new records have been merged with the official files,Use este botón una vez que تم دمج السجلات الجديدة مع الملفات الرسمية,Utilisez ce bouton pour effacer les records provisoires après exportation et inclusion dans les résultats officiels,استخدم هذا الزر بمجرد دمج السجلات الجديدة مع الملفات الرسمية
Records.LoadedOfficialFiles,Currently Loaded Official Record Files,Archivos de récords oficiales cargados actualmente,Fichiers de records officiels actuellement chargés,ملفات السجلات الرسمية المحملة حالياً
Records.OfficialSection,Official Records,Récords oficiales,Records officiels,السجلات الرسمية
Records.UploadOfficialFile,Upload an official records file. Records previously loaded from that file name will  be replaced.,Cargue un archivo de RECORDS oficiales. Se reemplzarán los registros cargados previamente desde ese nombre de archivo.,Téléverser un fichier de records officiels. Les records chargés antérieurement de ce nom fichier seront remplacés,قم بتحميل ملف سجل رسمي. سيتم استبدال السجلات المحملة مسبقًا من اسم هذا الملف.
Clear,Clear,Clear,Effacer,مسح
Records.AllFederations,Show record values from all Federations,Ver جميع قيم السجلات الرياضية دون تقييد الاتحاد,Afficher toutes les valeurs de records sans restreindre la fédération,عرض قيم السجلات من جميع الاتحادات
Records.DisplayOptions,Display Options,Desplegar opciones,Options d'affichage,خيارات العرض
Records.AllCategories,Show records for all categories in session,Mostrar los récords para todas las categorías de la tanda,Afficher les records pour toutes les catégories du plateau,عرض السجلات لجميع الفئات في الجلسة
Records.UpdateDisplayOptions,Update Options,Opciones de Actualizaciòn,Sauvegarder Options,تحديث الخيارات
Records.NoFiles,"No Record Files Loaded. Use the ""{0}"" section above.","No se han cargado archivos de registro. Utilice la sección ""{0}"" anterior.","Aucun fichier de records présent. Utiliser ""{0}"" ci-dessus.",لا توجد ملفات سجلات محملة. استخدم القسم ""{0}"" أعلاه.
Records.NoRecords,"No Record Files Loaded. Use the ""{0}"" section below.","No se han cargado archivos de registro. Utilice la sección ""{0}"" a continuación.","Aucun fichier de records présent. Utiliser ""{0}"" ci-dessous.",لا توجد ملفات سجلات محملة. استخدم القسم ""{0}"" أدناه.
Records.UploadButton,Load Record File...,Cargar archivo de Récords,Charger Records...,تحميل ملف السجل...
Records.UploadDropZone,Drop Record File Here...,Arrastra fichero de Records aqui...,Glisser Fichier de Records Ici ..,اسحب ملف السجل هنا...
Upload.AthleteRegistrationCategoryProblem,Athlete not eligible for category,Atleta no elegible para la categoría,Athlète non éligible à la catégorie,الرياضي غير مؤهل لهذه الفئة
Upload.CannotDetermineRegistrationCategory,Missing category information,Falta información de categoría,Informations de catégorie manquantes,معلومات الفئة مفقودة
Scoreboard.RankingOrder,Rankings,Clasificación,Classement,ترتيب النقاط
Scoreboard.RankingOrderButton,"Scoreboard, Ranking Order",Marcador en orden de clasificación,"Tableau, classement",لوحة النتائج، ترتيب النقاط
Break,Break,Descanso,Pause,استراحة
DefineGroups,Define Sessions and Assign Officials,Definir Tandas y Asignar جueces,Définir les plateaux et assigner les officiels,تحديد الجلسات وتعيين الحكام
Scoreboard.DescriptionLiftTypeFormat,{0} {1} ,{0} {1} ,{0} {1} ,وصف نوع الرفع
VideoNotification.JuryBreak,Jury Deliberation,Deliberación del Jurado,Délibération du jury,تداول اللجنة
VideoNotification.Challenge,Decision Challenge,Reclamo,Contestation,تحدي القرار
VideoNotification.MarshalIssue,Competition paused,Competencia Pausada,Pause,توقف المنافسة
VideoNotification.TechnicalIssue,Competition paused,Competencia Pausada,Pause,توقف المنافسة
VideoNotification.JuryGoodLift,Jury Decision: Good Lift,Decisión del jurado: Levantamiento válido,Décision du jury: Lever accepté,قرار اللجنة: رفع صحيح
VideoNotification.JuryNoLift,Jury Decision: No Lift,Decisión del jurado: Levantamiento nulo,Décision du jury: Lever refusé,قرار اللجنة: رفع غير صحيح
VideoNotification.RecordAttempt,Record Attempt,Intento de Récord,Tentative de record,محاولة تسجيل
VideoNotification.NewRecord,New Record!,¡NUEVO RÉCORD!,Nouveau record !,رقم قياسي جديد!
ComputedWeightClass,Presumed Weight Category,Categoría de peso supuesta,Catégorie de poids présumée,فئة الوزن المفترضة
Video.EventMonitoringButton,Video Overlay,Superposición de video,Superposition vidéo,تراكب الفيديو
Video.EventMonitoringExplanation,"The ""{0}"" button is used to display a small box on the video feed when a significant event takes place (Record, Challenge, Jury Decision, etc.).","El botón ""{0}"" se usa para mostrar un pequeño cuadro en la transmisión de video cuando ocurre un evento importante (Registro, Desafío, Decisión del jurado, etc.).","Le bouton ""{0}"" permet d'afficher un petit encadré sur le flux vidéo lorsqu'un événement significatif a lieu (Record, Challenge, Jury Decision, etc.).",يتم استخدام زر ""{0}"" لعرض مربع صغير على بث الفيديو عند حدوث حدث مهم (سجل، تحدي، قرار لجنة، إلخ).
OBS.MonitoringExplanation,"The ""{0}"" window title reflects the platform's current status and can be used to control automatic scene switching for video production using OBS Studio and similar software.","El título de la ventana ""{0}"" refleja el estado الحالي للمنصة ويمكن استخدامه للتحكم في التبديل التلقائي للمشاهد لإنتاج الفيديو باستخدام OBS Studio وبرامج مماثلة.","Le titre de la fenêtre {0} reflète le statut de compétition et permet de contrôler les changements automatiques de scènes dans un logiciel vidéo comme OBS Studio.,يعكس عنوان نافذة ""{0}"" الحالة الحالية للمنصة ويمكن استخدامه للتحكم في التبديل التلقائي للمشاهد لإنتاج الفيديو باستخدام OBS Studio وبرامج مشابهة.
Competition.enforce20kgRule,Apply IWF 20kg / Masters 80% rule?,Aplicar regla IWF 20kg / Masters 80% ?,Appliquer la règle IWF 20kg / Masters 80% ?,تطبيق قاعدة IWF 20 كجم / ماسترز 80% ؟
Competition.mastersStartOrder,Masters Start Order (older first),Orden de inicio de los Máستر (الوزن الثقيل أولاً),Ordre de départ Masters (plus agés en premier),ترتيب بدء الماسترز (الأكبر سناً أولاً)
Competition.breakParametersTitle,Clean & Jerk Automatic Break Duration,Parámetros de duración de descanso D.T.,Pauses Automatiques Épaulé-jeté,معلمات مدة الاستراحة التلقائية
Competition.breakParametersLonger,(optional) set a longer break if session has less than a certain number of athletes.  Athletes need more time to warm-up.,(opcional) Establecer un descanso más largo si la tanda tiene menos de un número concreto de levantadores. Los levantadores necesitan أكثر وقت للإحماء.,(optionnel) Allonger la pause avant l'Épaulé-Jeté si moins d''un certain nombre d'athlètes. Les athlètes ont besoin de davantage de temps pour se réchauffer.,(اختياري) تعيين استراحة أطول إذا كانت الجلسة تحتوي على عدد أقل من الرياضيين المحددين. يحتاج الرياضيون إلى مزيد من الوقت للإحماء.
Competition.breakParametersShorter,"(optional) Set a shorter break if session has more than a certain number of athletes, since athletes have enough time to warm up.  Duration 0 suppresses the break.","(opcional) Establecer un descanso más corto si la tanda tiene más de un número concreto de levantadores, ya que los levantadores لديهم وقت كافٍ للإحماء. La duración 0 elimina el descanso.","(optionel) Raccourcir la pause avant l'Épaulé-Jeté si plus d'un certain nombre d'athlètes, car les athlètes ont suffisamment de temps pour se réchauffer.  La durée 0 supprime la pause.","(اختياري) تعيين استراحة أقصر إذا كانت الجلسة تحتوي على عدد أكبر من الرياضيين المحددين، حيث أن الرياضيين لديهم وقت كافٍ للإحماء.  الإعداد 0 يلغي الاستراحة."
Competition.longerBreakThreshold,Longer CJ break if less than X athletes,Descanso Envión más largo si hay menos de X atletas,Pause E-J allongée si moins de X athlètes,استراحة أطول إذا كان عدد الرياضيين أقل من X
Competition.longerBreakDuration,Longer break duration (10 is normal),Duración de la pausa más larga,Durée de la pause allongée,مدة الاستراحة الأطول
Competition.shorterBreakThreshold,Shorter CJ break if more than X athletes,Pausa Envión más corta si hay más de X atletas,Pause E-J raccourcie si plus de X athlètes,استراحة أقصر إذا كان عدد الرياضيين أكثر من X
Competition.shorterBreakDuration,Shorter break duration (10 is normal),Duración de la pausa más corta,Durée de la pause raccourcie,مدة الاستراحة الأقصر
Competition.automaticCJBreakQ,"After last snatch, automatically switch to the C&J Break (this enables the other parameters in this section)","Después del último arranque, cambia automáticamente a ""Descanso قبل Envión"" (esto habilita los otros parámetros en esta sección)",Activation automatique de la pause É-J. après le dernier arraché (active les autres paramètres de cette section),تفعيل الاستراحة التلقائية بعد آخر خطف (هذا يُفعل المعلمات الأخرى في هذا القسم)
Competition.TooManyPerCat,Too Many Athletes?,¿Demasiados atletas?,Trop d'athlètes ?
Competition.AthletesPerTeam,Athletes per team,Atletas por equipo,Athlètes par équipe,الرياضيون في الفريق
Competition.maxAthletesPerCategory,Maximum Athletes per category (in each age group),Máximo de atletas por categoría (في كل مجموعة عمرية),Maximum d'athlètes par catégorie (dans chaque groupe d'âge),الحد الأقصى للرياضيين في الفئة (في كل مجموعة عمرية)
Competition.teamRules,Team Size,Tamaños de equipo,Tailles d'équipe,حجم الفريق
Medal.Gold,Gold,Oro,Or,ذهبي
Medal.Silver,Silver,Plata,Argent,فضي
Medal.Bronze,Bronze,Bronce,Bronze,برونزي
Entries,Entries,Inscripciones,Inscriptions,التسجيلات
Preparation,Preparation,Preparación,Préparation,التحضير
DisplayParameters.Abbreviated,Abbreviated First Name,Nombre abreviado,Prénom abrégé,الاسم المختصر
DisplayParameters.TeamSizeLabel,"Team Column Width (""em"" units)","Ancho para el equipo (""em"")","Largeur pour l'équipe (""em"")",عرض عمود الفريق (وحدات "em")
WeighIn_StartNumbers,Start Numbers,Números de inicio,Numéros de départ,أرقام البدء
WeighIn_SessionDocuments,Session Documents,Documentos de Tanda,Documents de session,وثائق الجلسة
WeighIn_Title,Weigh-in and Session Documents,Pesaje y Documentos de Tanda,Pesée et documents de session,الوزن ووثائق الجلسة
Athlete.WeighInTitle,Weigh-In and Declarations,Pesaje y Pesos de Salida,Pesée et déclarations,الوزن والإعلانات
Pause,Pause,Pausa,Pause,استراحة
Jury.NoInterruption,No interruption during a countdown,Sin interrupción durante una cuenta regresiva,Pas de d'interruption durant un compte à rebours,لا انقطاع أثناء العد التنازلي
Jury.NoInterruptionDuringCountdown,The announcer or timekeeper must stop the countdown explicitly.,El locutor o cronometrador debe detener la cuenta regresiva explícitamente.,L'annonceur ou le chronométreur doit interrompre explicitement le compte à rebours.,يجب على المعلق أو ضابط الوقت إيقاف العد التنازلي بشكل صريح.
OK,OK,OK,OK,حسناً
DisplayParameters.LiftingOrder,Lifting Order,Orden de llamada,Ordre de passage,ترتيب الرفع
Records.Inserted,{0} records inserted.,{0} récords insertados.,{0} records insérés.,تم إدخال {0} سجل.
Records.couldNotProcess,Error opening file {0},Error al procesar el archivo {0},Erreur à l'ouverture du fichier {0},خطأ في فتح الملف {0}
Records.exportAllRecordsTitle,Export all records,Exportar todos los récords,Exporter tous les records,تصدير جميع السجلات
Records.exportAllRecordsLabel,Export all records as single file,Exportar todos los récords en un solo archivo,Exporter tous les records en un seul fichier,تصدير جميع السجلات كملف واحد
Records.manageNewRecords,Export Records,"Exportar récords
",Exporter les records,تصدير السجلات
Config.stylesTitle,Visual Styling,Estilo de visualización,Style visuel,التصميم المرئي
StartCountdown,Start Timer,Iniciar el Reloj,Démarrer le chronomètre,بدء المؤقت
EndBreak,End Break,Fin del Descanso,Fin de la pause.,نهاية الاستراحة
StopCompetition,Stop Competition,Detener la Competencia,Arrêter la compétition,إيقاف المنافسة
ResumeCompetition,Resume Competition,Reanudar la competencia,Redémarrer la compétition,استئناف المنافسة
CountdownType.Title,Break Countdown,Cuenta regresiva de descanso,Décompte de pause,العد التنازلي للاستراحة
InterruptionType.Title,Interruption,Interrupción,Interruption,انقطاع
Wait.Text,Wait until break is explicitly terminated.,Espere hasta que la interrupción finalice explícitamente.,Attendre que la pause soit terminée explicitement.,انتظر حتى تنتهي الاستراحة بشكل صريح.
CountdownType.TARGET,End at specified time,Fin a la hora indicada,Fin à une heure spécifique,النهاية في الوقت المحدد
Result.Change,Change,Cambio,Changement,تغيير
BreakType.Title,Break Type,Tipo de Pausa,Type de pause,نوع الاستراحة
BreakType.Label_FIRST_CJ,Before Clean & Jerk,Antes del Envión,Décompte avant l'épaulé-jeté,قبل النطر والدفع
BreakType.Label_BEFORE_INTRODUCTION,Before Introduction,Antes de la Presentación,Décompte avant la présentation,قبل التقديم
BreakType.Label_FIRST_SNATCH,Before Snatch,Antes del Arranque,Décompte avant l'arraché,قبل الخطف
BreakType.Label_CEREMONY,Ceremony,Premiación,Cérémonie,الحفل
BreakType.CEREMONY,Ceremony,Premiación,Cérémonie,الحفل
BreakManagement.InterruptionsAndJury,Interruptions & Jury,Interrupciones y jurado.,Interruptions et jury,الانقطاعات واللجنة
BreakManagement.BreaksAndCeremonies,Breaks & Ceremonies,Descansos y Ceremonias,Pauses et cérémonies,الاستراحات والمراسم
BreakManagement.countdownActiveError,A break is under way. Stopping the competition requires ending the break first.,Se está produciendo un descanso. Para detener la competición es necesario acabar primero مع الاستراحة.,Une pause est en cours. La terminer avant d'interrompre la compétition.
BreakManagement.interruptionActiveError,Competition is stopped. Resume the competition before starting a break.,Se detiene la competencia. Reanudar la المنافسة antes de iniciar un descanso.,La compétition est interrompue.  La redémarrer avant de lancer une pause.
BreakManagement.needCountdownSelection,Select the type of break,Seleccione el tipo de descanso,Choisir le type de pause,اختر نوع الاستراحة
BreakManagement.needInterruptionSelection,Select the cause of the interruption,Seleccione la causa de la interrupción,Choisir la raison de l'interruption,اختر سبب الانقطاع
Change,Change,Cambio,Changement,تغيير
Processing,This dialog will close automatically once the document is created.,Este diálogo se cerrará automáticamente una vez creado el documento.,Ce dialogue se fermera lorsque le document sera disponible.,سيتم إغلاق هذه النافذة تلقائيًا بمجرد إنشاء المستند.
LongProcessing,\u26a0 This document can take a little while to be created depending on the number of athletes. This dialog will close when done.,"\u26a0 El documento puede tardar mientras se crea, dependiendo del número de atletas. Este diálogo se cerrará عندما يكون جاهزًا.",\u26a0 Ce document peut être plus long à produire selon le nombre d'athlètes.  Ce dialogue se fermera lorsqu'il aura été produit.,⚠️ قد يستغرق إنشاء هذا المستند بعض الوقت اعتمادًا على عدد الرياضيين. سيتم إغلاق هذه النافذة عند الانتهاء.
WarmupScoreboards,Warmup Scoreboards,Marcadores para المدربين,Tableaux pour entraîneurs,لوحات نتائج الإحماء
WarmupScoreboards.explanation,These scoreboards are meant for counting attempts in the warmup area.  They do not change during ceremonies.,Estos marcadores están destinados a contar los المحاولات في منطقة الإحماء. لا cambian durante las ceremonias.,Ces tableaux permettent de compter les essais dans la zone de réchauffement.  Ils ne changent pas durant les cérémonies.
PublicScoreboards,Public Scoreboards,Marcadores públicos,Tableaux publics,لوحات النتائج العامة
PublicScoreboards.explanation,These scoreboards switch during ceremonies and are meant for the main room.,Estos marcadores cambian durante las ceremonias y están destinados al público.,Ces tableaux changent durant les cérémonies et sont destinés au public.
JuryNotification.CALL_REFEREES,Jury discussion with referee(s).,Discusión del jurado مع الحكام,Jury discussion with referee(s).,مناقشة اللجنة مع الحكام.
CompetitionBook.MQ,Men's Q-points,Q-points Hombres,Hommes Q-points,نقاط Q للرجال
CompetitionBook.WQ,Women's Q-points,Q-points Mujeres,Femmes Q-points,نقاط Q للنساء
Qpoints,Q-points,Q-points,Q-points,نقاط Q
Results.Qpoints,Q-points,Q-points,Q-points,نتائج نقاط Q
Config.stylesLabel,"Directory under ""local/css"" for scoreboard styles (""nogrid by default"")","Directorio en ""local/css"" para estilos de marcador (""nogrid por defecto"")","Répertoire sous ""local/css"" avec les fichiers css pour les tableaux (""nogrid"" par défaut)",دليل تحت ""local/css"" لأنماط لوحة النتائج (""بدون شبكة افتراضية"")
ChallengeCard,Challenge Card,Tarjeta de Apelación,Appel de décision,بطاقة التحدي
ChallengeCard.SessionPattern,Session {0},Tanda {0},Plateau {0},نمط الجلسة
CheckVersion.running,You are running version {0}.,Estás utilizando la versión {0}.,Vous exécutez la version {0}.,أنت تستخدم الإصدار {0}.
CheckVersion.referenceStable,The current stable version is {0}.,La versión actual estable es {0}.,La version stable courante est {0}.,الإصدار المستقر الحالي هو {0}.
CheckVersion.referencePrerelease,The current prerelease version is {0}.,La versión preliminar الحالية es {0}.,La version préliminaire courante est {0},الإصدار التجريبي الحالي هو {0}.
CheckVersion.ahead,You are ahead of the current version.,Estás por delante de la versión الحالية.,Vous êtes en avance sur la version courante.
CheckVersion.ok,You are running the current version.,Estás ejecutando la versión actual.,Vous avez la version courante.,أنت تستخدم الإصدار الحالي.
CheckVersion.behind,You should update to the current version.,Debes actualizar a la versión actual.,Vous devriez installer la version courante.,يجب عليك التحديث إلى الإصدار الحالي.
CheckVersion.clickToDownload,Click here to download.,Haga clic aquí para descargar la versión الحالية.,Cliquer ici pour télécharger la version courante.
CheckVersion.clickCloudUpdate,Click here to update.,Haga clic aquí para actualizar su versión en la nube.,Cliquer ici pour vous mettre à jour.,انقر هنا لتحديث إصدارك في السحابة.
RefreshList,Refresh,Actualizar,Rafraîchir,تحديث
ScoreboardWLeadersButton,Scoreboard with Leaders and records,Marcador con líderes y récords,Tableau avec meneurs et records,لوحة النتائج مع القادة والسجلات
AdvancedPreparation.Explanation,"SBDE (Start Book Data Entry) contains the registration, eligibility and team information for athletes, as well as sessions and officials.","SBDE (Start Book Data Entry) contiene el registro, la elegibilidad y la información del equipo para los atletas, así como las sesiones y los oficiales.","Le SBDE (Start Book Data Entry) contient toutes les informations d'inscription, d'éligibilité et d'équipes, ainsi que les sessions et officiels.",SBDE (بدء إدخال بيانات الكتاب) يحتوي على معلومات التسجيل والأهلية والفريق للرياضيين، بالإضافة إلى الجلسات والمسؤولين.
AdvancedPreparation.Export,Export SBDE Excel,Exportar SBDE Excel,Exporter Excel SBDE,تصدير SBDE إلى Excel
AdvancedPreparation.Import,Import SBDE Excel,Importar SBDE Excel,Importer  Excel SBDE,استيراد SBDE إلى Excel
AdvancedPreparation.Title,Advanced Preparation Functions,Funciones de preparación avanzadas,Fonctions avancées de préparation,وظائف التحضير المتقدمة
SubCategory,A/B/C/...,A/B/C/...,A/B/C/...,A/B/C/...,
EmptyInstructions.1,"Birth dates should be in international year-month-day format YYYY-MM-DD (2000-12-31 is December 31, 2000)",Las fechas de nacimiento deben estar en formato internacional año-mes-día. YYYY-MM-DD (2000-12-31 es 31 de Diciembre de 2000),Les dates de naissance doivent être en format international année-mois-jour YYYY-MM-DD (2000-12-31 est le 31 décembre 2000),يجب أن تكون تواريخ الميلاد بتنسيق السنة-الشهر-اليوم الدولي. YYYY-MM-DD (2000-12-31 هو 31 ديسمبر 2000)
EmptyInstructions.2,"If using only the year, 4 digits are required.","Si se utiliza sólo el año, se requieren 4 dígitos.","Si l'année seule est utilisée, les 4 chiffres sont requis.",إذا كنت تستخدم السنة فقط، فمطلوب 4 أرقام.
EmptyInstructions.3,"Gender is M for Men, F for women.","El género es M para hombres, F para mujeres.","Le genre est M pour masculin, F pour féminin.",الجنس هو M للذكور، F للإناث.
EmptyInstructions.4,Heavyweight categories are written 81+ 87+ 102+ 109+ etc.,Las categorías de peso pesado se escriben 81+ 87+ 102+ 109+ etc.,Les catégories super-lourdes sont notées 81+ 87+ 102+ 109+ etc.,تكتب فئات الوزن الثقيل 81+ 87+ 102+ 109+ إلخ.
AgeGroups.ExportDefinitions,Export Definitions,Definicion de Exportaciòn,Exporter les définitions,تصدير التعريفات
About.Bugs_Title,Reporting Problems,Problemas de informes,Signaler un problème,الإبلاغ عن المشاكل
About.Bugs,"Please report issues on <a href=""https://github.com/jflamy/owlcms4/issues"">this page</a> or by e-mail at <a href=""mailto:owlcms-bugs@jflamy.dev"">owlcms-bugs@jflamy.dev</a>","Informe los problemas en <a href=""https://github.com/jflamy/owlcms4/issues"">this page</a> or by e-mail at <a href=""mailto:owlcms-bugs@jflamy.dev"">owlcms-bugs@jflamy.dev</a>","Signaler les problèmes sur <a href=""https://github.com/jflamy/owlcms4/issues"">cette page</a> or par e-mail à <a href=""mailto:owlcms-bugs@jflamy.dev"">owlcms-bugs@jflamy.dev</a>",يرجى الإبلاغ عن المشاكل في <a href=""https://github.com/jflamy/owlcms4/issues"">هذه الصفحة</a> أو عبر البريد الإلكتروني على <a href=""mailto:owlcms-bugs@jflamy.dev"">owlcms-bugs@jflamy.dev</a>
About.Community_Title,Community Forum,Foro Comunitario,Community Forum,منتدى المجتمع
About.Community,"You can ask questions on the <a href=""https://groups.google.com/g/owlcms"">owlcms community forum</a>","Puedes hacer preguntas en el <a href=""https://groups.google.com/g/owlcms"">owlcms community forum</a>","You can ask questions on the <a href=""https://groups.google.com/g/owlcms"">owlcms community forum</a>",يمكنك طرح الأسئلة في <a href=""https://groups.google.com/g/owlcms"">منتدى مجتمع owlcms</a>
Ranking.BW_SINCLAIR,Sinclair,Sinclair,Sinclair,سينكلير
Ranking.SMM,SM(H)F,SM(H)F,SM(H)F,SM(H)F
Ranking.ROBI,Robi,Robi,Robi,روبي
Ranking.QPOINTS,Q-points,Q-points,Q-points,نقاط Q
Results.Qpoints,Q-points,Q-points,Q-points,نتائج نقاط Q
Ranking.GAMX,GAMX,GAMX,GAMX,GAMX
Ranking.CUSTOM,Custom,Custom,Custom,مخصص
Ranking.CAT_SINCLAIR,Category Sinclair,Categoria Sinclair,Sinclair Cat.,فئة سينكلير
Ranking.TOTAL,Total,Total,Total,الإجمالي
Scoreboard.TopScore,Top {0},Top {0},Mejores {0},Meilleurs {0},أفضل {0}
Scoreboard.TopScoreMen,Top {0} &ndash; Men,Mejor {0}  &ndash; Masculino,Meilleurs {0} &ndash; Hommes,أفضل {0} - رجال
Scoreboard.TopScoreWomen,Top {0} &ndash; Women,Mejor {0}  &ndash; Femenino,Meilleurs {0} &ndash; Femme,أفضل {0} - نساء
Scoreboard.TopTeamsScore,Top Team {0},El mejor equipo {0},Meilleurs {0} par équipe,أفضل فريق {0}
Scoreboard.TopTeamsScoreMen,Top Team {0} &ndash; Men,"Varones, Mejor Equipo {0}",Meilleurs {0} par équipe &ndash; Hommes,أفضل فريق - رجال
Scoreboard.TopTeamsScoreWomen,Top Team {0} &ndash; Women,"Damas, Mejor Equipo {0}",Meilleurs {0} par équipe &ndash; Femmes,أفضل فريق - نساء
Config.DownloadLocalDirZipLabel,Backup the laptop local override directory (7z zip format),Haga una copia de seguridad del directorio de anulación المحلي de la computadora portátil (formato zip 7z),Backup du répertoire local du laptop (format 7z),نسخ احتياطي للدليل المحلي على الكمبيوتر المحمول (تنسيق zip 7z)
Config.TemplateSelection,Selection of the Available Excel Templates,Selección de las plantillas de Excel disponibles,Sélection des modèles Excel disponibles,اختيار قوالب Excel المتاحة
LocalOverride.Title,Restore the laptop local override directory,Restaurar el directorio de anulación المحلي de la computadora portátil,Restaurer le répertoire local du laptop,استعادة الدليل المحلي على الكمبيوتر المحمول
LocalOverride.DirUploadButton,Load Zip File...,Cargar archivo .zip,Charger .zip,تحميل ملف مضغوط
LocalOverride.DirUploadDropZone,Drop Zip File Here...,Arrastra fichero .zip aqui...,Glisser Fichier .zip ici ..,اسحب ملف .zip هنا...
Config.DownloadLabel,Retrieve the override zip from database,Retrieve the override zip from database,Récupérer le zip de subtitution de la base de données,استرجاع ملف zip من قاعدة البيانات
Config.UploadLabel,Load a local override zip to the database,Load a local override zip to the database,Charger un zip de substitution dans la base de données,تحميل ملف zip محلي إلى قاعدة البيانات
Competition.startNumbersByAgeGroup,Display categories ordered by age group,Ordenar categorías por grupo de edad en el marcador,Afficher les catégories en ordre de groupe d'âge,عرض الفئات مرتبة حسب المجموعة العمرية
Preparation.Check-in,Check-in Sheet,Hoja de check-in,Feuille de présences,نموذج تسجيل الحضور
Announcer.JuryDecisionTitle,Jury Decision,Decisión del jurado,Décision du Jury,قرار اللجنة
Announcer.JuryDecisionExplanation,Please announce the decision and the reason.<br/> Then use the button below to update the system according to the decision and resume the competition.,Por favor anuncie la decisión y el motivo.<br/> Luego utilice el botón para actualizar el sistema según la decisión y reanudar la competencia.,Veuillez annoncer la décision et la raison<br/>. Ensuite utiliser le bouton pour mettre à jour le système selon la décision et redémarrer la compétition.,يرجى إعلان القرار والسبب.<br/> ثم استخدم الزر أدناه لتحديث النظام وفقًا للقرار واستئناف المنافسة.
Announcer.PerformJuryDecision,Display the decision and update system,Mostrar la decisión y تحديث النظام.,Afficher la décision et mettre à jour,عرض القرار وتحديث النظام
Announcer.IgnoreJuryDecision,Ignore and Resume,Ignorar y reanudar,Ignorer et reprendre,تجاهل واستئناف
Competition.announcerControlledJury,Announcer controls the display of jury decisions,El locutor controla la visualización de las decisiones del jurado.,L'annonceur contrôle l'affichage des décisions du jury,المعلق يتحكم في عرض قرارات اللجنة
AgeGroups.Predefined,Predefined Age Group Definitions,Definiciones de grupos de edad estandar,Définitions prédéfinies,تعريفات المجموعات العمرية القياسية
AgeGroups.LoadPredefined,Load Predefined Definition,Cargar definiciones estandar,Charger une définition prédéfinie,تحميل تعريفات قياسية
AgeGroups.Custom,Custom Age Group Definitions,Definiciones de grupos de edad personalizados,Définitions sur mesure,تعريفات المجموعات العمرية المخصصة
AgeGroups.UploadCustom,Upload Custom Age Group Definitions,Cargar definiciones de grupos de edad personalizados,Charger une définition sur mesure,تحميل تعريفات المجموعات العمرية المخصصة
AgeGroups.Reassign,Athlete Eligibility,Elegibilidad del atleta,Calcul d'éligibilité,أهلية الرياضي
AgeGroups.WarningWillReplaceAll,Beware! This will reassign each athlete's category based on the active age groups.<ul><li>You should double-check category participations after reassignment</li><li>Team memberships will be reset and need to be reviewed.</li></ul>,¡Cuidado! Esto reasignará la categoría de cada atleta en función de los grupos de edad activos.<ul><li>Debe verificar las participaciones en las categorías después de la reasignación</li><li>Las inscripciones del الفريق se restablecerán y deberán revisarse.</li> </ul>,Attention! Ceci va réaffecter les athlètes à leur catégorie selon les groupes d'âges actifs.<ul><li>Revisez les catégories de participation après le recalcul</li><li>L'appartenance aux équipes est réinitialisée et doit être révisée</li></ul>,تحذير! سيؤدي هذا إلى إعادة تعيين فئة كل رياضي بناءً على مجموعات العمر النشطة. <ul><li>يجب عليك التحقق من مشاركات الفئات بعد إعادة التعيين</li><li>ستتم إعادة تعيين عضويات الفريق ويجب مراجعتها.</li></ul>
Registration.UnknownColumnHeader,Unknown Column Header,Encabezado de columna desconocido,Entête de colonne inconnu,عنوان العمود غير معروف
Jury.JurySheet,Jury Sheet,Hoja del Jurado,Évaluation par Jury,ورقة اللجنة
Jury.JuryMember,Jury Member,Miembro del Jurado,Membre du Jury,عضو اللجنة
Jury.Signature,Signature,Firma,Signature,التوقيع
Jury.Level,Level,Nivel,Niveau,المستوى
Jury.Score,Computed Scores,Nivel,Score calculé,النتيجة
Jury.A,A - Number of attempts,A - Número de intentos,A - Nombre d'essais,أ - عدد المحاولات
Jury.B,B - Incomplete Attempts,B - Intentos no completados,B - Essais non-complétés,ب - المحاولات غير المكتملة
Jury.C,C - Assessed Lifts (A-B),C - Levantamientos evaluados (A-B),C - Essais jugés (A-B),ج - الرفعات المقدرة (أ-ب)
Jury.D,D - Errors Made,D - Errores Cometidos,D - Erreurs,د - الأخطاء
Jury.E,E - Correct Decisions (C-D),E - Decisiones Correctas (C-D),E - Décisions correctes (C-D),هـ - القرارات الصحيحة (ج-د)
Jury.F,F - Score (E / C),F - Puntuación  (E / C),F - Note (E/C),و - النتيجة (هـ / ج)
Config.VideoDataTitle,URL for Video Data,URL para datos de vídeo,URL pour données video,رابط بيانات الفيديو
Config.videoDataURL,URL that will receive structured JSON data,URL que recibirá datos JSON estructurados,URL qui recevra des données structurées en JSON,رابط استلام بيانات JSON المنظمة
Config.videoStylesLabel,"Styles for video streaming (""transparent"" by default, use ""nogrid"" to have the same scoreboards as on-site)","استايلات لبث الفيديو (شفاف بشكل افتراضي، استخدم "nogrid" للحصول على نفس لوحات النتائج كما في الموقع)","Styles pour le streaming vidéo (""transparent"" par défaut, utilisez ""nogrid"" pour avoir les mêmes tableaux d'affichage que sur site)",أنماط بث الفيديو (شفاف بشكل افتراضي، استخدم "nogrid" للحصول على نفس لوحات النتائج كما في الموقع)
WeighIn.Batch,Quick Mode,Modo rápido,Saisie rapide,وضع سريع
WeighIn.UpdateAndNext,Update and Next,Actualizar y Siguiente,Mise à jour et suivant,تحديث وانتقال
Championship,Championship,Campeonato,Championnat,البطولة
Championship.U,By Age Group,Grupo de Edad,Par groupes d'âge,حسب المجموعة العمرية
Championship.DEFAULT,Open,POR DEFECTO,Open,مفتوح
Championship.IWF,IWF,IWF,IWF,الاتحاد الدولي
Championship.MASTERS,Masters,Masters,Masters,الماجستير
Competition.masters20kg,Use 20kg rule for Masters instead of 80%,Utilice la regla de los 20 kg para Máستر en lugar del 80%,Utiliser la règle des 20 kg pour les Masters au lieu de 80 %,استخدم قاعدة 20 كجم للماجستير بدلاً من 80%
Competition.Invited/Extra,Extra/Invitado,Supplémentaire/Invité,مدعو/إضافي
ColorSelection,Background Color Selection,Selección de color de fondo,Sélection de la couleur d'arrière-plan,اختيار لون الخلفية
ColorSelection.Intro,"This section controls the background color used when streaming, for the scoreboard heading and for the attempt board","Esta sección controla el color de الخلفية المستخدم عند البث، لعنوان لوحة النتائج ولوحة المحاولات","Cette section contrôle la couleur d'arrière-plan utilisée lors de la diffusion, pour l'en-tête du tableau de bord et pour le tableau des tentatives",تتحكم هذه القسم في لون الخلفية المستخدم عند البث، لعنوان لوحة النتائج ولوحة المحاولات
ColorSelection.EnabledLabel,Override the default,Sobreescribir el valor predeterminado,Remplacer la valeur par défaut,تجاوز القيمة الافتراضية
ColorSelection.EnabledHelperText,"If selected, the color picked at the right will be used instead of the default CSS style sheet","Si se selecciona, se utilizará el color elegido a la derecha en lugar de la hoja de estilo CSS predeterminada.","Si cette option est sélectionnée, la couleur choisie à droite sera utilisée à la place de la feuille de style CSS par défaut",إذا تم تحديدها، سيتم استخدام اللون المختار على اليمين بدلاً من ورقة أنماط CSS الافتراضية
ColorSelection.Label,Color Picker,Selector de color,Sélecteur de couleurs,اختيار اللون
ColorSelection.Helper,"Click on the colored box to pick a color, or use the dropdown to select a preset. You may also type an HTML color in the #ffffff format.",Haz clic en el cuadro de color para elegir un color o usa el menú desplegable para seleccionar un ajuste preestablecido. También puedes escribir لون HTML بتنسيق #ffffff.,Cliquez sur la case colorée pour choisir une couleur ou utilisez le menu déroulant pour sélectionner un préréglage. Vous pouvez également saisir une couleur HTML au format #ffffff.
VideoStreaming.Intro,The displays on this page are used for video streaming.  A transparent background is used on the scoreboards.,Las pantallas de esta página se utilizan para la transmisión de vídeo. لوحات النتائج لها خلفية شفافة.,Les écrans de cette page sont utilisés pour le streaming vidéo. Un fond transparent est utilisé sur les tableaux d'affichage.
TechnicalOfficial,Technical Official,Oficial Técnico,Responsable technique,مسؤول فني
TechnicalOfficials,Technical Officials,Oficiales técnicos,Officiels techniques,المسؤولون الفنيون
TechnicalOfficial.LastName,Last Name,Apellido,Nom,اسم العائلة
TechnicalOfficial.FirstName,First Name,Nombre,Prénom,الاسم الأول
TechnicalOfficial.Level,Level,Nivel,Niveau,المستوى
TechnicalOfficial.Federation,Federation,Federación,Fédération,الاتحاد
TechnicalOfficial.FederationId,Federation Membership Id,ID de miembro de la federación,Numéro de membre de la Fédération,رقم تعريف عضوية الاتحاد
TechnicalOfficial.IWFId,IWF Card Number,Número de tarjeta IWF,Numéro de carte IWF,رقم بطاقة IWF
TechnicalOfficials.ImportExport,Import/Export,Importación/Exportación,Importation/Exportation,استيراد/تصدير
TechnicalOfficials.Upload,Import,Importar,Importer,استيراد
TechnicalOfficials.Export,Export,Exportar,Exporter,تصدير
TechnicalOfficials.AssignmentReports,Assignment Reports,Informes de asignación,Rapports d''affectation,تقارير التعيين
TechnicalOfficials.ExportAssignmentReports,Download Assignment Report,Descargar informe de asignación,Télécharger le rapport d''affectation,تنزيل تقرير التعيين
DropZone,Drop a file here,Suelta un archivo aquí,Déposer un fichier ici,اسحب ملفًا هنا
SelectFile,Select a file,Seleccione un archivo,Sélectionner un fichier,اختر ملفًا
Competition.EndDate,Competition End Date,Fecha de finalización del concurso,Date de fin du concours,تاريخ انتهاء المنافسة
Competition.LeaveEmpty,Leave empty if same as Start Date,Déjelo vacío si es igual a la fecha de inicio,Laisser vide si identique à la date de début,اتركه فارغًا إذا كان مثل تاريخ البدء
TOLevel.LocalCandidate,Regional Examination,Examen regional,Examen régional,امتحان إقليمي
TOLevel.Local,Regional,Regional,Régional,إقليمي
TOLevel.NationalCandidate,National Examination,Examen Nacional,Examen national,امتحان وطني
TOLevel.National,National,Nacional,National,وطني
TOLevel.IWF2Candidate,IWF 2 Examination,Examen IWF 2,Examen IWF 2,امتحان IWF 2
TOLevel.IWF2,IWF 2,IWF 2,IWF 2, IWF 2
TOLevel.IWF1Candidate,IWF 1 Examination,Examen IWF 1,Examen IWF 1,امتحان IWF 1
TOLevel.IWF1,IWF 1,IWF 1,IWF 1, IWF 1
Competition.nonMastersRulesTitle,Rules for the regular (non-masters) sessions,Reglas para las sesiones regulares (no Másters),Règles pour les sessions régulières (non-Masters),قواعد الجلسات العادية (غير الماسترز)
Competition.mastersRulesTitle,Rules for Masters Sessions,Reglas para sesiones Másters,Règles pour les sessions Masters,قواعد جلسات الماسترز
Competition.IMWARules,"Apply IMWA Rules (80%, Team Points)","Aplicar reglas IMWA (80%, puntos de equipo)","Appliquer les règles IMWA (80%, points d'équipe)","تطبيق قواعد IMWA (80%، نقاط الفريق)"
Competition.IMWA,IMWA,IMWA,IMWA,IMWA
Competition.mastersCompetition,Masters Competition,Competición Másters,Compétition Masters,مسابقة الماسترز
Competition.mastersCompetitionCheckbox,Sessions follow Masters rules by default,Las sesiones siguen las reglas Másters por defecto,Les sessions suivent les règles Masters par défaut,الجلسات تتبع قواعد الماسترز بشكل افتراضي
Competition.mastersCompetitionHelper,Oldest age groups are weighed-in earlier and get smaller start numbers.,Los grupos de edad más avanzada son pesados قبل y reciben أرقام خروج أصغر.,Les groupes d'âge les plus âgés sont pesés plus tôt et reçoivent des numéros de départ plus petits.,تُوزن المجموعات العمرية الأكبر سناً في وقت سابق وتحصل على أرقام بدء أصغر.
Results.WinnersOnly,Category Winners Only,Solo ganadores de categorías,Gagnants de catégorie uniquement,فقط الفائزون في الفئات
Gender.Mixed,Mixed,Mixto,Mixte,مختلط
Scoreboard.TopTeamsMixed,Top Teams - Mixed,Mejores Equipos - Mixtos,Meilleures Équipes - Mixtes,أفضل الفرق - مختلط
Scoreboard.SelectGenders,Select Genders,Seleccionar Géneros,Sélectionner les genres,اختر الجنس
TechnicalOfficial.Affiliation,Affiliation,Afiliación,Affiliation,الانتماء
SBDE.AthleteOptions,Athlete Options,Opciones de atleta,Options pour les athlètes,خيارات الرياضي
SBDE.AthleteOptions_WARNING,It is strongly suggested to export the current database as a backup before executing the update.,Se recomienda encarecidamente exportar la base de datos actual como copia de seguridad antes de ejecutar la actualización.,Il est fortement suggéré d'exporter la base de données actuelle en tant que sauvegarde avant d'exécuter la mise à jour.,يوصى بشدة بتصدير قاعدة البيانات الحالية كنسخة احتياطية قبل تنفيذ التحديث.
SBDE.AthleteOptions_IGNORE_ATHLETES,"Ignore athletes, only process the sessions","Ignorar a los atletas, solo procesar las sesiones.","Ignorer les athlètes, traiter uniquement les sessions",تجاهل الرياضيين، معالجة الجلسات فقط
SBDE.AthleteOptions_DELETE_ATHLETES,Delete all athletes before processing,Eliminar todos los atletas antes de procesar,Supprimer tous les athlètes avant le traitement,حذف جميع الرياضيين قبل المعالجة
SBDE.AthleteOptions_UPDATE_ADD_ATHLETES,"Update existing athletes (keep declarations, changes, lifts) and add new athletes","Actualizar atletas existentes (mantener declaraciones, cambios, levantamientos) y agregar nuevos atletas","Mettre à jour les athlètes existants (conserver les déclarations, les modifications, les levées) et ajouter de nouveaux athlètes",تحديث الرياضيين الحاليين (الاحتفاظ بالإعلانات، التغييرات، الرفع) وإضافة رياضيين جدد
SBDE.AthleteOptions_ADD_ATHLETES,"Only add athletes, don't touch the existing athletes","Solo agrega atletas, no toques a los atletas existentes.","Ajoutez uniquement des athlètes, ne touchez pas aux athlètes existants",إضافة رياضيين فقط، عدم لمس الرياضيين الحاليين
SBDE.SessionOptions,Session Options,Opciones de sesión,Options de session,خيارات الجلسة
SBDE.SessionOptions_IGNORE_SESSIONS,"Ignore sessions, only process the athletes","Ignorar sesiones, procesar solo a los atletas.","Ignorer les sessions, traiter uniquement les athlètes",تجاهل الجلسات، معالجة الرياضيين فقط
SBDE.SessionOptions_UPDATE_ADD_SESSIONS,"Update existing sessions, add new ones","Actualizar sesiones existentes, agregar nuevas","Mettre à jour les sessions existantes, en ajouter de nouvelles",تحديث الجلسات الحالية، إضافة جلسات جديدة
