key,en,en_US,en_CA,es,es_419,es_ES,es_SV,es_EC,fr,fr_CA,fr_FR,pt,ru,de,sv,da,fi,no,fo,hu,ro,pl,hy,he,ar,ie,ja,ia
Question,?,,,?,,?,,?,\u0020?,,,?,?,?,?,?,?,?,?,?,?,?,?,?,?,?,?,2
CannotEditResults,. You cannot edit the results.,,,No se pueden editar los resultados,,No puede editar los resultados.,No puedes editar los resultados,No se pueden editar los resultados,. Vous ne pouvez pas éditer les résultats,,,. Você não pode editar os resultados.,Вы не можете редактировать результаты,. Du kannst die Ergebnisse nicht bearbeiten.,. Du kan inte redigera beslutet,. Resultaterne kan ikke ændres.,. Et voi editoida tuloksia,. Du kan ikke redigere resultatene.,. You cannot edit the results.,Az eredmények nem szerkeszthetők,Nu se pot edita rezultatele,Nie możesz edytować wyników,Դուք չեք կարող խմբագրել արդյունքները:,. לא ניתן לערוך את התוצאות.,. لا يمكنك تعديل النتائج,. Δεν μπορείτε να επεξεργαστείτε τα αποτελέσματα.,. 結果を編集することはできません,3
Scoreboard.AttemptsDone,"{0,choice,0#No attempts done.|1#1 attempt done.|1<{0} attempts done.}",,,"{0,choice,0#Ningún intento realizado.|1#1 intento realizado.|1<{0} intentos realizados.}",,"{0,choice,0#Ningún intento realizado.|1#1 intento hecho.|1<{0} intentos realizados.}","{0,choice,0#No se hicieron intentos.|1#1 intento hecho.|1<{0} intentos realizados.}","{0,choice,0#Ningún intento realizado.|1#1 intento realizado.|1<{0} intentos realizados.}","{0,choice,0#Aucun essai.|1#1 essai effectué.|1<{0} essais effectués.}",,,"{0,choice,0#Nenhuma Tentativa Concluída.|1#nº 1 Tentativa Concluída.|1<{0} Tentativas Concluídas.}",Всего попыток выполнено: {0},"{0,choice,0#Keine Versuche fertig.|1#1 Versuch fertig.|1<{0} Versuche fertig.}","{0,choice,0#Inga försök gjorda.|1#1 försök gjort. |1<{0} gjorda försök.}","{0,choice,0#Ingen løft afviklet.|1#1 løft afviklet.|1<{0} løft afviklet.}","{0,choice,0#Ei yrityksiä jäljellä.|1#1 nosto valmis.|1<{0} nostoa valmiina.}","{0,choice,0#Ingen forsøk utført.|1#1 forsøk utført.|1<{0} forsøk utført.}","{0,choice,0#Ongar royndir eru gjørdar.|1#1 roynd er gjørd.|1<{0} royndir er gjørdar.}","{0,choice,0#Sikertelen kisérletek.|1#1 sikeres kisérlet.|1<{0} sikeres kisérletek.}","{0,choice,0# încercari nereusite.|1#1 încercare reusita.|1<{0} încercari reusite.}","{0,choice,0#Podejścia nie wykonane.|1#1 podejście nie wykonane.|1<{0} podejścia wykonane}",Ընդամենը արված փորձեր {0},"{0,choice,0#לא בוצעו ניסיונות.|1#בוצע ניסיון 1.|1<{0} ניסיונות בוצעו.}","{0,choice,0#لم يتم تنفيذ أي محاولة.|1#تم تنفيذ محاولة واحدة.|1<{0} محاولات تم تنفيذها.}","{0,choice,0#Δεν έγιναν προσπάθειες.|1#1 προσπάθεια.|1<{0} έγιναν προσπάθειες.}","{0,choice,0#試技未実施|1#1 試技実施済み|1<{0} 試技実施済み}",4
Results.AttemptsDone,"{0,choice,0#No attempts done.|1#1 attempt done.|1<{0} attempts done.}",,,"{0,choice,0#Ningún intento realizado.|1#1 intento realizado.|1<{0} intentos realizados.}",,"{0,choice,0#Ningún intento realizado.|1#1 intento hecho.|1<{0} intentos realizados.}","{0,choice,0#No se hicieron intentos.|1#1 intento hecho.|1<{0} intentos realizados.}","{0,choice,0#Ningún intento realizado.|1#1 intento realizado.|1<{0} intentos realizados.}","{0,choice,0#Aucun essai.|1#1 essai effectué.|1<{0} essais effectués.}",,,"{0,choice,0#Nenhuma Tentativa Concluída.|1#nº 1 Tentativa Concluída.|1<{0} Tentativas Concluídas.}",Всего попыток выполнено: {0},"{0,choice,0#Keine Versuche fertig.|1#1 Versuch fertig.|1<{0} Versuche fertig.}","{0,choice,0#Inga försök gjorda.|1#1 försök gjort. |1<{0} gjorda försök.}","{0,choice,0#Ingen løft afviklet.|1#1 løft afviklet.|1<{0} løft afviklet.}","{0,choice,0#Ei yrityksiä jäljellä.|1#1 yritys valmis.|1<{0} nostoa valmiina.}","{0,choice,0#Ingen forsøk utført.|1#1 forsøk utført.|1<{0} forsøk utført.}","{0,choice,0#No attempts done.|1#1 attempt done.|1<{0} attempts done.}","{0,choice,0#Sikertelen kisérletek.|1#1 sikeres kisérlet.|1<{0} sikeres kisérletek.}","{0,choice,0#încercari nereusite.|1#1 încercare reusita.|1<{0} încercari reusite.}","{0,choice,0#Podejścia nie wykonane.|1#1 podejście nie wykonane.|1<{0} podejścia wykonane}",Ընդհանուր արված փորձեր {0} ,"{0,choice,0#לא בוצעו ניסיונות.|1#בוצע ניסיון 1.|1<{0} ניסיונות בוצעו.}","{0,choice,0#لم يتم تنفيذ أي محاولة.|1#تم تنفيذ محاولة واحدة.|1<{0} محاولات تم تنفيذها.}","{0,choice,0#Δεν έγιναν προσπάθειες.|1#1 προσπάθεια.|1<{0} έγιναν προσπάθειες.}","{0,choice,0#試技未実施|1#1 試技実施済み|1<{0} 試技実施済み}",5
NoLift_GoodLift,"{0,choice,0#No Lift|1#Good Lift} for {1}",,,"{0,choice,0#Levantamiento Nulo|1#Levantamiento Válido} para {1}",,"{0,choice,0#Levantamiento Nulo|1#Levantamiento Válido} para {1}","{0,choice,0#Mal Levantamiento|1#Buen Levantamiento} para {1}","{0,choice,0#Levantamiento Nulo|1#Levantamiento Válido} para {1}","Essai {0,choice,0#refusé|1#réussi} pour {1}",,,"{0,choice,0#Inválido |1# Válido} para {1}","{0,choice,0#Подъём не засчитан|1#Подъём засчитан} для {1}","{0,choice,0#Ungültig|1#Gültig} for {1}","{0,val,0#Underkänt lyft|1#Godkänt lyft} for {1}","{0,choice,0#Underkendt|1#Godkendt} for {1}","{0,choice,0#Hylätty nosto|1#Hyväksytty nosto} :lle {1}","{0,choice,0#No Lift|1#Good Lift} for {1}","{0,choice,0#No Lift|1#Good Lift} for {1}","{0,choice,0#Sikertelen gyakorlat|1#Sikeres gyakorlat} for {1}","{0,choice,0#încercari nereusite|1#încercari reusite} for {1}","{0,choice,0#Nie zaliczone|1#Zaliczone} for {1}","{0,choice,0 #Քաշը չի հաշվվում| 1 #Քաշը հաշվվում է} {1}ի համար","{0,choice,0#ניסיון לא מוצלח|1#ניסיון מוצלח} ל- {1}","{0,choice,0#محاولة غير ناجحة|1#محاولة ناجحة} لـ {1}","{0,choice,0#No Lift|1#Good Lift} για {1}","{0,choice,0#失敗|1#成功} for {1}",6
Kg,"{0,number,#.#} kg",,,"{0,number,#.#} kg",,"{0,number,#.#} kg","{0,number,#.#} kg","{0,number,#.#} kg","{0,number,#.#} kg",,,"{0,number, #.#} kg","{0,number,#.#} кг","{0,number,#.#} kg","{0,number,#.#} kg","{0,number,#.#} kg","{0,number,#.#} kg","{0,number,#.#} kg","{0,number,#.#} kg","{0,number,#.#} kg","{0,number,#.#} kg","{0,number,#.#} kg","{0,number, #.#} կգ","{0,number,#.#} ק""ג!","{0,number,#.#} كغ","{0,number,#.#} kg","{0,number,#.#} kg",7
TeamResults.TeamNameFormat,{0} ({1}),,,{0} ({1}),,{0} ({1}),{0} ({1}),{0} ({1}),{0} ({1}),,,{0} ({1}),{0} ({1}),{0} ({1}),{0} ({1}),{0} ({1}),{0} ({1}),{0} ({1}),{0} ({1}),{0} ({1}),{0} ({1}),{0} ({1}),{0} ({1}),{0} ({1}),{0} ({1}),{0} ({1}),{0} ({1}),8
Upload.WrongDateFormat,"{0} is not a 4-digit year OR an ""{1}"" {2} format like {3} OR an international {4} format like {5}",,,"{0} no es un año de 4 dígitos O un formato ""{1}"" {2} como {3} O un formato internacional {4} como {5}.",,"{0} no es un año de 4 dígitos O un formato ""{1}"" {2} como {3} O un formato internacional {4} como {5}.",{0} no es un año de 4 dígitos O un español {2} formato como {3} O un formato {4} internacional como {5},"{0} no es un año de 4 dígitos O un formato ""{1}"" {2} como {3} O un formato internacional {4} como {5}.","{0} n'est pas une année à 4 chiffres OU un format ""{1}"" {2} comme {3} OU un format international {4} comme {5}.",{0} n'est pas une année à 4 chiffres OU un format canadien {2} comme {3} OU un format international {4} comme {5}.,{0} n'est pas une année à 4 chiffres OU un format français {2} comme {3} OU un format international {4} comme {5}.,{0} não é um ano de 4 dígitos OU um formato {2} em português como {3} OU um formato {4} internacional como {5},"{0} это не 4-значный год или российский {2} формат, подобный {3} ИЛИ международный {4} формат, подобный {5}",{0} ist kein 4-stelliges Jahr ODER ein deutsches {2} Format wie {3} ODER ein internationales {4} Format wie {5},{0} is not a 4-digit year OR a Swedish {2} format like {3} OR an international {4} format like {5},{0} er hverken et 4-cifret årstal ELLER et dansk {2} format som {3} ELLER et internationalt {4} format som {5},"{0} ei ole 4-numeroinen vuosi tai ""{1}"" {2} muotoa kuten {3} tai kansainvälisessä {4} muodossa {5}","{0} er ikke et 4-sifret år ELLER et ""{1}"" {2}-format som {3} ELLER et internasjonalt {4}-format som {5}","{0} is not a 4-digit year OR an ""{1}"" {2} format like {3} OR an international {4} format like {5}","{0} nem egy 4 számjegyű év VAGY egy ""{1}"" {2} formátum, mint a {3} VAGY egy nemzetközi {4} formátum, mint például a {5}",{0} nu este un an format din 4 cifre SAU un format „{1}” {2} precum {3} SAU un format internațional {4} precum {5},"{0} nie jest rokiem 4-cyfrowym LUB formatem „{1}” {2}, takim jak {3} LUB międzynarodowym formatem {4}, takim jak {5}","{0} - ը 4 նիշանոց չէ ԿԱՄ հայկական {2} ձևաչափ, ինչպիսին է {3} ԿԱՄ միջազգային {4} ձևաչափ, ինչպիսին է {5}","{0} אינה שנה בת 4 ספרות או בפורמט ""{1}"" {2} כמו {3} או בפורמט {4} בינלאומי כמו {5}","{0} ليس سنة من 4 أرقام أو تنسيق ""{1}"" {2} مثل {3} أو تنسيق دولي {4} مثل {5}","Το {0} δεν είναι 4ψήφιο έτος Ή μορφή ""{1}"" {2} όπως {3} Ή διεθνής μορφή {4} όπως {5}",{0} は、4桁の西暦年でも、「{1}」{2}形式（例：{3}）でも、国際的な{4}形式（例：{5}）でもありません。,9
Competition.defaultFederation,\u0020,,,\u0020,,Real Federación Española de Halterofilia,Federacion Salvadoreña de Levantamiento de Pesas,Federación Ecuatoriana de Levantamiento de Pesas,\u0020,Fédération d'haltérophilie du Québec,Fédération Française d'Haltérophilie,\u0020,\u0020,\u0020,Svenska tyngdlyftningsförbundet,Dansk Vægtløftnings-Forbund,\u0020,Norges Vektløfterforbund,\u0020,Magyar Súlyemelő Szövetség,Federatia Romana de Haltere,\u0020,Գեղարքունիքի մարզի ծանրամարտի ֆեդերացիա,\u0020,\u0020,\u0020,\u0020,10
Competition.defaultFederationAddress,\u0020,,,\u0020,,\u0020,Palacio de Los Deportes San Salvador,"Explanada del Estadio Modelo ""Alberto Spencer"". Comité Olímpico Ecuatoriano",\u0020,"C.P. 1000, Succ. M, Montréal, QC, H1V 3R2","7 Rue Roland Martin, 94500 Champigny-sur-Marne",\u0020,\u0020,\u0020,"Box 110 16, 100 61 STOCKHOLM","Idrættens Hus, Brøndby Stadion 20, 2605 Brøndby",\u0020,"Idrettens hus Ullevål Stadion, Sognsveien 73, 0854 Oslo",\u0020,"1146 Budapest, Istvánmezei út 1-3","Str. Vasile Conta Nr. 16 Sector 2, Bucharest, Romania",\u0020,"ք․ Սևան, Նաիրյան 128",\u0020,\u0020,\u0020,\u0020,11
Competition.defaultFederationEMail,\u0020,,,\u0020,,\u0020,fedepesas@gmail.com,felppesas@gmail.com,\u0020,admin@fedhaltero.qc.ca,contact@ffhaltero.fr,cblp@cblp.org.br,\u0020,\u0020,office@tyngdlyftning.org,kontor@danskvaegtloeftning.dk,\u0020,vektlofterforbundet@idrettsmail.no,\u0020,fotitkar@msszinfo.hu,frh@frhaltere.ro,\u0020,martirosyan.ar.2003@gmail.com,\u0020,\u0020,\u0020,\u0020,12
Competition.defaultFederationWebSite,\u0020,,,\u0020,,\u0020,\u0020,\u0020,\u0020,www.fedhaltero.qc.ca,www.ffhaltero.fr,www.cblp.org.br,\u0020,\u0020,http://www.tyngdlyftning.com/,www.weightlifting.dk,\u0020,www.vektlofting.no,\u0020,www.mssz.hu,www.frhaltere.ro,\u0020,https://gwfweightlifting.wixsite.com/gwfnet,\u0020,\u0020,\u0020,\u0020,13
CompetitionBook.C_RightHeader,\u0020,,,\u0020,,\u0020,\u0020,CarlosMoraCampos-ECU,\u0020,,,\u0020,\u0020,\u0020,\u0020,\u0020,\u0020,\u0020,\u0020,\u0020,\u0020,\u0020,\u0020,\u0020,\u0020,\u0020,\u0020,14
AnnouncerEtc,"\u0020(announcer, timekeeper, marshal, result boards, attempt board, jury, etc.)",,,"\u0020(Anunciador, Cronometrista, Marshal, Planillas de Resultados, Tablero de Intentos, Jurado, etc.)",,"\u0020(Locutor, Cronometrador, Marshal, Pantallas de Resultados, Pantalla de Intentos, Jurado, etc.)","\u0020(Locutor, Cronometrista, Marshal, Tablas de Resultados, Tablero de Intentos, Jurado, etc.)","\u0020(Anunciador, Cronometrista, Marshal, Planillas de Resultados, Tablero de Intentos, Jurado, etc.)","\u0020(annonceur, chronométreur, changements, résultats, essai courant, jury, etc.)",,,"\u0020(Locutor, Cronometrista, Marshal, Painéis de Resultados, Painel de Tentativas, Júri etc.)","\u0020(ведущего секретаря, судьи-хронометриста, судьи на перезаявках, таблицы результатов, экрана попыток, жюри и т.д.)","\u0020(Sprecher, Zeitnehmer, Steigerung, Ergebnis Anzeige, Anzeige Versuch, Jury, usw.)","\u0020(speaker, tidtagare, sekreterare, resultattavla, försökstavla , jury, osv.)","\u0020(speaker, timekeeper, marshal, result boards, attempt board, jury, osv.)","\u0020(kuuluttaja, ajanottaja, yhdyshenkilö, tulostaulut, nostojantaulu, jury, jne.)","\u0020(speaker, tidtaker, marshal, resultatskjermer, forsøksskjerm, jury osv.)","\u0020(announcer, timekeeper, marshal, result boards, attempt board, jury, etc.)","\u0020(Bemondó, időmérő, Vezető bíró, eredménytáblák, kísérleti tábla, zsűri stb.)","\u0020(crainicul, cronometrul, mareșalul, tabloul de rezultate, tablou de încercare, juriul etc.)","\u0020(spiker, timekeeper, marszal, tablica wyników, tablica podejścia, jury, etc.)","\u0020(գլխ. քարտուղար, ժամապահ, մարշալ, արդյունքների աղյուսակ, փորձի էկրան, ժյուրի, եւ այլն):","\u0020(כרוז, שומר זמן, סדרן, לוח תוצאות, לוח ניסיונות, חבר שופטים, וכו')",\u0020(المذيع، ضابط الوقت، المشرف، لوحات النتائج، لوحة المحاولات، لجنة التحكيم، إلخ),"\u0020 (εκφωνητής, χρονομέτρης, κριτής, πίνακες αποτελεσμάτων, πίνακας προσπαθειών, κριτική επιτροπή κ.λπ.)","\u0020(アナウンサー, タイムキーパー, マーシャル, リザルトボード, アテンプトボード, ジュリー, etc.)",15
LocalComputer,\u0020(on the computer running the owlcms program),,,\u0020(en el computador que se ejecuta el programa owlcms),,\u0020(en la computadora que se ejecuta el programa owlcms),\u0020(en la computadora que se ejecuta el programa owlcms),\u0020(en el computador que se ejecuta el programa owlcms),\u0020(sur l'ordinateur où owlcms s'exécute),,,\u0020(No computador que executa o programa owlcms),\u0020(на компьютере на котором запущена система owlcms),\u0020(auf diesem Computer läuft das OWLCMS Programm),\u0020(på datorn som driver owlcms programmet),\u0020(på computeren der afvikler owlcms programmet),"\u0020(tietokone, jossa owlcms ohjelma on käynnissä)",\u0020 (på datamaskinen som kjører owlcms-programmet),\u0020(on the computer running the owlcms program),\u0020(az owlcms programot futtató számítógépen),\u0020(pe computerul care rulează programul owlcms),\u0020(na komputerze z uruchomionym programem owlcms),"\u0020(համակարգչի վրա, որտեղ միացված է OWLCMS-ն)",\u0020(במחשב שמריץ את תוכנת owlcms),\u0020(على الحاسوب الذي يعمل عليه برنامج owlcms),\u0020 (στον υπολογιστή που εκτελεί το πρόγραμμα owlcms),\u0020(owlcmsプログラムを実行しているコンピューター上で),16
Wired,\u0020(wired),,,\u0020(cableado),,\u0020(wired),\u0020(wired),\u0020(cableado),\u0020(cablé),,,\u0020(fio),\u0020(кабель),\u0020(verkabelt),\u0020(kabel),\u0020(kablet),\u0020(langallinen),\u0020(kablet),\u0020(wired),\u0020 (vezetékes),\u0020(cu fir),\u0020(przewodowy),\u0020(մալուխ),\u0020(קווית),\u0020(سلكي),\u0020 (ενσύρματο),\u0020(wired),17
Wireless,\u0020(wireless),,,\u0020(inalámbrico),,\u0020(wireless),\u0020(wireless),\u0020(inalámbrico),\u0020(sans fil),,,\u0020(Rede sem fio),\u0020(беспроводной),\u0020(kabellos),\u0020(wireless),\u0020(wireless),\u0020(langaton),\u0020(trådløs),\u0020(wireless),\u0020 (vezeték nélküli),\u0020(wireless),\u0020(bezprzewodowy),\u0020(անլար),\u0020(אלחוטית),\u0020(لاسلكي),\u0020 (ασύρματο),\u0020(wireless),18
UseAtYourOwnRisk,You are responsible for performing whatever tests are needed to establish that the software is fit for your circumstances.,,,Ustedes son responsables de realizar las pruebas necesarias para establecer que el software es adecuado para sus necesidades.,,Ustedes son responsables de realizar las pruebas necesarias para establecer que el software es adecuado para sus necesidades.,Ustedes son responsables de realizar las pruebas necesarias para establecer que el software es adecuado para sus necesidades.,Ustedes son responsables de realizar las pruebas necesarias para establecer que el software es adecuado para sus necesidades.,Vous êtes responsable d'effectuer les tests requis pour établir que le logiciel répond à vos besoins.,,,Você é responsável ​​por executar os testes necessários para estabelecer que o software é adequado às suas circunstâncias.,вы несете ответственность за выполнение любых тестов," Du bist für die Durchführung aller erforderlichen Tests verantwortlich, um festzustellen, ob die Software für Ihre Umstände geeignet ist.",Du ansvarar för att utföra de tester som krävs för att fastställa att programvaran är lämplig för dina omständigheter.,You are responsible for performing whatever tests are needed to establish that the software is fit for your circumstances.,"Olet vastuussa kaikkien tarvittavien testien suorittamisesta varmistaaksesi, että ohjelmisto sopii tarkoituksen mukaisesti.",Du er ansvarlig for å utføre de testene som er nødvendige for å fastslå at programvaren er egnet for dine omstendigheter.,You are responsible for performing whatever tests are needed to establish that the software is fit for your circumstances.,"\u0020felelősek minden olyan teszt elvégzéséért, amely annak megállapításához szükséges, hogy a szoftver megfelel-e az Ön körülményeinek.",Sunteți responsabili pentru efectuarea oricăror teste necesare pentru a stabili că software-ul este potrivit pentru circumstanțele dvs.,"\u0020są odpowiedzialni za przeprowadzenie wszelkich testów niezbędnych do ustalenia, czy oprogramowanie jest odpowiednie dla Twoich warunków.","\u0020պատասխանատու են ցանկացած փորձարկումներ կատարելու համար, որոնք անհրաժեշտ են `ապահովելու համար, որ ծրագրակազմը համապատասխանի ձեր պայմաններին:.",\u0020אחראים לביצוע כל הבדיקות הדרושות כדי לוודא שהתוכנה מתאימה לנסיבות שלך.,أنت مسؤول عن إجراء أي اختبارات لازمة للتأكد من أن البرنامج مناسب لظروفك,Είστε υπεύθυνοι για τη διενέργεια οποιωνδήποτε δοκιμών απαιτούνται για να διαπιστωθεί ότι το λογισμικό είναι κατάλληλο για τις περιστάσεις σας.,ソフトウェアが状況に適合していることを確認するために必要なテストをお客様の責任で実行してください,19
AtTimeOfRelease,"\u0020as published at the time of release.  As stated in the license, there is no guarantee whatsoever regarding this software.",,,"\u0020 Publicado en el momento del lanzamiento. Como se indica en la licencia, no hay garantia alguna con respecto a este software.",,"\u0020 Publicado en el momento del lanzamiento. Como se indica en la licencia, no hay garantia alguna con respecto a este software.","\u0020 Publicado en el momento del lanzamiento. Como se indica en la licencia, no hay garantia alguna con respecto a este software.","\u0020 Publicado en el momento del lanzamiento. Como se indica en la licencia, no hay garantia alguna con respecto a este software.","\u0020tels que disponibles au moment de la publication du logiciel. Tel que mentionné dans la licence, il n'y a aucune garantie.",,,"\u0020as publicações no momento do lançamento. Como indicado na licença, não há qualquer garantia em relação a este software.","\u0020опубликовано на момент релиза.Как указано в лицензии, нет никакой гарантии в отношении этого программного обеспечения.","\u0020wie zum Zeitpunkt der Veröffentlichung veröffentlicht. Wie in der Lizenz angegeben, gibt es keinerlei Garantie in Bezug auf diese Software.",\u0020som publicerades vid tidpunkten för utgivningen. Som anges i licensen finns det ingen garanti för denna programvara,"\u0020as published at the time of release.  As stated in the license, there is no guarantee whatsoever regarding this software","\u0020 julkaistiin julkaisuhetkellä. Kuten lisenssissä mainitaan, tälle ohjelmistolle ei ole minkäänlaista takuuta.","\u0020som publisert på utgivelsestidspunktet.  Som angitt i lisensen, er det ingen garanti for denne programvaren.","\u0020as published at the time of release.  As stated in the license, there is no guarantee whatsoever regarding this software.","\u0020 a kiadáskor közzétett formában. Amint az a licencben is szerepel, semmiféle garancia nem vonatkozik erre a szoftverre és Önre vonatkozóan","\u0020 așa cum a fost publicat la momentul lansării. După cum se menționează în licență, nu există nici-o garanție în ceea ce privește acest software și dumneavoastră","\u0020 jak opublikowano w momencie wydania. Jak stwierdzono w licencji, nie ma żadnej gwarancji dotyczącej tego oprogramowania i użytkownika","\u0020as հրապարակվել է թողարկման պահին: Ինչպես նշված է լիցենզիայի մեջ, ոչ մի երաշխիք չկա՝ այս ծրագրի վերաբերյալ, եւ դուք","\u0020כפי שפורסם בזמן השחרור. כפי שמצוין ברישיון, אין כל אחריות שהיא לגבי תוכנה זו, ואתה",\u0020كما هو منشور وقت الإصدار. كما هو مذكور في الترخيص، لا يوجد أي ضمان لهذا البرنامج.,"\u0020όπως δημοσιεύτηκε τη στιγμή της κυκλοφορίας.  Όπως αναφέρεται στην άδεια χρήσης, δεν υπάρχει καμία απολύτως εγγύηση σχετικά με αυτό το λογισμικό.",\u0020リリース時点で公開されているライセンスに記載されているとおり、このソフトウェアに関していかなる保証もありません,20
Semicolon,\u003B,,,\u003B,,\u003B,\u003B,\u003B,\u003B,,,\u003B,\u003B,\u003B,\u003B,\u003B,\u003B,\u003B,\u003B,\u003B,\u003B,\u003B,\u003B,\u003B,\u003B,\u003B,\u003B,21
Scoreboard.Done,# Athletes Scored (Done Sessions),,,# Atletas (Tandas terminadas),,# Atletas (Tandas terminadas),# Atletas (Grupos terminados),# Atletas (Tandas terminadas),# Athlètes comptabilisés (plateaux terminés),# Athlètes comptabilisés (sessions terminées),,# de atletas pontuados (sessões concluídas),# Спортсмены (подсчёт),# Gewertete Athleten (fertige Gruppen),# Lyftare (Avslutade grupper),# Atleter (Afsluttede sessioner),# Nostaneet (Valmiit ryhmät),# utøvere (ferdige puljer),# Athletes Scored (Done Sessions),# pontozott sportoló (verseny vége),# sportivi punctati (sesiuni finalizate),Liczba sportowców (ukończone grupy),# Մարզիկներ (կատարված խմբեր),# ספורטאים שקיבלו ניקוד (מקצים שהושלמו),# الرياضيين المسجلين (الجلسات المنتهية),Βαθμολογήθηκαν # Αθλητές (Ολοκληρωμένα γκούπ),# Athletes Scored (セッション終了),22
Results.Done,# Athletes Scored (Done Sessions),,,# Atletas (Tandas terminadas),,# Atletas (Tandas terminadas),# Atletas (Grupos terminados),# Atletas (Tandas terminadas),# Athlètes comptabilisés (plateaux terminés),# Athlètes comptabilisés (sessions terminées),,# de atletas pontuados (sessões concluídas),# Спортсмены (подсчёт),# Gewertete Athleten (fertige Gruppen),# Lyftare (Avslutade grupper),# Atleter (Afsluttede sessioner),# Nostaneet (Valmiit ryhmät),# utøvere (ferdige puljer),# Athletes Scored (Done Sessions),# pontozott sportoló (verseny vége),# sportivi punctati (sesiuni finalizate),Liczba sportowców (ukończone grupy),# Մարզիկներ (կատարված խմբեր),# ספורטאים שקיבלו ניקוד (מקצים שהושלמו),# الرياضيين المسجلين (الجلسات المنتهية),Βαθμολογήθηκαν # Αθλητές (Ολοκληρωμένα γκρούπ),# Athletes Scored (セッション終了),23
Scoreboard.TeamSize,# Team Members,,,# Miembros del equipo,,# Miembros del equipo,# Miembros del equipo,# Miembros del equipo,# Membres,,,# Membros Por Equipe,# Члены команды,# Mannschaftsmitglieder,# Lagmedlemmar,# Holddeltagere,# Seuran jäseniä,# Lagmedlemmer,# Team Members,# Csapattagok,# Membrii echipei,# Członkowie drużyny,# Կազմի անդամները,# חברי מועדון,# أعضاء الفريق,# Μέλη ομάδας,# チームメンバー,24
Results.TeamSize,# Team Members,,,# Miembros del equipo,,# Miembros del equipo,# Miembros del equipo,# Miembros del equipo,# Membres,,,# Membros Por Equipe,# Члены команды,# Mannschaftsmitglieder,# Lagmedlemmar,# Holddeltagere,# Seuran jäseniä,# Lagmedlemmer,# Team Members,# Csapattagok,# Membrii echipei,# Członkowie drużyny,# Կազմի անդամները,# חברי מועדון,# أعضاء الفريق,# Μέλη ομάδας,# チームメンバー,25
SeparateLaptops,</ul>,,,</ul>,,</ul>,</ul>,</ul>,</ul>,,,</ul>,</ul>,</ul>,</ul>,</ul>,</ul>,</ul>,</ul>,</ul>,</ul>,</ul>,</ul>,</ul>,</ul>,</ul>,</ul>,26
PrepareCompatition_description,"<li><b>{0}</b>: Enter the competition coordinates, register the athletes, define the sessions, etc.<br></li>",,,"<li><b>{0}</b>: Registre las coordenadas de la competencia, registre los atletas, definir las tandas, etc.<br></li>",,"<li><b>{0}</b>: Registre las coordenadas de la competencia, registre los atletas, definir las tandas, etc.<br></li>","<li><b>{0}</b>: Registre las coordenadas de la competencia, registre los atletas, definir los grupos, etc.<br></li>","<li><b>{0}</b>: Registre las coordenadas de la competencia, registre los atletas, definir las tandas, etc.<br></li>","<li><b>{0}</b>: Entrer les coordonnées, inscrire les athlètes, définir les plateaux, etc.<br></li>","<li><b>{0}</b>: Entrer les coordonnées, inscrire les athlètes, définir les sessions, etc.<br></li>",,"<li><b>{0}</b>: Insira as coordenadas da competição, cadastre os atletas, defina as sessões, etc.<br></li>","<li><b>{0}</b>: Введите место проведения соревнований, зарегистрируйте спортсменов, определите потоки и т.д.<br></li>","<li><b>{0}</b>: Gib die Wettkampfdaten ein, Registriere die Sportler, definiere Gruppen, usw.<br></li>","<li><b> {0} </b>: Ange tävlingsinformation, registrera lyftare, definiera grupper osv. </li><li><b> {0} </b>: Ange tävlingsinformation, registrera lyftare, definiera grupperna osv. </li>","<li><b>{0}</b>: Indtast konkurrence oplysninger, registrer atleter, definér sessioner, osv.<br></li>","<li><b>{0}</b>: Syötä kilpailutiedot, rekisteröi urheilijat, määrittele ryhmät jne.<br></li>","<li><b>{0}</b>: Angi konkurranseinformasjon, registrer utøverne, definer puljer osv.<br></li>","<li><b>{0}</b>: Enter the competition coordinates, register the athletes, define the sessions, etc.<br></li>","<li><b>{0}</b>: Adja meg a verseny koordinátáit, regisztrálja a versenyzőket, határozza meg a csoportokat stb.<br></li>","<li><b>{0}</b>: introduceți coordonatele competiției, înscrieți sportivii, definiți sesiunile etc.<br></li>","<li><b>{0}</b>: Wprowadź dane zawodów, zarejestruj sportowców, zdefiniuj grupy itp.<br></li>","<li><b>{0}</b>: Մուտքագրեք մրցումների անցկացման վայրը, գրանցեք մարզիկներին, սահմանեք խմբերը: <br> </li>","<li><b>{0}</b>: הזן את קואורדינטות התחרות, רשום את הספורטאים, הגדר את המקצים וכו'.<br></li>",<li><b>{0}</b>: أدخل بيانات المسابقة، سجل الرياضيين، حدد الجلسات، إلخ.<br></li>,"<li><b>{0}</b>: Εισαγάγετε τα δεδομένα του αγώνα, εγγράψτε τους αθλητές, ορίστε τα γρούπ κ.λπ.<br></li>",<li><b>{0}</b>: 大会情報を入力、選手登録、セッション設定など<br></li>,27
CompetitionDocuments_description,<li><b>{0}</b>: Produce printable documents for each session and the final results package.</li>,,,<li><b>{0}</b>: Producir documentos imprimibles para cada tanda y el paquete de resultados finales.</li>,,<li><b>{0}</b>: Producir documentos imprimibles para cada tanda y el paquete de resultados finales.</li>,<li><b>{0}</b>: Producir documentos imprimibles para cada tanda y el paquete de resultados finales.</li>,<li><b>{0}</b>: Producir documentos imprimibles para cada tanda y el paquete de resultados finales.</li>,<li><b>{0}</b>: Produire les résultats imprimables pour chaque plateau et le cahier de compétition .</li>,<li><b>{0}</b>: Produire les résultats imprimables pour chaque session et le cahier de compétition .</li>,,<li> <b>{0}</b>: Imprima os resultados de cada sessão e pacote de resultados.</li>,<li><b>{0}</b>: Подготовьте документы для печати для каждого из потоков и пакет итоговых результатов</li>,<li><b>{0}</b>: Erstelle ein druckbares Dokumenten-Paket für jede Gruppe mit den endgültigen Ergebnissen.</li>,<li><b>{0}</b>: Skapa utskrivbara dokument för varje grupp och det slutliga resultatpaketet.</li>,<li><b>{0}</b>: Dan print for hver enkelt session og samlet resultat pakke.</li>,<li><b>{0}</b>: Tee tulostettavat asiakirjat jokaista istuntoa ja lopputulospakettia varten.</li>,<li><b>{0}</b>: Lag dokumenter for utskrift for hver pulje og samlet resultat fra kokurransen.</li>,<li><b>{0}</b>: Produce printable documents for each session and the final results package.</li>,<li><b>{0}</b>: Készítsen nyomtatható dokumentumokat minden csoporthoz és a végső eredménycsomaghoz.</li>,<li><b>{0}</b>: faceti documente printabile pentru fiecare grup și pachetul de rezultate finale.</li>,<li><b>{0}</b>: Przygotuj dokumenty do wydrukowania dla każdej grupy i pakiet wyników końcowych.</li>,<li><b>{0}</b>: Պատրաստեք Ամփոփագրերի խումբը և փաստաթղթերը յուրաքանչյուր խմբի տպելու համար .</li>,<li><b>{0}</b>: הפק מסמכים הניתנים להדפסה עבור כל מקצה וחבילת תוצאות סופיות.</li>,<li><b>{0}</b>: إنتاج مستندات قابلة للطباعة لكل جلسة وحزمة النتائج النهائية.</li>,<li><b>{0}</b>: Δημιουργήστε εκτυπώσιμα έγγραφα για κάθε γκρούπ και το τελικό πακέτο αποτελεσμάτων.</li>,<li><b>{0}</b>: 各セッションごとの印刷用ドキュメントおよび最終結果を作成</li>,28
RunLiftingGroup_description,"<li><b>{0}</b>: Start the screens for the announcer, the marshal, the timekeeper. The announcer controls which session is shown on the displays.</li>",,,"<li><b>{0}</b>: Iniciar la pantalla para el Anunciador, el Marshal, el Cronometrista. El Anunciador controla qué tanda se muestra en las pantallas.</li>",,"<li><b>{0}</b>: Iniciar la pantalla para el Anunciador, el Marshal, el Cronometrista. El Anunciador controla qué tanda se muestra en las pantallas.</li>","<li><b>{0}</b>: Iniciar la pantalla para el Anunciador, el Marshal, el Cronometrista. El Anunciador controla qué tanda se muestra en las pantallas.</li>","<li><b>{0}</b>: Iniciar la pantalla para el Anunciador, el Marshal, el Cronometrista. El Anunciador controla qué tanda se muestra en las pantallas.</li>","<li><b>{0}</b>: Lancer les écrans pour les officiels (annonceur, chrono, préposé aux changements). L''annonceur choisit le plateau en cours.</li>","<li><b>{0}</b>: Lancer les écrans pour les officiels (annonceur, chrono, préposé aux changements). L''annonceur choisit la session en cours.</li>",,"<li><b>{0}</b>: Inicia as telas para o Locutor, Marshal e o Cronometrista. O locutor controla qual sessão é exibido nas telas.</li>","<li><b>{0}</b>: Запустите экраны для ведущего секретаря, судьи на перезаявках и судьи-хронометриста. Ведущий секретарь контролирует какой поток отображается на экранах.</li>","<li><b>{0}</b>: Starte die Anzeigen für Sprecher, Steigerung und Zeitnehmer. Der Sprecher kontrolliert welche Gruppe angezeigt wird.</li>","<li><b> {0} </b>: Starta skärmarna för Speaker, Sekreterare, Tidtagare. Speaker styr vilken grupp som visas på skärmarna. </li>","<li><b>{0}</b>: Start skærmbillede for speaker, marshal, timekeeper. Speakeren styrer hvilken session, der vises på displays og skærme.</li>","<li><b>{0}</b>: Käynnistä kuuluttajan, yhteyshenkilön, ajanottajan näytöt. Kuuluttaja määrää, mikä istunto näytetään näytöissä.</li>","<li><b>{0}</b>: Start skjermbildene for speaker, marshall, tidtaker. Speaker kontrollerer hvilken pulje som vises på skjermene.</li>","<li><b>{0}</b>: Start the screens for the announcer, the marshal, the timekeeper. The announcer controls which session is shown on the displays.</li>","<li><b>{0}</b>: Indítsa el a bemondó, a vezető bíró és az időmérő képernyőit. A bemondó szabályozza, hogy melyik csoport jelenjen meg a kijelzőkön.</li>","<li><b>{0}</b>: porniți ecranele pentru crainic, mareșal, cronometru. Crainicul controlează ce sesiune este afișat pe afișaje.</li>","<li><b>{0}</b>: Uruchom ekrany dla spikera, sędziego, sędziego mierzącego czas. Spiker kontroluje, która grupa jest pokazywana na wyświetlaczach.</li>","<li><b> {0} </b>: Միացրեք հաղորդավարի, մարշալի և ժամապահի էկրանները: Հաղորդավարը հսկում է անհրաժեշտ խմբերը՝ էկրանի վրա </li>","<li><b>{0}</b>: הפעל את המסכים עבור הכרוז, הסדרן, שומר הזמן. הכרוז שולט איזה מקצה מוצג על הצגים.</li>",<li><b>{0}</b>: ابدأ الشاشات للمذيع، المشرف، وضابط الوقت. المذيع يتحكم في الجلسة المعروضة على الشاشات.</li>,"<li><b>{0}</b>: Ξεκινήστε τις οθόνες για τον εκφωνητή, τον μάρσαλ, τον χρονομέτρη. Ο εκφωνητής ελέγχει ποιο γκρούπ εμφανίζεται στις οθόνες.</li>",<li><b>{0}</b>: アナウンサー、マーシャル、タイムキーパー用の画面を起動します。アナウンサーが表示されるセッションを操作・管理します。</li>,29
StartDisplays_description,"<li><b>{0}</b>: Used to start the attempt board, the athlete-facing board, and the scoreboard.</li>",,,"<li><b>{0}</b>: Usa para iniciar el tablero de intentos, la pantalla que mira el atleta, y el marcador.</li>",,"<li><b>{0}</b>: Se utiliza para iniciar el marcador de intentos, el marcador de cara al atleta y el marcador.</li>","<li><b>{0}</b>: Usa para iniciar el tablero de intentos, el tablero que mira el atleta, y el marcador.</li>","<li><b>{0}</b>: Usa para iniciar el tablero de intentos, la pantalla que mira el atleta, y el marcador.</li>","<li><b>{0}</b>: Lancer les tableaux de résultats, l''affichage de l''essai courant, et l''affichage pour l''athlète.</li>",,,"<li><b>{0}</b>: Usado para iniciar o painel de tentativas, o painel voltado para o atleta e a sumula.</li>","<li><b>{0}</b>: Используется для запуска экрана подъема, экрана атлета и таблицы результатов.</li>","<li><b>{0}</b>: Dient zum Starten der Versuchsanzeige, der Anzeige für den Athleten und der Anzeigetafel.</li>","<li><b> {0} </b>: Används för att starta försökstavla, lyftarskärm och resultattavlan. </li>","<li><b>{0}</b>: Bruges til at starte Attempt board, Atlet-vendt Attempt Board og Scoreboard.</li>","<li><b>{0}</b>: Käytetään nostajantaulun, urheilijaa päin olevan taulun ja tulostaulun käynnistämiseen.</li>","<li><b>{0}</b>: Brukes til å starte forsøksskjerm, utøverskjerm og resultatskjermen.</li>","<li><b>{0}</b>: Used to start the attempt board, the athlete-facing board, and the scoreboard.</li>","<li><b>{0}</b>: A kísérleti kijelző, a sportolókkal szemben álló kijelző és az eredményjelző elindítására szolgál.</li>","<li><b>{0}</b>: folosit pentru a porni tabloul de încercare, monitor cu fața către atlet și monitorul de marcaj.</li>","<li><b>{0}</b>: Służy do uruchamiania tablicy prób, planszy skierowanej w stronę zawodnika i tablicy wyników.</li>","<li><b> {0} </b>: Օգտագործվում է փորձի էկրանի, մարզիկի էկրանի և արդյունքների աղյուսակի միացման համար . </li>","<li><b>{0}</b>: משמש להפעלת לוח הניסיונות, הלוח הפונה לספורטאים ולוח התוצאות.</li>",<li><b>{0}</b>: يُستخدم لتشغيل لوحة المحاولات، اللوحة المواجهة للرياضي، ولوحة النتائج.</li>,"<li><b>{0}</b>: Χρησιμοποιείται για την εκκίνηση της οθόνης προσπάθειας, της οθόνης που βλέπει τον αθλητή και του πίνακα αποτελεσμάτων.</li>",<li><b>{0}</b>: アテンプトボード、アスリート向けボード、スコアボードを開始するために使用されます</li>,30
TranslationDocumentation,<li>Contribute by translating the application to your own language: see the <a href='https://owlcms.github.io/owlcms4/#/Translation'>translation documentation</a>.,,,<li> Contribuya traduciendo la aplicación a su propio idioma: consulte la <a href='https://owlcms.github.io/owlcms4/#/Translation'> documentación de traducción </a>.,,<li> Contribuya traduciendo la aplicación a su propio idioma: consulte la <a href='https://owlcms.github.io/owlcms4/#/Translation'> documentación de traducción </a>.,<li> Contribuya traduciendo la aplicación a su propio idioma: consulte la <a href='https://owlcms.github.io/owlcms4/#/Translation'> documentación de traducción </a>.,<li> Contribuya traduciendo la aplicación a su propio idioma: consulte la <a href='https://owlcms.github.io/owlcms4/#/Translation'> documentación de traducción </a>.,<li>Traduire l'application dans votre propre langue: voir la  <a href='https://owlcms.github.io/owlcms4/#/Translation'>documentation de traduction</a>.,,,<li> Contribua traduzindo o aplicativo para o seu próprio idioma: consulte a <a href='https://owlcms.github.io/owlcms4/#/Translation'> documentação de tradução </a>.,Переведите приложение на свой собственный язык: см. <a href='https://owlcms.github.io/owlcms4/#/Translation'> перевод документации</a>.,"<li>Trage dazu bei, indem Du die Anwendung in deine Sprache übersetzt: siehe <a href='https://owlcms.github.io/owlcms4/#/Translation'>Dokumentation Überstzung</a>.",<li>Contribute by translating the application to your own language: see the <a href='https://owlcms.github.io/owlcms4/#/Translation'>translation documentation</a>.,<li>Contribute by translating the application to your own language: see the <a href='https://owlcms.github.io/owlcms4/#/Translation'>translation documentation</a>.,<li>Osallistu kääntämällä sovellus omalle kielellesi: katso <a href='https://owlcms.github.io/owlcms4/#/Translation'>translation documentation</a>.,<li>Bidra ved å oversette applikasjonen til ditt eget språk: se <a href='https://owlcms.github.io/owlcms4/#/Translation'>oversettelsesdokumentasjonen</a>.,<li>Contribute by translating the application to your own language: see the <a href='https://owlcms.github.io/owlcms4/#/Translation'>translation documentation</a>.,<li>Hozzájáruljon az alkalmazás saját nyelvére történő lefordításához: tekintse meg a <a href='https://owlcms.github.io/owlcms4/#/Translation'>translation documentation</a>.,<li>Contribuiți prin traducerea aplicației în limba dvs.: consultați <a href='https://owlcms.github.io/owlcms4/#/Translation'>translation documentation</a>.,"<li>Weź udział, tłumacząc aplikację na swój język: zobacz <a href='https://owlcms.github.io/owlcms4/#/Translation'>dokumentację tłumaczenia</a>.","Թարգմանեք ծրագիրը Ձեր ընտրած լեզվով, տես <a href='https://owlcms.github.io/owlcms4/#/Translation'> փաստաթղթերի թարգմանություն </a>",<li>תרום על ידי תרגום האפליקציה לשפה שלך: ראה את <a href='https://owlcms.github.io/owlcms4/#/Translation'>תיעוד התרגום</a>.,<li>ساهم في ترجمة التطبيق إلى لغتك: راجع <a href='https://owlcms.github.io/owlcms4/#/Translation'>وثائق الترجمة</a>.,<li>Συμβάλετε μεταφράζοντας την εφαρμογή στη δική σας γλώσσα: ανατρέξτε στην <a href='https://owlcms.github.io/owlcms4/#/Translation'>τεκμηρίωση μετάφρασης</a>.,<li>アプリケーションの翻訳に協力してください：詳しくは以下をご覧ください <a href='https://owlcms.github.io/owlcms4/#/Translation'>translation documentation</a>.,31
Documentation,<li>See also the <a href='https://owlcms.github.io/owlcms4/#/index'>documentation</a> for\u0020installation and configuration information.,,,<li> Consulte también la <a href='https://owlcms.github.io/owlcms4/#/index'> documentación </a> para obtener información sobre la instalación y la configuración.,,<li> Consulte también la <a href='https://owlcms.github.io/owlcms4/#/index'> documentación </a> para obtener información sobre la instalación y la configuración.,<li> Consulte también la <a href='https://owlcms.github.io/owlcms4/#/index'> documentación </a> para obtener información sobre la instalación y la configuración.,<li> Consulte también la <a href='https://owlcms.github.io/owlcms4/#/index'> documentación </a> para obtener información sobre la instalación y la configuración.,<li>Voir aussi la <a href='https://owlcms.github.io/owlcms4/#/index'>documentation</a> pour\u0020instructions d'installation et de configuration,,,<li>Veja também o <a href='https://owlcms.github.io/owlcms4/#/index'>documentação</a> para instalação e informações de configuração.,См. также<a href='https://owlcms.github.io/owlcms4/#/index'> документацию</a> для\u0020инструкция по установке и настройке.,<li>Siehe auch die <a href='https://owlcms.github.io/owlcms4/#/index'>Dokumentation</a> für\u0020Installations- und Konfigurationsinformationen.,<li>Se även <a href='https://owlcms.github.io/owlcms4/#/index'>dokumentation</a> för\u0020installation och konfigurations information.,<li>Se endvidere dokumentation på <a href='https://owlcms.github.io/owlcms4/#/index'>documentation</a> for\u0020installation and configuration information.,<li>Katso myös <a href='https://owlcms.github.io/owlcms4/#/index'>miten</a> \u0020 ohjelma asennetaan ja määritellään.,<li>Se også <a href='https://owlcms.github.io/owlcms4/#/index'>dokumentasjonen</a> for\u0020installasjons- og konfigurasjonsinformasjon.,<li>See also the <a href='https://owlcms.github.io/owlcms4/#/index'>documentation</a> for\u0020installation and configuration information.,<li>Tekintse meg a <a href='https://owlcms.github.io/owlcms4/#/index'>dokumentációt</a> a telepítési és konfigurációs információkért.,<li>Consultați și <a href='https://owlcms.github.io/owlcms4/#/index'>documentația</a> pentru\u0020informații de instalare și configurare.,"<li>Zobacz także <a href='https://owlcms.github.io/owlcms4/#/index'>dokumentację</a>, aby uzyskać\u0020informacje o instalacji i konfiguracji.",<li>Տես նաեւ <a href='https://owlcms.github.io/owlcms4/#/index'> փաստաթղթերը </a> համար \u0020տեղադրման  եւ կարգավորման .,<li>ראה גם את <a href='https://owlcms.github.io/owlcms4/#/index'>התיעוד</a> עבור מידע על התקנה ותצורה.,<li>انظر أيضًا <a href='https://owlcms.github.io/owlcms4/#/index'>الوثائق</a> لمعلومات التثبيت والتكوين,<li>Δείτε επίσης την <a href='https://owlcms.github.io/owlcms4/#/index'>τεκμηρίωση</a> για πληροφορίες εγκατάστασης και διαμόρφωσης.,<li>こちらもご覧ください<a href='https://owlcms.github.io/owlcms4/#/index'>documentation</a> for\u0020インストールおよび構成情報,32
ProjectRepository,<li>See the <a href='https://github.com/jflamy/owlcms4'>project repository</a> the full source.,,,<li> Ver el <a href='https://github.com/jflamy/owlcms4'> repositorio de proyectos </a> para la fuente completa.,,<li> Ver el <a href='https://github.com/jflamy/owlcms4'> repositorio de proyectos </a> para la fuente completa.,<li> Ver el <a href='https://github.com/jflamy/owlcms4'> repositorio de proyectos </a> para la fuente completa.,<li> Ver el <a href='https://github.com/jflamy/owlcms4'> repositorio de proyectos </a> para la fuente completa.,<li>Voir le <a href='https://github.com/jflamy/owlcms4'>référentiel du projet</a> pour le code source.,,,<li>Veja o <a href='https://github.com/jflamy/owlcms4'>repositório</a> para a fonte completa.,См. <a href='https://github.com/jflamy/owlcms4'>репозиторий проекта</a> для бинарных релизов и полных исходных кодов.<br>,<li>Siehe <a href='https://github.com/jflamy/owlcms4'> Projekt-Repository</a> für die vollständige Quelle.,<li>See the <a href='https://github.com/jflamy/owlcms4'>project repository</a> for the full source.,<li>See the <a href='https://github.com/jflamy/owlcms4'>project repository</a> for binary releases and the full source.,<li>Katso lisää <a href='https://github.com/jflamy/owlcms4'>projektin arkistosta</a> kaikki lähteet.,<li>Se <a href='https://github.com/jflamy/owlcms4'>prosjektdepotet</a> hele kilden.,<li>See the <a href='https://github.com/jflamy/owlcms4'>project repository</a> the full source.,<li>Tekintse meg a <a href='https://github.com/jflamy/owlcms4'>project repository</a> a teljes forrásért.,<li>Consultați <a href='https://github.com/jflamy/owlcms4'>project repository</a> pentru sursa completă.,"<li>Zobacz <a href='https://github.com/jflamy/owlcms4'>repozytorium projektu</a>, aby znaleźć wersje binarne i pełne źródła.",<li> Տես <a href='https://github.com/jflamy/owlcms4'> ծրագրի բազայի </a> համար երկուական հաղորդագրությունները եւ տեղեկատվության լիարժեք աղբյուր:,<li>ראה את <a href='https://github.com/owlcms/owlcms4'>מאגר הפרויקט</a> עבור גרסאות בינאריות ואת המקור המלא.,<li>انظر <a href='https://github.com/jflamy/owlcms4'>مستودع المشروع</a> للكود المصدري الكامل.,<li>Δείτε το <a href='https://github.com/jflamy/owlcms4'>αποθήκη έργου</a> την πλήρη πηγή.,<li>プロジェクトリポジトリはこちら <a href='https://github.com/jflamy/owlcms4'>project repository</a> the full source.,33
catAboveFormat,>{0},{0}+,,>{0},,>{0},>{0},>{0},>{0},,,>{0},{0}+,>{0},>{0},>{0},>{0},>{0},>{0},>{0},>{0},>{0},> {0},>{0},>{0},>{0},>{0},34
LimitForCategory,≤ max kg,,,≤ max kg,,≤ máx kg,≤ max kg,≤ max kg,≤ max kg,,,≤ max kg,≤ max кг,≤ max kg,≤ max kg,≤ max kg,≤ max kg,≤ maks kg,≤ max kg,≤ max kg,≤ max kg,≤ max kg,≤ max կգ,"≤ ק""ג מקסימלי",≤ الحد الأقصى كغ,≤ μέγιστο kg,≤ max kg,35
About,About,,,Acerca de,,Acerca de,Acerca de,Acerca de,À propos,À propos,A propos,Sobre,О программе,Über,Om,Om,Lisätiedot,Om,About,Rólunk,Despre noi,O systemie,Ծրագրի մասին,אודות,حول,Για,システムについて,36
Config.AccessControlTitle,Access Control,,,Control de Acceso,,Control de acceso,Control de Acceso,Control de Acceso,Contrôles d'accès,,,Controle de Acesso,Контроль доступа,Zugangskontrolle,Access Control,Adgangskontrol,Sisäänpääsyn hallinta,Tilgangskontroll,Access Control,Hozzáférés-szabályozás,Control acces,Kontrola dostępu,Մուտքի վերահսկում,בקרת גישה,التحكم في الوصول,Έλεγχος πρόσβασης,アクセスコントロール,37
Active,Active,,,Activo,,Activo,Activo,Activo,Actif,,,Ativo,Активная,Akitv,Aktiv,Aktiv,Aktivoi,Aktiv,Active,Aktív,Activ,Aktywny,Ակտիվ,פעיל,نشط,Ενεργός,Active,38
Active,Active,,,Activo,,Activo,Activo,Activo,Actif,,,Ativo,Активная,Aktiv,Aktiv,Aktiv,Aktivoi,Aktiv,Active,Aktív,Activ,Aktywny,Ակտիվ,פעיל,نشط,Ενεργός,Active,39
ActiveCategoriesOnly,Active Categories Only,,,Solo Categorias Activas,,Solo Categorías Activas,Solo Categorias Activas,Solo Categorias Activas,Catégories actives seulement,,,Apenas Categorias Ativas,Только активные категории,Nur aktive Gewichtsklassen,Endast aktiva viktklasser,Kun aktive vægtklasser,Vain aktiiviset painoluokat,Bare aktive kategorier,Active Categories Only,Csak aktív kategóriák,Numai categoriile active,Tylko aktywne kategorie,Միայն ակտիվ բաժինները,קטגוריות פעילות בלבד,الفئات النشطة فقط,Μόνο ενεργές κατηγορίες,Active カテゴリー のみ,40
Add,Add,,,Añadir,,Añadir,Añadir,Añadir,Ajouter,,,Adicionar,Добавить,Hinzufügen,Lägg till,Tilføj,Lisää,Legg til,Add,Hozzáadás,Adăuga,Dodać,Ավելացնել,הוסף,إضافة,Προσθέτω,追加,41
Add_title,Add {0},,,Añadir {0},,Añadir {0},Añadir {0},Añadir {0},Créer {0},,,Adicionar {0},Добавить {0},Hinzufügen {0},Lägg till {0},Tilføj {0},Lisää {0},Legg til {0},Add {0},Hozzáadás {0},Adăuga {0},Dodaj {0},Ավելացնել {0},הוסף {0},إضافة {0},Προσθήκη {0},追加 {0},42
AddNewCategory,Add Category,,,Agregar Categoria,,Agregar categoría,Agregar Categoria,Agregar Categoria,Ajouter catégorie,,,Adicionar Categoria,Добавить категорию,Gewichtsklasse hinzufügen,Lägg till en viktklass,Tilføj kategori,Lisää painoluokka,Legg til kategori,Add Category,Kategória hozzáadása,Adăugați o categorie,Dodaj kategorię,Համալրել,הוסף קטגוריה,إضافة فئة,Προσθήκη κατηγορίας,カテゴリー追加,43
darkModeSelect,"After opening, click on the board to select white on black or black on white.",,,"Despues de abrir, haga clic en blanco sobre negro o negro sobre blanco.",,"Después de abrir, haga clic en blanco sobre negro o negro sobre blanco.","Despues de abrir, haga clic en blanco sobre negro o negro sobre blanco.","Después de abrir, haga clic en blanco sobre negro o negro sobre blanco.","Après l'ouverture, cliquer sur l'écran pour choisir blanc sur noir ou noir sur blanc.",,,"Após a abertura, clique no quadro para selecionar o fundo branco ou fundo preto.",После открытия кликнуть мышкой по экрану и выбрать белый или черный фон результатов.,"Klicke nach dem Öffnen auf die Tafel, um Weiss auf Schwarz oder Schwarz auf Weiss auszuwählen.","Efter öppning ska du klicka på ""vitt på svart"" eller ""svart på vitt""",Efter åbning skal du klikke på [Hvid på Sort] eller [Sort på Hvid].,Avaamisen jälkeen napsauta taulua ja valitse valkoinen mustalla tai musta valkoisella.,"Etter å ha åpnet, klikk i skjermbildet for å velge hvit på svart eller svart på hvit.","After opening, click on the board to select white on black or black on white.","Megnyitás után kattintson a mezőre, a fehér feketén, vagy a fekete fehéren kiválasztásához.","După deschidere, faceți clic pe panou, pentru a selecta alb pe negru, sau negru pe alb.","Po otwarciu kliknij na planszę, aby wybrać biały na czarnym lub czarny na białym.",Բացելուց հետո մկնիկով սեղմեք էկրանի վրա և ընտրեք սև կամ սպիտակ ֆոն,"לאחר הפתיחה, לחץ על הלוח כדי לבחור שחור על לבן או לבן על שחור.",بعد الفتح، انقر على اللوحة لاختيار أبيض على أسود أو أسود على أبيض,"Μετά το άνοιγμα, κάντε κλικ στον πίνακα για να επιλέξετε λευκό σε μαύρο ή μαύρο σε λευκό.",開いたら、ボードをクリックして白地に黒、または黒地に白を選択します,44
Scoreboard.AgeGroup,Age Gr.,,,Grupos por Edades,,Grupos de Edades,Grupos por Edades,Grupos por Edades,Gr. Age.,,,Idade Gr.,Возрастная категория,Alterskl.,Åldersgrupp,Aldesgruppe,Ikäryhmä.,Aldersgruppe,Aldursbólkur,Korcsp.,G.Vârstă,Wiek gr.,Տարիքային խումբ,קבוצת גיל,مجموعة العمر,Ηλικία Γρ.,Age Gr.,45
Results.AgeGroup,Age Gr.,,,Grupos por Edades,,Grupos de Edades,Grupos por Edades,Grupos por Edades,Gr. Age.,,,Idade Gr.,Возрастная категория,Alterskl.,Åldersgrupp,Aldesgruppe,Ikäryhmä.,Aldersgr.,Age Gr.,Korcsp.,G. Vârstă,Wiek gr.,Տարիքային խումբ,קבוצת גיל,مجموعة العمر,Ηλικία Γρ.,Age Gr.,46
AgeGroup,Age Group,,,Grupos por Edades,,Grupos de Edades,Grupos por Edades,Grupos por Edades,Groupe d'âge,,,Grupo de Idade,Возрастная категория,Altersklasse,Åldersgrupp,Aldersgruppe,Ikäryhmä,Aldersgruppe,Aldursbólkur,Korcsoport,Grup de Vârstă,Grupa wiekowa,Տարիքային խումբ,קבוצת גיל,المجموعة العمرية,Ηλικιακή ομάδα,Age Group,47
Card.ageGroup,Age Group,,,Grupos por Edades,,Grupos de Edades,Grupos por Edades,Grupos por Edades,Groupe d'âge,,,Grupo de Idade,Возрастная категория,Altersklasse,Åldersgrupp,Aldersgruppe,Ikäryhmä,Aldersgruppe,Age Group,Korcsoport,Grup de Vârstă,Grupa wiekowa,Տարիքային խումբ,קבוצת גיל,المجموعة العمرية,Ηλικιακή ομάδα,Age Group,48
Preparation_AgeGroups,Age Groups,,,Grupos de Edad,,Grupos de Edades,Grupos de Edad,Grupos de Edad,Groupes d'âge,,,Grupos por Faixa Etária,Подготовка возрастных групп,Vorbereitung – Altersklassen,Förberedelse - Åldersgrupper,Forberedelse - Aldersgrupper,Ikäryhmät,Aldersgrupper,Age Groups,Korcsoport,Grup de Vârstă,Grupy wiekowe,Տարիքային խմբերի նախապատրաստում,קבוצות גיל,المجموعات العمرية,Ηλικιακές ομάδες,Age Groups,49
AgeFormat,Age must be a number between 0 and 999 inclusively.,,,La edad debe ser un número entre 0 y 999 inclusive.,,La edad debe ser un número entre 0 y 999 inclusive.,La edad debe ser un número entre 0 y 999 inclusive.,La edad debe ser un número entre 0 y 999 inclusive.,L'âge doit être entre 0 et 999 inclusivement.,,,"A idade deve ser um número entre 0 e 999, inclusive.",Возраст должен быть от 0 до 999 включительно.,Das Alter muss eine Zahl zwischen 0 und 999 beinhalten.,Åldern ska vara ett tal mellan 0 och 999.,Alder skal være et tal mellem 0 og 999 ,Iän on oltava numero väliltä 0–999.,Alder må være et tall mellom 0 og 999.,Age must be a number between 0 and 999 inclusively.,Az életkornak 0 és 999 közötti számnak kell lennie.,Vârsta trebuie să fie un număr între 0 și 999 inclusiv.,Wiek musi być liczbą z przedziału od 0 do 999 włącznie.,Տարիքը պետք է լինի 0-ից եւ 999-ը ներառյալ:,גיל חייב להיות מספר בין 0 ל-999 כולל.,يجب أن يكون العمر رقماً بين 0 و 999 شاملاً,Η ηλικία πρέπει να είναι ένας αριθμός μεταξύ 0 και 999 συμπεριλαμβανομένου.,年齢は 0 から 999 までの数字でなければなりません,50
Competition.roundRobinOrderExplanation,"All lifters perform their first lift according to requested weight, then same for 2nd attempt, then 3rd.",,,"Todos los levantadores realizan su primer intento de acuerdo al peso solicitado, lo mismo para el 2º y 3º intentos",,"Todos los levantadores realizan su primer intento de acuerdo al peso solicitado, lo mismo para el 2º y 3º intentos","Todos los levantadores realizan su primer intento de acuerdo al peso solicitado, lo mismo para el 2º y 3º intentos","Todos los levantadores realizan su primer intento de acuerdo al peso solicitado, lo mismo para el 2º y 3º intentos","Tous les athlètes font leur 1er essai dans l'ordre de poids demandé, pareillement pour le 2e, puis le 3e.",,,"Todos os atletas realizam seu primeiro levantamento de acordo com o peso solicitado, depois o mesmo para a segunda tentativa e depois para a terceira.","Все спортсмены выполняют свой первый подъём в соответствии с требуемым весом, затем тоже самое для 2-го подъема, затем 3-го.","Alle Heber führen den ersten Versuch entsprechend dem gewünschten Gewicht durch, das gleiche dann für den zweiten Versuch und für den dritten.","Alla lyftare utför sitt första lyft på angiven vikt, det samma gäller för andra och tredje försök. ","Alle løftere udfører første løft udfra angivet vægt, dernæst det samme for andet forsøg og igen for tredje forsøg.","Kaikki nostajat suorittavat ensimmäisen nostonsa pyydetyn painon mukaan, sitten sama 2. yritys, sitten 3.","Alle løftere utfører sitt første løft i henhold til ønsket vekt, deretter samme for 2. forsøk, deretter 3.","All lifters perform their first lift according to requested weight, then same for 2nd attempt, then 3rd.","Minden emelő végrehajtja az első emelést a kért súlynak megfelelően, majd ugyanezt a 2. kísérletre, majd a 3. kísérletre.","Toți concurenții efectuează prima ridicare în funcție de greutatea cerută, apoi aceeași pentru a 2-a încercare, apoi a 3-a.","Wszyscy zawodnicy wykonują swoje pierwsze podejście zgodnie z progresją ciężaru, następnie to samo dla drugiej próby, a następnie trzeciej.","Բոլոր մարզիկները կատարում են իրենց առաջին բարձրացումը ըստ պահանջվող քաշի, ապա նույնը 2-րդ փորձի համար, ապա 3-րդը:","כל המרימים מבצעים את ההרמה הראשונה שלהם לפי המשקל המבוקש, אחר כך אותו דבר לניסיון השני, ואז לשלישי.",جميع الرافعين يؤدون الرفعة الأولى حسب الوزن المطلوب، ثم الثانية والثالثة بنفس الطريقة,"Όλοι οι αθλητές εκτελούν την πρώτη τους προσπάθεια σύμφωνα με το ζητούμενο βάρος, μετά το ίδιο για τη 2η προσπάθεια και μετά για την 3η.",すべてのリフターは要求された重量に従って最初のリフトを実行し、次に 2 回目、3 回目も同様に実行します,51
Scoreboard.TimeAllowed,Allowed,,,Permitido,,Permitido,Permitido,Permitido,Alloué,,,Permitido,Разрешено,Erlaubt,Allowed,Allokeret,Sallittu,Tillatt,Allowed,Engedélyezett,Permis,Dozwolony,Թույլատրվում է,מאושר,مسموح,Επιτρέπεται,Allowed,52
Results.TimeAllowed,Allowed,,,Permitido,,Permitido,Permitido,Permitido,Alloué,,,Permitido,Разрешено,Erlaubt,Allowed,Allokeret,Sallittu,Tillatt,Allowed,Engedélyezett,Permis,Dozwolony,Թույլատրվում է,מאושר,مسموح,Επιτρέπεται,Allowed,53
Announcer,Announcer,,,Anunciador,,Locutor,Presentador,Anunciador,Annonceur,,,Locutor,Ведущий секретарь,Sprecher,Speaker,Speaker,Kuuluttaja,Speaker,Announcer,Bemondó,Crainic,Spiker,Գլխ․ քարտ․,כרוז,المذيع,Εκφωνητής,アナウンサー,54
Apply,Apply,,,Aplicar,,Aplicar,Aplicar,Aplicar,Appliquer,,,Aplicar,Применить,Übernehmen,Använd,Anvend,Käytä,Benytt,Apply,Alkalmaz,aplica,Zastosuj,Ընդունել,החל,تطبيق,Εφαρμόζω,Apply,55
AthleteCard,Athlete Card,,,Tarjeta del Atleta,,Tarjeta del Atleta,Tarjeta del Atleta,Tarjeta del Atleta,Carton d'athlète,,,Cartão do Atleta,Карточка,Startkarte,Lyftarkort,Atletkort,Kilpailijakortti,Utøverkort,Athlete Card,Versenyző kártya,Card de sportiv,Karta sportowca,Քարտ մարզիկի համար,כרטיס ספורטאי,بطاقة الرياضي,Κάρτα αθλητή,アスリートカード,56
AthleteCards,Athlete Cards,,,Tarjetas de Atleta,,Tarjetas de Atleta,Tarjetas de Atleta,Tarjetas de Atleta,Cartons d'athlète,,,Cartões do Atleta,Карточки спортсменов,Startkarten,Lyftarkort,Atlet kort,Kilpailijakortit,Utøverkort,Athlete Cards,Versenyző kártyák,Card de sportiv,Karty sportowców,Քարտեր մարզիկների համար,כרטיסי ספורטאי,بطاقات الرياضيين,Κάρτες αθλητών,アスリートカード(複数),57
Athlete_Attempt,Athlete-facing Attempt Board Display,,,Pantalla de Intento frente al Atleta,,Pantalla de Intento frente al Atleta,Pantalla de Intento frente al Atleta,Pantalla de Intento frente al Atleta,Essai courant (face à l'athlète),,,Exibição do quadro de tentativa voltado para o atleta,Экран попытки для спортсмена,Athleten Anzeige Versuch,Lyftarens Försökstavla,Atlet-vendt Attempt Board,Nostajaa päin oleva nostoyritystaulu,Utøverens forsøksskjerm,Athlete-facing Attempt Board Display,Versenyzőre néző kísérleti kijelző,Afișaj de bord pentru tentative din fața sportivului,Tablica podejścia skierowana w stronę sportowca,Փորձի էկրան մարզիկի համար,תצוגת לוח ניסיונות הפונה לספורטאים,عرض لوحة المحاولة المواجهة للرياضي,Για αθλητή πίνακας τρέχουσας προσπάθειας,選手向けアテンプトボードディスプレイ,58
Athlete_Decisions,Athlete-facing Timer/Down/Decisions,,,Cuenta regresiva/Orden de Bajada/Decisiones,,Cronómetro frontal Tiempo/Tierra/Veredicto,Temporizador de cara al Atleta/Abajo/Decisiones,Cuenta regresiva/Señal de bajada/Decisiones,Chrono/Terre/Décisions (face à l'athlète),,,Monitor do Atleta,Экран решения для спортсмена,Athleten Anzeige Zeit/Abzeichen/Wertung,Lyftarens skärm Timer/Nersignal/Beslut,Atlet-vendt Timer/Nedsignal/Afgørelse,kello/alasnuoli/tuomarivalot,Timer/Ned/Dommeravgj. som vender mot utøveren,Athlete-facing Timer/Down/Decisions,Versenyzőre néző időmérő/le/döntések,Cronometru/Jos/Decizii din fața sportivului,Tablica prób zwrócona w stronę sportowca,Մարզիկի համար ժամանակ,טיימר/למטה/החלטות הפונה לספורטאים,مؤقت/إشارة النزول/قرارات مواجهة للرياضي,Για αθλητή Χρονόμετρο/Σινιάλο/Αποφάσεις ,選手向けタイマー／カウントダウン／判定表示,59
Refereeing_Displays,Athlete-facing Timer/Down/Decisions,,,Cuenta regresiva/Tierra/Decisiones,,Frontal: Cronómetro/Tierra/Veredicto,Temporizador de cara al Atleta/Abajo/Decisiones,Cuenta regresiva/Señal de bajada/Decisiones,Chrono/Terre/Décisions (face à l'athlète),,,Tempo Voltado Para o Atleta /Descer/Decisão,Экран решения для спортсмена,Athleten Timer Anzeige /Abzeichen / Wertung,Lyftarens Timer/nersignal/Beslut,Atlet-vendt Timer/Nedsignal/Afgørelse,Kello/alas/tuomarivalot,Timer/Ned/Dommeravgj. som vender mot utøveren,Athlete-facing Timer/Down/Decisions,Versenyzőre néző időmérő/le/döntések,Cronometru/Jos/Decizii din fața sportivului,Timer / Opuść / Decyzje skierowane w stronę sportowca,Էկրան մարզիկի համար,טיימר/למטה/החלטות הפונה לספורטאים,مؤقت/إشارة النزول/قرارات مواجهة للرياضي,Για αθλητή Χρονόμετρο/Σινιάλο/Αποφάσεις ,選手向けタイマー／カウントダウン／判定表示,60
Attempt,Attempt,,,Intento,,Intento,Tentativa,Intento,Essai,,,Tentativa,Попытка,Versuch,Försök,Forsøg,Yritys,Forsøk,Attempt,Kísérlet,încercare,Podejście,Փորձ,ניסיון,محاولة,Απόπειρα,試技,61
AttemptAF,Attempt (AF),,,Intento (AF),,Intento (AF),Tentativa (AF),Intento (AF),Essai courant (face à l'athlète),,,Tentativa (AF),Экран попытки (лицом к атлету),Versuch (AF),Försök (AF),Forsøg (AV),Yritys (AF),Forsøk (AV),Attempt (AF),Kisérlet(AF),încercare(AF),Podejście (AF),Փորձի էկրան (դեպի մարզիկ),ניסיון (AF),محاولة (AF),Προσπάθεια (AF),試技 (AF),62
AttemptBoard,Attempt Board,,,Tablero de Intentos,,Pantalla de Intento,Intento de Tablero,Tablero de Intentos,Essai courant,,,Quadro de Tentativas (Público),Экран попытки,Anzeige Versuch,Försökstavla,Attempt Board,Nostoyritystaulu,Forsøksskjerm,Attempt Board,Kisérlet kijelző,Panou de încercare,Tablica podejścia,Փորձի էկրան,לוח ניסיונות,لوحة المحاولات,Πίνακας τρέχουσας Προσπάθειας,アテンプトボード,63
DisplayType.Title,Attempt Board Information,,,Información Tablero de Intentos,,Información de la Pantalla de Intento,Informacio Tablero de Intentos,Información Tablero de Intentos,Information sur l'écran d'essai courant,,,Quadro de Informação de Tentativas,Экран попытки,Versuchsanzeige Information,Försökskärms information,Attempt Board Information,Nostoyritystaulu info,Forsøksskjerm informasjon,Attempt Board Information,Kisérlet kijelző információ,Informatii Panou de încercare,Informacje o tablicy podejść,Փորձի էկրան,מידע על לוח הניסיונות,معلومات لوحة المحاولات,Πληροφορίες συμβουλίου προσπάθειας,アテンプトボード情報,64
DisplayType.LIFT_INFO,Attempt Info,,,Información Intento,,Información Intento,Información Tentativa,Información Intento,Information sur l'essai,,,Informações da Tentativa,Информация о попытке,Versuch Info,Försöksinformation,Nuværende forsøg,Yritys info,Forsøksinformasjon,Attempt Info,Kísérlet infó,Informații încercare,Informacje o podejściu,Տեղեկություն փորձի մասին,פרטי ניסיון,معلومات المحاولة,Πληροφορίες απόπειρας,試技情報,65
Speakers,Audio Output,,,Salida de Audio,,Salida de audio,Salida de Audio,Salida de Audio,Sortie audio,,,Saída de áudio,Аудио-выход,Audio Output,Ljudutgång,Lydudgang,Ääni ulostulo,Lydutgang,Audio Output,Hang kimenet,Iesire audio,Audio wyjście,Աուդիոելք,פלט שמע,مخرج الصوت,Έξοδος ήχου,オーディオ出力,66
AutomaticProgression,Automatic Progression,,,Progresión Automática,,Progresión Automática,Progresión Automótica,Progresión Automática,Progression automatique,,,Progressão Automática,Автоматическая надбавка,Automatische Steigerung,Automatisk höjning,Automatisk Øgning,Automaatti korotus,Automatisk høyning,Automatic Progression,Automatikus emeltetés,Progresie automată,Automatyczna progresja,Ավտոմատ ավելացում,התקדמות אוטומטית,تقدم تلقائي,Αυτόματη πρόοδος,自動進行,67
Card.automaticProgression,Automatic Progression,,,Progresión Automática,,Progresión Automática,Progresión Automótica,Progresión Automática,Progression automatique,,,Progressão Automática,Автоматическая надбавка,Auto Stgr.,Automatisk höjning,Automatisk Øgning,Automaatti korotus,Automatisk høyning,Automatic Progression,Automatikus emeltetés,Progresie automată,Automatyczna progresja,Ավտոմատ ավելացում,התקדמות אוטומטית,تقدم تلقائي,Αυτόματη πρόοδος,自動進行,68
ResetCategories.AvailableDefinitions,Available Definitions,,,Definiciones Disponibles,,Definiciones Disponibles,Definiciones Disponibles,Definiciones Disponibles,Définitions disponibles,,,Definições Disponíveis,Выбор шаблонов определения,Verfügbare Definitionen,Available Definitions,Tilgængelige definitioner,Saatavilla olevat määritykset,Tilgjengelige definisjoner,Available Definitions,Elérhető definíciók,Definiții disponibile,Dostępne definicje,Ընտրել տարբերակման շաբլոնը,הגדרות זמינות,التعاريف المتاحة,Διαθέσιμοι ορισμοί,利用可能な定義,69
AvailableTemplates,Available Templates,,,Plantillas Disponibles,,Plantillas Disponibles,Plantillas Disponibles,Plantillas Disponibles,Formats disponibles,,,Modelos Disponíveis,Доступные шаблоны,Verfügbare Vorlagen,Tillgängliga mallar,Tilgængelige Skabeloner,Saatavilla olevat mallit,Tilgjengelige maler,Available Templates,Elérhető sablonok,Șabloane disponibile,Dostępne szablony,Հասանելի շաբլոն,תבניות זמינות,القوالب المتاحة,Διαθέσιμα Πρότυπα,利用可能なテンプレート,70
Scoreboard.BodyWeight,B.W.,,,P. C.,,P. C.,P.C,P. C.,Poids,,,Peso Corporal,С.В.,Kgw.,Kroppsvikt,Vægt,Hlö.Paino.,Kroppsvekt,Kropsvekt,Ts.,G.C.,Waga,Անձ. քաշ,מ.ג.,وزن الجسم,B.W.,B.W.,71
Results.BodyWeight,B.W.,,,P. C.,,P. C.,P.C,P. C.,Poids,,,Peso Corporal,С.В.,Kgw.,Kroppsvikt,Vægt,Hlö.Paino.,Kr.v.,B.W.,Ts.,G.C.,Waga,Անձ. Ք,מ.ג.,وزن الجسم,B.W.,B.W.,72
Config.Backdoor,Backdoor Access IP List (use with care),,,Lista de IP de acceso de puerta trasera (úselo con cuidado),,Lista de IP de acceso de puerta trasera (úselo con cuidado),Lista de IP de acceso de puerta trasera (úselo con cuidado),Lista de IP de acceso de puerta trasera (úselo con cuidado),Adresses IP à accès direct (prudence!),,,Lista de IPs de acesso backdoor (use com cuidado),Список IP-адресов для доступа через черный ход (используйте с осторожностью),Backdoor Access IP List (use with care),Backdoor Access IP List (use with care),Backdoor Access IP List (use with care),Backdoor Access IP List (käytä varoen),Backdoor Access IP List (bruk med forsiktighet),Backdoor Access IP List (use with care),Hátsó-Hozzáférés IP-lista (használja óvatosan),Lista IP de acces  (utilizați cu grijă),Lista adresów IP dostępu do backdoora (używaj ostrożnie),Ետեւի ֆոնի IP ցուցակ (օգտագործել զգուշությամբ),רשימת IP לגישה אחורית (השתמש בזהירות),قائمة عناوين IP للوصول الخلفي (استخدم بحذر),Λίστα IP Access Backdoor (χρησιμοποιήστε με προσοχή),バックドアアクセス IP リスト（注意して使用してください）,73
Bar,Bar,,,Barra,,Barra,Barra,Barra,Barre,,,Barra,Гриф,Hantel,Skivstång,Stang,Tanko,Stang,Bar,Rúd,Bară,Gryf,Ծանրաձող,מוט,البار,Μπαρ,バー,74
BarWeight,Bar Weight,,,Peso de la Barra,,Peso de la Barra,Peso de la Barra,Peso de la Barra,Poids de la barre,,,Peso da Barra,Вес грифа,Hantelgewicht,Skivstångens vikt,Stangens vægt,Tangon paino,Stengvekt,Bar Weight,Rúd súlya,Greutatea Bară,Waga gryfu,Ծանրաձողի քաշը,משקל מוט,وزن البار,Βάρος ράβδου,バー重量,75
BreakType.FIRST_CJ,Time before Clean & Jerk,,,Antes del Envión,,Antes del Dos Tiempos,Antes Envión,Antes del Envión,Décompte avant l'épaulé-jeté,,,Antes do Arremesso,До толчка,Vor dem Stossen,Innan Stöt,Før Stød,Aikaa työntönostoihin,Tid før Støt,Time before Clean & Jerk,Lökés előtti szünet,Pauză înainte de aruncat,Czas do rozpoczęcia podrzutu,Մինչև հրում,זמן לפני דחיקה,الوقت قبل النتر,Time before Clean & Jerk,Clean & Jerk 前の時間,76
BreakType.BEFORE_INTRODUCTION,Time before Introduction,,,Antes de la Presentación,,Antes de la Presentación,Antes Introduccion,Antes de la Presentación,Décompte avant la présentation,,,Antes da Apresentação,До представления,Vor der Vorstellung,Innan presentation,Før præsentation,Aikaa esittelyyn,Tid før introduksjon,Time before Introduction,Bemutatás előtti idő,Pauză înainte de prezentare,Czas do rozpoczęcia prezentacji,Մինչև ներկայացում,זמן לפני הצגה,الوقت قبل التقديم,Χρόνος πριν την εισαγωγή,選手紹介 前の時間,77
BreakType.FIRST_SNATCH,Time before Snatch,,,Antes del Arranque,,Antes de la Arrancada,Antes Arranque,Antes del Arranque,Décompte avant l'arraché,,,Antes do Arranco,До рывка,Vor dem Reissen,Innan Ryck,Før Træk,Aikaa tempaus nostoihin,Tid før Rykk,Time before Snatch,Szakítás előtti idő,Pauză înainte de smuls,Czas do rozpoczęcia rwania,Մինչև պոկում,זמן לפני הנפה,الوقت قبل الخطف,Χρόνος πριν το Αρσενό,Snatch 前の時間,78
Results.Best,Best,,,Mejor,,Mejor,,Mejor,Meilleur,,,Melhor,Best,Beste,Bästa,Bedste,Parastulos,Beste,Best,Legjobb,Cel mai bun,Najlepszy,Արդ,תוצאה,الأفضل,Καλύτερος,ベスト,79
BirthDate,Birth Date,,,Fecha de Nacimiento,,Fecha de nacimiento,Fecha de Nacimiento,Fecha de Nacimiento,Date naissance,,,Data de Nascimento,Дата рождения,Geburtsdatum,Födelsedatum  ,Født,Syntymäaika,Fødselsdato,Birth Date,Születési Dátum,Data de naștere,Data urodzenia,Ծննդյան ամսաթիվ,תאריך לידה,تاريخ الميلاد,Ημερομηνία Γέννησης,生年月日,80
Card.birthDate,Birth Date,,,Fecha de Nacimiento,,Fecha de nacimiento,Fecha de Nacimiento,Fecha de Nacimiento,Naissance,,,Data de Nascimento,Дата рождения,Geb.,Födelsedatum  ,Født,Syntymäaika,Fødselsdato,Birth Date,Születési Dátum,Data de naștere,Data urodzenia,Ծ/Թ,תאריך לידה,تاريخ الميلاد,Ημερομηνία Γέννησης,生年月日,81
BirthDate_yyyy,Birth Date (yyyy-mm-dd),,,Fecha de nacimiento (yyyy-mm-dd),,Fecha de nacimiento (yyyy-mm-dd),Fecha de nacimiento (yyyy-mm-dd),Fecha de nacimiento (yyyy-mm-dd),Date naissance (yyyy-mm-dd),,,Data de Nascimento (aaaa-mm-dd),Дата рождения (yyyy-mm-dd),Geburtsdatum (dd-mm-yyyy),Födelsedatum (yyyy-mm-dd),Født (yyyy-mm-dd),Syntymäaika (vvvv-kk-pp),Fødselsdato (åååå-mm-dd),Birth Date (yyyy-mm-dd),Születési Dátum (év-hó-nap),Data de naștere (an-luna-ziuă),Data urodzenia (yyyy-mm-dd),Ծննդյան ամսաթիվ (տտտտ-աա-օօ),תאריך לידה (yyyy-mm-dd),تاريخ الميلاد (yyyy-mm-dd),Ημερομηνία γέννησης (εεεε-μμ-ηη),生年月日 (yyyy-mm-dd),82
BirthDate_cannot_future,Birth date cannot be in the future,,,Fecha de Nacimiento no puede ser en futuro,,Fecha de Nacimiento no puede ser en futuro,Fecha de Nacimiento no puede ser en Futuro,Fecha de Nacimiento no puede ser en futuro,La date de naissance ne peut pas être dans le futur.,,,A data de nascimento não pode ser no futuro,Дата рождения не может быть в будущем,Das Geburtsdatum kann nicht in der Zukunft liegen,Födelsedatum kan inte vara i framtiden,Fødselsdato må ikke ligge i fremtiden,Syntymäaika ei voi olla tulevaisuudessa,Fødselsdatoen kan ikke ligge i fremtiden,Birth date cannot be in the future,A születési dátum nem lehet a jövőben,Data nașterii nu poate fi în viitor,Data urodzenia nie może być z przyszłości,Ծննդյան ամսաթիվը չի կարող լինել ապագայում,תאריך הלידה לא יכול להיות בעתיד,تاريخ الميلاد لا يمكن أن يكون في المستقبل,Η ημερομηνία γέννησης δεν μπορεί να είναι στο μέλλον,生年月日は将来日付にできません,83
Registration.birth,Birth Date or Birth Year,,,Fecha o Año de Nacimiento,,Fecha o Año de Nacimiento,Fecha o Año de Nacimiento,Fecha o Año de Nacimiento,Date ou année de naissance,,,Data de nascimento ou ano de nascimento,Birth Date or Birth Year,Geburtsdatum oder Geburtsjahr,Födelsedatum eller födelse år,Fødselsdato eller -år,Syntymäaika tai syntymävuosi,Fødselsdato eller -år,Birth Date or Birth Year,Születési dátum,Data nașterii sau Anul nașterii,Data urodzenia lub rok urodzenia,Ծննդյան ամսաթիվը կամ ծննդյան տարին,תאריך לידה או שנת לידה,تاريخ الميلاد أو سنة الميلاد,Ημερομηνία γέννησης ή έτος γέννησης,生年月日または生年,84
light,Black on white,,,Negro y Blanco,,Negro y Blanco,Negro y Blanco,Negro y Blanco,Noir sur blanc,,,Fundo Branco,Результаты на белом фоне,Schwarz auf Weiss,Svart på vitt,Sort på Hvid,Musta valkoisella pohjalla,Svart på hvitt,Black on white,Fekete fehéren,Negru pe alb,Czarne lub białe,Արդյունքները՝ սպիտակ ֆոնի վրա,שחור על לבן,أسود على أبيض,Μαύρο σε λευκό,白地に黒,85
BodyWeight,Body Weight,,,Peso Corporal,,Peso corporal,Peso Corporal,Peso Corporal,Poids,,,Peso Corporal,Собственный вес,Körpergewicht,Kroppsvikt,Vægt,Hlö.Paino.,Kroppsvekt,Body Weight,Testsúly,Greutate corporala,Waga,Անձնական քաշը,משקל גוף,وزن الجسم,Βάρος Σώματος,体重,86
Card.bodyWeight,Body Weight,,,Peso Corporal,,Peso corporal,Peso Corporal,Peso Corporal,Poids Corporel,,,Peso Corporal,Собственный вес,Kgw.,Kroppsvikt,Kropsvægt,Hlö.Paino.,Kroppsvekt,Body Weight,Testsúly,Greutate corporala,Waga,Անձնական քաշը,משקל גוף,وزن الجسم,Βάρος Σώματος,体重,87
BodyWeightCategories,Bodyweight Categories,,,Divisiones de Peso Corporal,,Categorías de Peso Corporal,Categorias de Peso Corporal,Divisiones de Peso Corporal,Catégories de poids,,,Categorias de Peso Corporal,Весовые категории,Gewichtsklassen,Viktklasser,Vægtklasser,Kilpailusarja,Vektklasser,Bodyweight Categories,Testsúly kategóriák,Categorii de greutate corporală,Kategoria wagowa,Քաշային կարգեր,קטגוריות משקל גוף,فئات وزن الجسم,Κατηγορίες σωματικού βάρους,体重カテゴリー,88
Scoreboard.Birth,Born,,,Año,,Año,Año,Año,Naiss.,,,Nasc.,Год,Geb.,Född,Født,s.,Født,Føðiár,Szül.,Născut,Data ur.,Ծ/Թ,נולד,مولود,Γεννημένος,生年,89
Results.Birth,Born,,,Año,,Año,Año,Año,Naiss.,,,Nascimento,Год,Geb.,Född,Født,s.,Født,Born,Szül.,Născut,Data ur.,Ծ/Թ,נולד,مولود,Γεννημένος,生年,90
BreakButton.Caption,Break Timer,,,Reloj de Descanso,,Cronómetro de Descanso,Temporizador de Descanso,Reloj de Descanso,Chronomètre de pause,,,Pausa,Остановить таймер,Break Timer,Paustimer,Pause Timer,Tauko kello,Pause Timer,Break Timer,Szünet,Pauză,Timer przerwy,Կանգնեցնել ժամաչափը,טיימר הפסקה,مؤقت الاستراحة,Χρονοδιακόπτης διακοπής,休憩タイマー,91
BumperPlates,Bumper Plates,,,Pesas Grandes,,Pesas grandes,Pesas Grandes,Discos Grandes,Disques,Grandes plaques,,Anilhas Grandes,Большие диски,Hantelscheiben,Viktplattor,Store skiver,Levypainot,Store skiver,Bumper Plates,Tárcsák,Discuri,Talerze obciążenia,Մեծ քարեր,פלטות באמפר,أقراص مطاطية,Πλάκες προφυλακτήρα,バンパープレート,92
Division.U,By Age Group,,,Grupo de Edad,,Grupo de Edad,Grupo de Edad,Grupo de Edad,Par groupes d'âge,,,Divisão de idade,Возрастная кат.,Altersklasse,Åldersindelning,Aldersinddelt,Ikäluokan mukaan,Aldersinndelt,By Age Group,Korcsoport szerint,Pe grupe de vârstă,Według grupy wiekowej,Տարիքային խումբ,לפי קבוצת גיל,حسب المجموعة العمرية,Ανά Ηλικιακή Ομάδα,年齢別,93
Clean_and_Jerk_short,C&J,,,Env.,,D. T.,Env.,Env.,É.-J.,,,Arremesso,Т.,St.,Stöt,Stød,Työntö,Støt,C&J,Lökés,Aruncat,Podrzut,Հ.,דחיקה,نتر,C&J,C&J,94
C_and_J_number,C&J #{0},,,Env. #{0},,DT #{0},Env. #{0},Env. #{0},É.-J. #{0},,,Arremesso {0}º,Толчок {0},Stossen #{0},Stöt #{0},Stød nr. {0},Työntö #{0},Støt #{0},C&J #{0},Lökés. #{0},Aruncat. #{0},Podrzut. #{0},Հրում #{0},דחיקה #{0},نتر #{0},C&J #{0},C&J #{0},95
C_and_J_1,C&J 1,,,Env. 1,,DT 1,Env. 1,Env. 1,É.-J. 1,,,1º Arremesso,Т1,Stossen 1,Stöt 1,Stød 1,Työntö. 1,Støt 1,C&J 1,Lökés. 1,Aruncat. 1,Podrzut. 1,Հրում 1,דחיקה 1,نتر 1,C&J 1,C&J 1,96
C_and_J_2,C&J 2,,,Env. 2,,DT 2,Env. 2,Env. 2,É.-J. 2,,,2º Arremesso,Т2,Stossen 2,Stöt 2,Stød 2,Työntö. 2,Støt 2,C&J 2,Lökés. 2,Aruncat. 2,Podrzut. 2,Հրում 2,דחיקה 2,نتر 2,C&J 2,C&J 2,97
C_and_J_3,C&J 3,,,Env. 3,,DT 3,Env. 3,Env. 3,É.-J. 3,,,3º Arremesso,Т3,Stossen 3,Stöt 3,Stød 3,Työntö. 3,Støt 3,C&J 3,Lökés. 3,Aruncat. 3,Podrzut. 3,Հրում 3,דחיקה 3,نتر 3,C&J 3,C&J 3,98
C_and_J_decl,C&J Decl.,,,Env. Decl.,,DT Decl.,Env. Decl.,Env. Decl.,Décl. É.-J.,,,Arremesso Decl.,Толчок,Stossen Mldg.,Ingång Stöt,Stød Dekl.,Työntö. Ilmo.,Støt Dekl.,C&J Decl.,Kezdő Lökés,Aruncat,Podrzut Dekl.,Հրում,הצהרת דחיקה,إعلان النتر,C&J Decl.,C&J 申告,99
C_and_J_decl,C&J Decl.,,,Env. Decl.,,DT Decl.,Env. Decl.,Env. Decl.,Décl. É.-J.,,,Arremesso Decl.,Толчок,Stossen Mldg.,Ingång Stöt,Stød Dekl.,Työntö. Ilmo.,Støt Dekl.,C&J Decl.,Kezdő Lökés,Aruncat,Podrzut Dekl.,Հրում,הצהרת דחיקה,إعلان النتر,C&J Decl.,C&J 申告,100
Results.CJ_abbrev,C&J,,,Env.,,DT,Env.,Env.,E.-J.,,,Arrem.,C&J,St.,Stöt,Stød,Työntö,Støt,C&J,Lökés,Aruncat,Podrzut,Հրում,דחיקה,نتر,C&J,C&J,101
CantReadCell,Can't read cell,,,No se puede leer la celda,,No puede leer el móvil,No puedo leer celular,No se puede leer la celda,Cellule impossible à interpréter,,,Não foi possível ler a célula,Не могу прочитать ячейку,Kann Zelle nicht lesen,Kan inte läsa cell,Kan ikke læse cellen,Solua ei voi lukea,Kan ikke lese celle,Can't read cell,A cella nem olvasható,Nu pot citi celula,Nie można odczytać komórki,Հնարավոր չէ կարդալ բջիջը,לא מצליח לקרוא תא,لا يمكن قراءة الخلية,Δεν μπορώ να διαβάσω το κελί,セルを読み取れません,102
Cancel,Cancel,,,Cancelar,,Cancelar,Cancelar,Cancelar,Annuler,,,Cancelar,Отмена,Abbrechen,Avbryt,Annuller,Peruuta,Lukk,Cancel,Töröl,Anulare,Anuluj,Չեղարկել,בטל,إلغاء,Ματαίωση,キャンセル,103
Unexpected_event_state,Cannot {0} when {1}.,,,No se puede {0} cuando {1}.,,No se puede {0} cuando {1}.,No se puede {0} cuando {1}.,No se puede {0} cuando {1}.,Ne pas {0} quand {1},,,Não é permitido {0} enquanto o {1}.,"Вы не должны {0}, когда {1}.",Kann nicht {0} wenn {1}.,Cannot {0} when {1}.,Kan ikke {0} mens {1}.,Ei voi olla {0} kun {1}.,Kan ikke {0} når {1}.,Cannot {0} when {1}.,"Nem lehet {0}, amikor {1}.",Nu se poate {0} când {1}.,Nie można {0} gdy {1}.,"Դուք չպետք է {0}, երբ {1}:",לא ניתן {0} כאשר {1}.,لا يمكن {0} عندما {1}.,Δεν είναι δυνατή η {0} όταν {1}.,{1} の場合は {0} できません,104
Scoreboard.Category,Cat.,,,Cat.,,Cat.,Cat.,Cat.,Cat.,,,Cat.,Кат.,Gwkl.,Viktkl.,Vægtklasse,Sarja,Kat.,Vektflokkur,Súlycs.,Cat.,Kat.,Ք/Կ,קטגוריה,فئة,Γάτα.,カテゴリー,105
Results.Category,Cat.,,,Cat.,,Cat.,Cat.,Cat.,Cat.,,,Cat.,Кат.,Gwkl.,Viktklass,Vægtklasse,Sarja,Kat.,Cat.,Súlycs.,Cat.,Kat.,Ք/Կ,קטגוריה,فئة,Γάτα.,カテゴリー,106
Preparation_Categories,Categories,,,Categorias,,Categorías,Categorias ,Categorias,Catégories,,,Categorias,Категории,Gewichtsklassen,Viktklasser,Kategorier,Sarjat,Kategorier,Categories,Csoportok,Grupe,Kategorie,Քաշային կարգեր,קטגוריות,الفئات,Κατηγορίες,カテゴリー,107
ResetCategories.CategoriesReset,Categories have been recomputed.,,,Las Categorias han sido Recalculadas,,Las categorías han sido recalculadas.,Las Categorias han sido Recalculadas,Las Categorias han sido Recalculadas,Les catégories ont été recalculées.,,,As categorias foram recalculadas.,Категории были обновлены.,Gewichtsklassen wurden neu berechnet.,Categories have been recomputed.,Kategorier er blevt genberegnet,Sarjat on määritelty uudestaan,Kategorier er beregnet på nytt.,Categories have been recomputed.,A kategóriák újraszámításra kerültek.,Categoriile au fost recalculate.,Kategorie zostały przeliczone.,Քաշային կարգերը թարմացված են,הקטגוריות חושבו מחדש.,تم إعادة حساب الفئات,Οι κατηγορίες έχουν επανυπολογιστεί.,カテゴリーが再計算されました,108
Card.category,Category,,,Categoria,,Categoría,Categoria,Categoria,Catégorie,,,Categoria,Категория,Gewkl.,Viktklass,Kategori,Sarja,Kategori,Category,Kategória,Categorie,Kategoria,Ք․Կ․,קטגוריה,الفئة,Κατηγορία,カテゴリー,109
Category,Category,,,Categoria,,Categoría,Categoria,Categoria,Catégorie,,,Categoria,Категория,Gewkl.,Viktklass,Vægtklasse,Sarja,Kategori,Category,Kategória,Categorie,Kategoria,Քաշային կարգ,קטגוריה,الفئة,Κατηγορία,カテゴリー,110
Upload.CategoryNotFoundByName,"Category  ""{0}"" is not defined.",,,"Categoria ""{0}"" no esta definida.",,"La Categoría ""{0}"" no está definida.","Categoria ""{0}"" no esta definido.","Categoria ""{0}"" no esta definida.","La catégorie ""{0}"" n'est pas définie.",,,"A categoria ""{0}"" não foi definida.","Категория  ""{0}"" не назначена","Gewichtsklasse ""{0}"" ist nicht definiert.","Viktklassen  ""{0}"" är inte definierad","Vægtklassen ""{0}"" er ikke defineret","Sarja  ""{0}"" ei ole määritelty.","Kategori ""{0}"" er ikke definert.","Category  ""{0}"" is not defined.","A ""{0}""Súlycsoport nincs meghatározva.","Categoria ""{0}"" nu este definită.","Kategoria ""{0}"" nie jest zdefiniowana.","""{0}"" Ք․Կ․-ն սահմանված չէ:","הקטגוריה ""{0}"" לא מוגדרת.","الفئة ""{0}"" غير محددة","Η κατηγορία ""{0}"" δεν έχει οριστεί.","カテゴリー  ""{0}"" は未定義です",111
Upload.CategoryNotFound,"Category cannot be found using age={0}, gender={1}, weight={2}",,,"La Categoría no se puede encontrar utilizando edad={0}, género={1}, peso={2}",,"La Categoría no se puede encontrar utilizando edad={0}, género={1}, peso={2}","No se puede encontrar la categoría usando la edad={0}, genero={1}, peso={2}","La Categoría no se puede encontrar utilizando edad={0}, género={1}, peso={2}","Categorie introuvable avec age={0}, genre={1}, poids={2}",,,"A categoria não pode ser encontrada usando idade = {0}, gênero = {1}, peso = {2}","Category cannot be found using age={0}, gender={1}, weight={2}","Gewichtsklasse kann nicht für das benutzte Alter gefunden werden={0}, Geschlecht={1}, Körpergewicht={2}","Kan inte hitta en viktklass med ålder={0}, kön={1}, vikt={2}","Kan ikke finde en vægtklasse med alder={0}, køn={1}, vægt={2}","Sarjaa ei löydy ikä={0}, sukupuoli={1}, paino={2}","Kategori kan ikke finnes med alder={0}, kjønn={1}, vekt={2}","Category cannot be found using age={0}, gender={1}, weight={2}","A Súlycsoport nem található az életkort ={0}, nem={1}, súly={2} használatával","Categoria nu poate fi găsită folosind vârsta ={0}, sexul={1}, greutatea={2}","Nie można znaleźć kategorii przy użyciu wieku={0}, płci={1}, wagi={2}","Ք․Կ-ն հնարավոր չէ գտնել ՝ օգտագործելով տարիքը = {0}, սեռը = {1}, քաշը = {2}","לא ניתן למצוא קטגוריה לפי גיל={0}, מין={1}, משקל={2}",لا يمكن العثور على الفئة باستخدام العمر={0}، الجنس={1}، الوزن={2},"Δεν είναι δυνατή η εύρεση της κατηγορίας χρησιμοποιώντας ηλικία={0}, φύλο={1}, βάρος={2}",年齢={0}、性別={1}、体重={2} ではカテゴリーが見つかりません,112
Category_no_match_body_weight,Category does not match body weight.,,,La categoría no coincide con el peso corporal.,,La categoría no coincide con el peso corporal.,La categoria no coincide con el peso corporal,La categoría no coincide con el peso corporal.,La catégorie ne correspond pas au poids corporel.,,,A Categoria não coincide com o peso corporal.,Категория не соответствует весу спортсмена,Gewichtsklasse passt nicht zum Körpergewicht,Klassen matchar inte med kroppsvikten.,Vægtklasse matcher ikke med kropsvægt,Sarja ei täsmää painoluokkaan,Kategori samsvarer ikke med kroppsvekt.,Category does not match body weight.,A Súlycsoport nem felel meg a testsúlynak.,Categoria nu se potrivește cu greutatea corporală.,Kategoria nie jest zgodna z masą ciała.,Խումբը չի համապատասխանում մարզիկի քաշին,קטגוריה לא תואמת משקל גוף.,الفئة لا تتطابق مع وزن الجسم,Η κατηγορία δεν ταιριάζει με το σωματικό βάρος.,カテゴリーが体重と一致しません,113
Category_no_match_gender,Category does not match gender.,,,La categoría no coincide con el género.,,La categoría no coincide con el género.,La categoria no coincide con el Genero,La categoría no coincide con el género.,La catégorie ne correspond pas au genre.,,,A Categoria não Corresponde ao Gênero.,Категория не соответствует полу спортсмена,Gewichtsklasse passt nicht zum Geschlecht,Klassen matchar inte med kön,Vægtklasse matcher ikke med køn,Sukupuoli ei täsmää,Kategori samsvarer ikke med kjønn.,Category does not match gender.,A Súlycsoport nem felel meg a nemnek.,Categoria nu se potrivește cu sexul.,Kategoria nie jest zgodna z płcią.,Խումբը չի համապատասխանում մարզիկի սեռին,קטגוריה לא תואמת מין.,الفئة لا تتطابق مع الجنس,Η κατηγορία δεν ταιριάζει με το φύλο.,カテゴリーが性別と一致しません,114
Category_no_match_age,Category does not match the age of the athlete.,,,La categoría no coincide con la edad del Atleta.,,La categoría no coincide con la edad del Atleta.,La categoria no coincide con la Edad del Atleta,La categoría no coincide con la edad del Atleta.,La catégorie ne correspond pas à l'âge de l'athlète.,,,A categoria não corresponde à idade do atleta.,Категория не соответствует возрасту спортсмена.,Die Gewichtsklasse entspricht nicht dem Alter des Athleten.,Klassen matchar inte med lyftarens ålder,Kategorien passer ikke til atletens alder.,Sarja ei täsmää urheilijan ikään,Kategori samsvarer ikke med alderen til utøveren.,Category does not match the age of the athlete.,A Súlycsoport nem egyezik a versenyző életkorával.,Categoria nu se potrivește cu vârsta sportivului.,Kategoria nieadekwatna do wieku zawodnika.,Բաժինը չի համապատասխանում մարզիկի տարիքին,קטגוריה לא תואמת את גיל הספורטאי.,الفئة لا تتطابق مع عمر الرياضي,Η κατηγορία δεν ταιριάζει με την ηλικία του αθλητή.,カテゴリーが選手の年齢と一致しません,115
Cell,Cell,,,Celda,,Celda,Celda,Celda,Cellule,,,Célula,Ячейка,Zelle,Cell,Celle,Solu,Celle,Cell,Cella,Celula,Komórka,բջիջ,תא,خلية,Κύτταρο,セル,116
Card.change1,Change 1,,,Cambio 1,,Cambio 1,Cambio 1,Cambio 1,Changement 1,,,1ª Mudança,Перезаявка 1,Steigerung 1,Ändring 1,Ændring 1,1. Korotus,Endring 1,Change 1,Változtatás 1,Schimbarea 1,Zmiana 1,I փոփոխում,שנה 1,تغيير 1,Αλλαγή 1,変更 1,117
Change_1,Change 1,,,Cambio 1,,Cambio 1,Cambio 1,Cambio 1,Changement 1,,,1ª Mudança,Перезаявка 1,Steigerung 1,Ändring 1,1. ændring,1. Korotus,Endring 1,Change 1,Változtatás 1,Schimbarea 1,Zmiana 1,Փոփոխությունը 1,שנה 1,تغيير 1,Αλλαγή 1,変更 1,118
Card.change2,Change 2,,,Cambio 2,,Cambio 2,Cambio 2,Cambio 2,Changement 2,,,2ª Mudança,Перезаявка 2,Steigerung 2,Ändring 2,Ændring 2,2. Korotus,Endring 2,Change 2,Változtatás 2,Schimbarea 2,Zmiana 2,II փոփոխում,שנה 2,تغيير 2,Αλλαγή 2,変更 2,119
Change_2,Change 2,,,Cambio 2,,Cambio 2,Cambio 2,Cambio 2,Changement 2,,,2ª Mudança,Перезаявка 2,Steigerung 2,Ändring 2,2. ændring,2. Korotus,Endring 2,Change 2,Változtatás 2,Schimbarea 2,Zmiana 2,Փոփոխություն 2,שנה 2,تغيير 2,Αλλαγή 2,変更 2,120
EVENT_BarbellOrPlatesChanged,change barbell or plates,,,Cambiar Barra o Discos,,cambiar barra o discos,Cambiar Barra o Discos,Cambiar Barra o Discos,changer les disques ou l'haltère,changer les plaques ou la barre,,Mudar a Barra ou Anilhas,заменить штангу или диски,Wechsle Hantel oder Scheiben,Ändra skivstång eller vikter,skift stang eller skiver,muuta tanko tai levypaino,endre vektstang eller skiver,change barbell or plates,tárcsát vagy rudat cserélni,schimba greutățile sau bara,zmień sztangę lub talerze,Փոխել ծանրաձողը կամ կշռաքարերը,החלף מוט או פלטות,تغيير البار أو الأقراص,αλλάξτε μπάρα ή πιάτα,バーベル/プレートの変更,121
EVENT_WeightChanged,change requested weight,,,Cambiar el Peso Solicitado,,cambiar el peso solicitado,Cambiar el Peso Solicitado,Cambiar el Peso Solicitado,changer le poids demandé,,,Alterar peso solicitado,изменить заявленный вес,ändere das geforderte Gewicht,ändra önskad vikt,ret ønsket vægt,muuta aloituspaino,endre ønsket vekt,change requested weight,módosítsa a kívánt súlyt,modificarea greutății solicitate,zmień wagę,Փոխել հայտարարված քաշը,שנה משקל מבוקש,تغيير الوزن المطلوب,αλλαγή βάρους που ζητήθηκε,要求された重量の変更,122
Competition.competitionCity,City,,,Ciudad,,Ciudad,Ciudad,Ciudad,Ville,,,Cidade,Город,Stadt,Stad,By,Kaupunki,By,City,Város,Oraș,Miasto,Քաղաք,עיר,المدينة,Πόλη,都市,123
Card.cleanJerk,Clean&amp;Jerk,,,Envión,,Dos Tiempos,Envión,Envión,Épaulé-jeté,,,Arremesso,Толчок,Stossen,Stöt,Stød,Työntö,Støt,Stød,Lökés,Aruncat,Podrzut,Հրում,דחיקה,النتر,Καθαρό & τράνταγμα,Clean&amp;Jerk,124
Scoreboard.Clean_and_Jerk,Clean&amp;Jerk,,,Envión,,Dos Tiempos,Envión,Envión,Épaulé-jeté,,,Arremesso,Толчок,Stossen,Stöt,Stød,Työntö,Støt,Vend & Stoyt,Lökés,Aruncat,Podrzut,Հրում,דחיקה,النتر,Καθαρό & τράνταγμα,Clean&amp;Jerk,125
Clean_and_Jerk,Clean&Jerk,,,Envión,,Dos Tiempos,Envión,Envión,Épaulé-jeté,,,Arremesso,Толчок,Stossen,Stöt,Stød,Työntö,Støt,Clean&Jerk,Lökés,Aruncat,Podrzut,Հրում,דחיקה,النتر,Clean&Jerk,Clean&Jerk,126
Results.cleanJerk,Clean&Jerk,,,Envión,,Dos Tiempos,Envión,Envión,Épaulé-jeté,,,Arremesso,Толчок,Stossen,Stöt,Stød,Työntö,Støt,Clean&Jerk,Lökés,Aruncat,Podrzut,Հրում,דחיקה,النتر,Clean&Jerk,Clean&Jerk,127
Results.Clean_and_Jerk,Clean&Jerk,,,Envión,,Dos Tiempos,Envión,Envión,Épaulé-jeté,,,Arremesso,Толчок,Stossen,Stöt,Stød,Työntö,Støt,Clean&Jerk,Lökés,Aruncat,Podrzut,Հրում,דחיקה,النتر,Clean&Jerk,Clean&Jerk,128
Clean_and_Jerk_Declaration,Clean&Jerk Declaration,,,Declaración del Envión,,Declaración Dos Tiempos,Declaración del Envión,Declaración del Envión,Déclaration É.-J.,,,Arremesso Declarado,Начальный вес в толчке,Stossen Meldung,Angiven stöt,Stød deklareret,Työnnön vahvistus,Angitt Støt,Clean&Jerk Declaration,Kezdőfogás Lökés,Declarație Aruncat,Deklaracja podrzutu,Նախնական քաշը հրումում,הצהרת דחיקה,إعلان النتر,Δήλωση Clean&Jerk,Clean&Jerk 申告,129
Clean_and_Jerk_Rank,Clean&Jerk Rank,,,Ubic. del Envión,,Clasif. Dos Tiempos,Clasif. del Envión,Ubic. del Envión,Rang É.-J.,,,Arremesso Ranking,Место (Т),Stossen Platzierung,Angiven rank,Stød rang,Työnnön sijoitus,Støt pl.,Clean&Jerk Rank,Lökés Sorrend,succesiune aruncat,Ranking podrzutu,Տեղը (հրում),דירוג דחיקה,ترتيب النتر,Clean&Jerk Rank,Clean&Jerk 順位,130
ClearLifts,Clear Lifts,,,Borrar levantamientos,,Borrar intentos,Limpiar intentos,Borrar levantamientos,Effacer les levers,,,Limpar Resultados,Сброс попыток,Lösche Hebungen,Ta bort lyft,Slet løft,Nollaa nostot,Slett løft,Clear Lifts,Törölje az kísérleteket,șterge încercările,Wyczyść podejścia,Զրոյացնել փորձը,נקה הרמות,محو الرفعات,Clear Lifts,試技削除,131
ClearLifts_forListed,Clear Lifts for Athletes Currently Listed,,,Borrar resultados para atletas listados actualmente ,,Borrar Resultados Para Atletas Actualmente Listados,Limpiar Resultados Para Atletas Actualmente Listados,Borrar resultados para atletas listados actualmente ,Effacer les levers des athlètes sélectionnés,,,Apagar Resultados dos Atletas Atualmente Listados,Сброс перечисленных попыток,Lösche Hebungen für angezeigte Athleten,Ta bort lyft för listade atleter,Slet løft for valgte atleter,Nollaa nostot nykyisille listatuille nostajille,Slett løft for valgte utøvere,Clear Lifts for Athletes Currently Listed,Törölje a kísérleteket a jelenleg listán szereplő sportolók számára,șterge încercările pentru sportivii aflați în prezent pe listă,Wyczyść podejścia dla sportowców aktualnie znajdujących się na liście,Զրոյացնել թվարկված փորձերը,נקה הרמות עבור ספורטאים הרשומים כעת,محو الرفعات للرياضيين المدرجين حاليًا,Καθαροί ανελκυστήρες για αθλητές που αναφέρονται αυτήν τη στιγμή,現在リスト化されている選手の試技を削除,132
ClearStartNumbers,Clear Start Numbers,,,Borrar números de Inicio,,Borrar números de inicio,Limpiar números de Inicio,Borrar números de Inicio,Vider Nº départ,,,Limpar Números de Entrada,Очистить стартовые номера,Lösche Startnummern,Ta bort startnummer,Ryd Start Nummer,Nolla starttinumerot,Fjern startnumre,Clear Start Numbers,Törölje a Rajtszámot,șterge numărul de start,Wyczyść numery startowe,Մաքրել սկսել համարները,נקה מספרי התחלה,محو أرقام البداية,Εκκαθάριση αριθμών έναρξης,スタート番号を削除,133
reloadTranslationInfo,"Click to reload the translation file, then refresh your pages (F5).",,,"Haga clic para volver a cargar el archivo, luego actualize sus paginas (F5).",,"Haga clic para volver a cargar el archivo, luego actualize sus páginas (F5).","Haga clic para volver a cargar el archivo, luego actualize sus paginas (F5).","Haga clic para volver a cargar el archivo, luego actualize sus paginas (F5).","Cliquer pour recharger le fichier de traduction, puis raffraîchir les pages.",,,"Clique para recarregar o arquivo de tradução, em seguida, atualizar suas páginas (F5).","Нажмите для загрузки файла перевода, затем обновите страницу (F5).",Klicke um die Übersetzungsdatei neu zu laden und lade deine Seiten neu (F5).,Klicka för att ladda om språkfil och uppdatera sedan sidan (F5).,"Click to reload the translation file, then refresh your pages (F5).",Lataa käännöstiedosto uudelleen napsauttamalla ja päivitä sitten sivusi (F5).,"Klikk for å laste inn oversettelsesfilen på nytt, og oppdater deretter sidene dine (F5).","Click to reload the translation file, then refresh your pages (F5).","Kattintson a fordítási fájl újra töltéséhez, majd frissítse az oldalakat (F5).","Faceți clic pentru a reîncărca fișierul de traducere, apoi reîmprospătați paginile (F5).","Kliknij, aby ponownie załadować plik tłumaczenia, a następnie odśwież strony (F5).",Սեղմեք թարգմանության ֆայլը բեռնելու համար և թարմացրեք էջը (F5):,"לחץ כדי לטעון מחדש את קובץ התרגום, ואז רענן את הדפים שלך (F5).",انقر لإعادة تحميل ملف الترجمة، ثم قم بتحديث صفحاتك (F5),"Κάντε κλικ για να φορτώσετε ξανά το αρχείο μετάφρασης και, στη συνέχεια, ανανεώστε τις σελίδες σας (F5).",クリックして翻訳ファイルを再読み込みし、ページを更新します (F5),134
STATE_TIME_STOPPED,clock has been stopped,,,El reloj a sido Detenido,,el reloj ha sido detenido,Reloj a sido Detenido,El reloj ha sido Detenido,le chrono est arrêté,,,Relógio foi parado,время было остановлено,Die Uhr wurde gestoppt,klockan har stoppats,uret er blevet stoppet,kello on pysäytetty,klokken ble stoppet,clock has been stopped,Visszaszámláló leállítva,Cranometrul a fost oprit,zegar został zatrzymany,Հետհաշվարկը դադարեցված է,השעון נעצר,تم إيقاف الساعة,το ρολόι έχει σταματήσει,時計停止,135
STATE_CURRENT_ATHLETE_DISPLAYED,clock has not started,,,El reloj no ha Comenzado,,el reloj no ha comenzado,El Reloj no ha Comenzado,El reloj no ha Comenzado,le chrono n'est pas démarré,,,O relógio não foi iniciado.,время ещё не включено,Die Uhr ist nicht gestartet,klockan har inte startat,uret er ikke startet,kello ei ole käynnissä,klokken har ikke startet,clock has not started,visszaszámláló el van indítva,Cronometrula fost pornit,zegar nie został uruchomiony,հետհաշվարկը դեռ չի սկսվել,השעון לא התחיל,الساعة لم تبدأ,το ρολόι δεν έχει ξεκινήσει,時計未動作,136
STATE_TIME_RUNNING,clock is running,,,El reloj corre,,el cronómetro está activado,El Reloj corre,El reloj corre,le chrono est démarré,,,O Tempo está correndo,время идёт,Die Uhr ist gestartet,klockan är igång,uret kører,kello on käynnissä,klokken går,clock is running,az visszaszámláló jár,Cronometrul merge,zegar działa,Հետհաշվարկը սկսված է,השעון פועל,الساعة تعمل,το ρολόι τρέχει,時計動作中,137
CodeMustBeShort,Code should have less than {0} characters,,,El Código debe tener menos de {0} Caracteres,,El código debe tener menos de {0} caracteres.,El Codigo debe tener menos de {0} Caracteres,El Código debe tener menos de {0} Caracteres,Le code devrait avoir moins de {0} caractères.,,,O código deve ter menos de {0} caracteres,Код должен быть менее {0} символов,Der Code sollte weniger als {0} Zeichen haben,Koden ska vara kortare än {0} tecken,Koden skal være kortere end {0} karakterer,Koodissa tulee olla {0} merkkiä,Koden skal ha mindre enn {0} tegn,Code should have less than {0} characters,"A kódnak kevesebbnek kell lennie, mint {0} karakter",Codul trebuie să aibă mai puțin de {0} caractere,Kod powinien mieć mniej niż {0} znaków,Կոդը պետք է լինի {0} սիմվոլից քիչ,קוד צריך להיות קצר מ-{0} תווים,يجب أن يحتوي الرمز على أقل من {0} حرف,Ο κώδικας πρέπει να έχει λιγότερους από {0} χαρακτήρες,コードは{0}文字未満である必要があります,138
Collar,Collar,,,Collarín,,Collarín,Collarin,Collarín,Bagues,Collet,,Presilha,Замок,Verschluss,Klov,Lås,Lukko,Lås,Collar,Bilincs,Bucșa,Kołnierz,Փական,סוגר,طوق,Περιλαίμιο,カラー,139
Competition,Competition,,,Competencia,,Competición,Competicion,Competencia,Compétition,,,Competição,Соревнование,Wettkampf,Tävling,Stævne,Kilpailu,Konkurranse,Competition,Verseny,competiție,Zawody,Մրցումներ,תחרות,المسابقة,Ανταγωνισμός,大会,140
CompetitionBook.C,Competition,,,Competencia,,Competición,Competicion,Competencia,Compétition,,,Competição,Итоговый протокол,Wettkampf,Tävling,Stævne,Kilpailu,Konkurranse,Competition,Verseny,competiție,Zawody,Վերջնական ամփոփագիր,תחרות,المسابقة,Ανταγωνισμός,大会,141
Preparation_Competition,Competition,,,Competencia,,Competición,Competencia,Competencia,Compétition,,,Competição,Соревнования,Wettkampf,Tävling,Konkurrence,Kilpailu,Konkurranse,Competition,Verseny,competiție,Zawody,Մրցումներ,תחרות,المسابقة,Ανταγωνισμός,大会,142
Competition.informationTitle,Competition,,,Competencia,,Competición,Competencia,Competencia,Compétition,,,Competição,Соревнование,Wettkampf,Tävling,Stævne,Kilpailu,Konkurranse,Competition,Verseny,competiție,Zawody,Մրցույթ,תחרות,المسابقة,Αγώνας,大会,143
Competition.resultTemplateFileName,Competition Book Template,,,Plantilla de Libro de Competencia,,Plantilla de Libro de Competición,Plantilla de Libro de Competencia,Plantilla de Libro de Competencia,Gabarit pour cahier de compétition,,,Modelo do livro de Competição,Шаблон итогового протокола,Vorlage Wettkampfbuch,Tävlingsbok mall,Competition Book Skabelon,Kilpailupöytäkirja malli,Mal for konkurranseresultater,Competition Book Template,Versenykönyv sablon,Șablon carte de competiție,Szablon książki zawodów,Վերջնական ամփոփագրի շաբլոն,תבנית ספר תחרות,قالب كتاب المسابقة,Πρότυπο βιβλίου διαγωνισμού,大会予約テンプレート,144
PublicMsg.CompetitionPaused,Competition paused,,,Competencia Pausada,,Pausa Competición,Pausa Competencia,Competencia Pausada,Pause,,,Competição Pausada,Соревнования приостановлены,Wettkampf unterbrochen,Tävlingen är pausad,Konkurrencen er på pause,Kilpailu keskeytetty,Konkurransen er pauset,Competition paused,A verseny szünetel,Competiția a fost întreruptă,Zawody zatrzymane,Մրցումները դադարեցված են,התחרות בהשהיה,المسابقة متوقفة,Ο αγώνας σταμάτησε,大会 一時停止,145
CompetitionPlatform,Competition Platform,,,Plataforma de Competencia,,Tarima de Competición,Plataforma de Competencia,Plataforma de Competencia,Plateforme,,,Plataforma de Competição,Помост,Wettkampf-Bohle,Tävlingsplattform,Stævne platform,Kilpailulava,Konkurranseplattform,Competition Platform,Versenydobogó,Platformă de competiție,Pomost zawodów,Մրցահարթակ,במת תחרות,منصة المسابقة,Πλατφόρμα Αγώνα,大会 プラットフォーム,146
AgeDivision,Competition type,,,Tipo de Competencia,,Tipo de Competición,Tipo de Competencia,Tipo de Competencia,Type de compétition,,,Tipo de Competição,Возрастные группы,Wettkampf Art,Typ av tävling,Stævne type,Kilpailun tyyppi,Stevnetype,Competition type,Verseny típusa,Tipul de competiție,Rodzaj zawodów,Տարիքային բաժիններ,סוג תחרות,نوع المسابقة,Τύπος διαγωνισμού,大会 タイプ,147
Confirm,Confirm,,,Confirmar,,Confirmar,Confirmar,Confirmar,Confirmer,,,Confirmar,Подтвердить,Bestätige,Anpassa,Bekræft,Vahvista,Bekreft,Confirm,Megerősít,Confirma,Potwierdzać,Հաստատեք,אשר,تأكيد,Επιβεβαιώνω,確認,148
Results.Controller,Controller,,,Controlador,,Controlador,Controlador,Controlador,Contrôleur,,,Controlador,Контролер,Kontrolleur,Kontrollant,Kontrollant,Tekninen tarkastaja,Kontrollør,Controller,Ellenőr,Controlor,Kontroler,Տեխ. հսկիչ,בקר,المتحكم,Ελεγκτής,コントローラー,149
CopyrightLicense,Copyright and License,,,Copyright y Licencia,,Copyright y Licencia,Copyright and License,Copyright y Licencia,Licence et droits d'auteur,,,Direitos Autorais e Licença,Авторское право и лицензия,Copyright und Lizenz,Upphovsrättsskydd och Licens,Copyright and License,Tekijänoikeus ja lisenssi,Opphavsrett og lisens,Copyright and License,Szerzői jog és licenc,Drepturi de autor și licență,Prawa autorskie i licencja,Հեղինակային իրավունքները պաշտպանված են եւ լիցենզիաավորված,זכויות יוצרים ורישיון,حقوق الطبع والنشر والترخيص,Πνευματικά δικαιώματα και άδεια χρήσης,Copyright and License,150
DisplayType.COUNTDOWN_INFO,Countdown clock,,,Reloj de Cuenta Regresiva,,Reloj de Cuenta Regresiva,Reloj de Cuenta Regresiva,Reloj de Cuenta Regresiva,Horloge de décompte,,,Relógio de Contagem Regressiva,Таймер,Countdown Uhr,Nedräkningsklocka,Nedtællingsur,Ajanotto kello,Nedtellingsklokke,Countdown clock,Visszaszámláló óra,Ceas de numărătoare inversă,Zegar odliczający,Ժամաչափ,שעון ספירה לאחור,ساعة العد التنازلي,Ρολόι αντίστροφης μέτρησης,カウントダウン時計,151
introCountdown,Countdown,,,Cuenta Regresiva para la Presentación,,Cuenta Regresiva para la Presentación,Cuenta Regresiva para la Introducción,Cuenta Regresiva para la Presentación,Décompte,,,Contagem Regressiva Para a Apresentação,Таймер до представления спортсменов,Countdown bis zur Vorstellung,Nedräkning till defilering,Nedtælling til præsentation,Ajanotto,Nedtelling til defilering,Countdown,Visszaszámlálás,Numărătoare inversă,Odliczanie,Մարզիկների ներկայացումից առաջ  ժամաչափ,ספירה לאחור,العد التنازلي,Αντίστροφη μέτρηση,カウントダウン,152
BreakButton.ToStartCaption,Countdown to start / Break Timer,,,Cuenta Atrás para Comenzar/ Descanso,,Cuenta Atrás para Comenzar/ Descanso,Cuenta Atras para Comenzar/ Descaso,Cuenta Atrás para Comenzar/ Descanso,Décompte avant début / Chrono de pause,,,Contagem Regressiva para Iniciar / Pausa,Таймер до начала,Countdown bis zum Start / Break Timer,Nedräkning till start / Paus Timer,Nedtælling til start / Break Timer,Ajanotto alkuun/ Taukokello,Nedtelling for å starte / pause timer,Countdown to start / Break Timer,Visszaszámlálás az indításhoz /Időmérő megszakó,Numărătoare inversă pentru pornire / pauză Cronometru,Odliczanie do startu/przerwy,Մինչ մրցումների մեկնարկի ժամաչափ,ספירה לאחור עד התחלה / שעון הפסקה,العد التنازلي للبداية / مؤقت الاستراحة,Αντίστροφη μέτρηση για έναρξη / Διακοπή χρονοδιακόπτη,カウントダウン開始 / 休憩タイマー,153
CountdownType,Countdown Type,,,Tipo de Cuenta Regresiva,,Tipo de Cuenta Regresiva,Tipo de Cuenta Regresiva,Tipo de Cuenta Regresiva,Type de décompte,,,Tipo de Contagem Regressiva,Тип таймера,Countdown Typ,Nedräckningstyp,Nedtællingstype,Ajanoton tyyppi,Nedtellingstype,Countdown Type,Visszaszámlálás típusa,Tip de numărătoare inversă,Rodzaj odliczania,Ժամաչափի տեսակը,סוג ספירה לאחור,نوع العد التنازلي,Τύπος αντίστροφης μέτρησης,カウントダウン タイプ,154
Credits,Credits,,,Créditos,,Créditos,Creditos,Créditos,Remerciements,,,Créditos,Создатели,Credits,Medverkande,Credits,Credits,Credits,Credits,Kredit,credite,Kredyty,Ստեղծողները,קרדיטים,الشكر والتقدير,Πιστώσεις,Credits,155
CurrentAthleteTitle,Current Athlete,,,Atleta actual,,Atleta actual,Atleta Actual,Atleta actual,Athlète courant,,,Atleta Atual,Вызванный спортсмен,Aktueller Athlet,Nuvarande lyftare,Nuværende atlet,Nykyinen nostaja,Nåværende utøver,Current Athlete,Jelenlegi versenyző,Concurentul actual,Obecny zawodnik,Կանչված մարզիկ,ספורטאי נוכחי,الرياضي الحالي,Τρέχων Αθλητής,現在の選手,156
ScoreboardWLeadersMouseOver,"Current Session Scoreboard plus Top 3 lifters for Category, all around.",,,Marcador de Tanda actual + los 3 mejores levantadores por división. Total.,,Marcador de Tanda actual + los 3 mejores levantadores por división. Total.,Marcador del Grupo actual + los 3 mejores levantadores por división. Total.,Marcador de Tanda actual + los 3 mejores levantadores por división. Total.,Tableau de résultats du plateau courant et Top 3 de la catégorie.,Tableau de résultats de la session courante et meneurs de la catégorie.,,Placar da sessão atual mais os 3 principais levantadores da categoria.,Экран результатов с лидерами потока (Б/В),Anzeigetafel für die aktuelle Gruppe plus die Top 3 Heber der jeweiligen Gewichtsklasse.,"Scoreboard för nuvarande grupp  plus Topp 3 lyftare för viktklassen, all around.",Scoreboard Nuværende session plus Top 3 løftere for vægtklassen.,"Tämänhetkisen ryhmän tulostaulu ja 3 parasta nostajaa kategoriassa, kaikkialla.","Resultatskjerm for nåværende puljer pluss topp 3 løftere for kategori, uansett pulje.","Current Session Scoreboard plus Top 3 lifters for Category, all around.","A jelenlegi csoportos eredménytábla és a szesszió legjobb 3 emelője, mindenhol.","Tabelul curent al grupului plus primii 3 ridicători pentru sesiune, peste tot.","Aktualna tablica wyników grupy oraz 3 najlepszych zawodników w danej kategorii, ze wszystkich.",Արդյունքների էկրան՝ խմբի առաջատարներով,"לוח תוצאות מקצה נוכחי בתוספת 3 המרימים המובילים לקטגוריה, בכללי.",لوحة نتائج الجلسة الحالية بالإضافة إلى أفضل 3 رافعين للفئة، شامل,"Πίνακας αποτελεσμάτων τρέχουσας περιόδου συν 3 κορυφαίοι αθλητές για την κατηγορία, παντού.",現在のセッションのスコアボードとカテゴリー全体のトップ 3 リフターが表示されます,157
Competition.competitionDate,Date,,,Fecha,,Fecha,Fecha,Fecha,Date,,,Data,Дата,Datum,Datum,Dato,Pvm,Dato,Date,Dátum,Dată,Data,Ամսաթիվ,תאריך,التاريخ,Ημερομηνία,日付,158
Decision_AF_,Decision (Athlete-Facing),,,Decisión (Frente al Atleta),,Decisión (Frente al Atleta),Decision (Mirando al Atleta),Decisión (Frente al Atleta),Decision (face à l'athlète),,,Decisão (voltada para o atleta),Решение (лицом к спортсмену),Wertung (AF),Beslut (AF),Afgørelse (AV),Päätös (Nostajaa-Päin),Dommeravgjørelse (mot utøver),Decision (Athlete-Facing),Döntés (versenyzővel szemben),Decizie (în fața concurentului),Werdykt (w stronę sportowca),Որոշումը (դեպի մարզիկ),החלטה (פונה לספורטאי),القرار (مواجه للرياضي),Απόφαση (Αθλητής που αντιμετωπίζει),判定（選手向け表示）,159
STATE_DECISION_VISIBLE,decision is being shown,,,Se muestra la decisión,,el veredicto se está mostrando,la decisión se muestra,Se muestra la decisión,la décision est visible,,,A decisão está sendo mostrada,решение отображается,Die Entscheidung wird angezeigt,beslut visas,afgørelse vises,päätös näytetään,avgjørelsen vises,decision is being shown,döntés látható,se arată decizia,wyświetlany jest werdykt,Որոշումը ցուցադրվում է,ההחלטה מוצגת,يتم عرض القرار,η απόφαση εμφανίζεται,判定が表示されています,160
Results.Declaration_abbrev,decl.,,,Decl.,,decl.,Decl.,Decl.,décl.,,,decl.,Заявка,Mldg.,decl.,decl.,ilmo.,dekl.,decl.,Nyíl.,Decl.,dekl.,Հայտ․,הצהרה,إعلان,αποκ.,申告,161
Card.declaration,Declaration,,,Declaración,,Declaración,Declaracion,Declaración,Déclaration,,,Declaração,Заявленный вес,Meldung,Angiven,Deklareret,Vahvistus,Erklæring,Declaration,Nyilatkozat,Declaraţie,Deklaracja,Հայտարար-ված քաշ,הצהרה,الإعلان,Δήλωση,申告,162
Declaration,Declaration,,,Declaración,,Declaración,Declaracion,Declaración,Déclaration,,,Declaração,Заявленный вес,Meldung,Begärt,Deklareret,Vahvistus,Erklæring,Declaration,Nyilatkozat,Declaraţie,Deklaracja,Հայտարարված քաշ,הצהרה,الإعلان,Δήλωση,申告,163
Declaration_current_athlete_with_change,Declaration (with weight change) for current athlete<br>{0},,,Declaración (con cambio de peso) para Atleta actual<br>{0},,Declaración (con cambio de peso) para Atleta actual<br>{0},Declaración (con cambio de peso) para Atleta actual<br>{0},Declaración (con cambio de peso) para Atleta actual<br>{0},Déclaration (avec changement de poids) pour l''athlète courant<br>{0},,,Declaração (com alteração de peso) para o atleta atual<br> {0},Заявленный вес (с учетом перезаявок) для текущего спортсмена<br>{0},Meldung (mit Steigerung) für den aktuellen Athleten<br>{0},Begärt (med vikt ändringar) för nuvarande atlet<br>{0},Deklareret (inkl. øgning) for nuværende atlet<br>{0},Vahvistus (painon muutos) nykyiselle nostajalle<br>{0},Erklæring (med vektendring) for nåværende utøver<br>{0},Declaration (with weight change) for current athlete<br>{0},Nyilatkozat (súlyváltozással) a jelenlegi sportolóhoz<br>{0},Declarație (cu modificarea greutății) pentru sportivul actual<br>{0},Deklaracja (ze zmianą wagi) aktualnego zawodnika<br>{0},Հայտարարված քաշը (հաշվի առնելով փոփոխությունը) ընթացիկ մարզիկի համար<br>{0},הצהרה (עם שינוי משקל) עבור הספורטאי הנוכחי<br>{0},إعلان (مع تغيير الوزن) للرياضي الحالي<br>{0},Δήλωση (με αλλαγή βάρους) για τον τρέχοντα αθλητή<br>{0},現在の選手の申告（重量変更あり）<br>{0},164
Declaration_Notification,Declaration for {0}: {1},,,Declaración para {0}: {1},,Declaración para {0}: {1},Declaración para {0}: {1},Declaración para {0}: {1},Déclaration pour {0}: {1},,,Declaração para {0}: {1},Заявленный вес для {0}: {1} кг,Meldung für {0}: {1},Begärt för {0}: {1},Ønsket vægt for {0}: {1},Vahvistus {0}: {1},Erklæring for {0}: {1},Declaration for {0}: {1},Nyilatkozat számára {0}: {1},Declarație pentru {0}: {1},Deklaracja dla {0}: {1},Հայտարարված քաշը {0} համար: {1} կգ,הצהרה עבור {0}: {1},إعلان لـ {0}: {1},Δήλωση για {0}: {1},{0} の申告: {1},165
Declaration_current_athlete,Declaration for current athlete<br>{0},,,Declaración para el Atleta actual<br>{0},,Declaración para el Atleta actual<br>{0},Declaración para el Atleta actual<br>{0},Declaración para el Atleta actual<br>{0},Déclaration pour l''athlète courant<br>{0},,,Declaração para o atleta atual <br> {0},Заявленный вес для текущего спортсмена<br>{0},Meldung für den aktuellen Athleten<br>{0},Begärt för nuvarande atlet<br>{0},Deklareret for nuværende atlet<br>{0},Vahvistus nykyiselle nostajalle<br>{0},Erklæring for nåværende utøver<br>{0},Declaration for current athlete<br>{0},Nyilatkozat a jelenlegi sportolóhoz<br>{0},Declarație pentru sportivul actual<br>{0},Deklaracja obecnego zawodnika<br>{0},Հայտարարված քաշը մազիկի համար<br>{0},הצהרה עבור הספורטאי הנוכחי<br>{0},إعلان للرياضي الحالي<br>{0},Δήλωση για τον τρέχοντα αθλητή<br>{0},現在の選手の申告<br>{0},166
Division.DEFAULT,Open,,,POR DEFECTO,,DEFECTO,DEFECTO,POR DEFECTO,Open,Tous,,PADRÃO,DEFAULT(по умолчанию),STANDARD,DEFAULT,DEFAULT,Avoin,Åpen,Open,Open,Open,Otwarty,Լռելյայն,פתח,مفتوح,Ανοιχτό,Open,167
DefineAgeGroups,Define Age Groups and Categories,,,Definir Grupos de Edades y Divisiones P.C.,,Definir Grupos de Edades y Categorías,Definir Grupos de Edades y Categorías,Definir Grupos de Edades y Divisiones P.C.,Définir les groupes d'âge et les catégories,,,Definir Grupos de Idades e Categorias,Определение возрастных групп,Definiere Altersklassen,Definiera åldersgrupper och viktklasser,Definér Aldersgrupper,Määrittele ikä- ja painoluokat,Definer aldersgrupper og vektklasser,Define Age Groups and Categories,Korcsoportok és kategóriák meghatározása,Definiți grupele de vârstă și categoriile,Zdefiniuj grupy wiekowe i kategorie,Սահմանել տարիքային խմբերը,הגדר קבוצות גיל וקטגוריות,تحديد المجموعات العمرية والفئات,Καθορίστε Ηλικιακές Ομάδες και Κατηγορίες,年齢層とカテゴリーを定義する,168
DefineCategories,Define Categories,,,Definir Divisiones,,Definir Categorías,Definir Categorías,Definir Divisiones,Définir les catégories,,,Definir Categorias,Категории,Definiere Gewichtsklassen,Definiera klasser,Definér Kategorier,Määrittele ryhmät,Definer kategorier,Define Categories,Súlycsoportok meghatározása,Definiți categorii,Zdefiniuj kategorie,Բաժիններ,הגדר קטגוריות,تحديد الفئات,Καθορισμός Κατηγοριών,カテゴリーを定義する,169
DefineFOP,Define Fields of Play and Sound Output,,,Definir Plataformas y salida de sonido,,Definir Tarimas y salida de audio,Definir campos de juego y salida de sonido,Definir Plataformas y salida de sonido,Définir les plateformes et les sorties sonores,,,Definir Campo de Reprodução e Saída de Som,Помосты,Bohlen und Soundausgabe definieren,Definiera fält för uppspelning och ljudutgång,Opret platform,Määrittele kilpailualueen äänen ulostulo,Definer konkurranseområde og lydutgang,Define Fields of Play and Sound Output,Határozza meg a verseny dobogót és a hangkimenetet,Definiți Platforma și ieșirea sunetului,Zdefiniuj pomost i wyjście dźwięku,Մրցահարթակներ,הגדר במות תחרות וצלילי שמע,تحديد أماكن اللعب ومخرج الصوت,Ορίστε πλατό αγώνα και Έξοδο Ήχου,プレイフィールドとサウンド出力を定義する,170
Delete,Delete,,,Eliminar,,Eliminar,Eliminar,Eliminar,Détruire,,,Excluir,Удалить,Lösche,Radera,Slet,Poista,Slett,Delete,Törlés,șterge,Usuń,Ջնջել,מחק,حذف,Διαγράφω,削除,171
Delete_title,Delete {0},,,Eliminar {0},,Eliminar {0},Eliminar {0},Eliminar {0},Effacer {0},,,Excluir {0},Удалить {0},Lösche {0},Radera {0},Slet {0},Poista {0},Slett {0},Delete {0},Törlés {0},șterge {0},Usuń {0},Ջնջել {0},מחק {0},حذف {0},Διαγραφή {0},{0} を削除,172
DeleteAthletes,Delete Athletes,,,Borrar atletas,,Borrar atletas,Borrar atletas,Borrar atletas,Détruire athlètes,,,Excluir Atletas,Удалить спортсменов,Lösche Athleten,Radera atleter,Slet løftere,Poista nostajat,Slett utøvere,Delete Athletes,Versenyzők törlése,ștergeți sportivii,Usuń zawodników,Ջնջել մարզիկներին,מחק ספורטאים,حذف الرياضيين,Διαγραφή Αθλητών,選手を削除,173
DeleteAthletes_forListed,Delete Athletes Currently Listed,,,Eliminar atletas de la lista actual,,Eliminar atletas actualmente en la lista,Eliminar atletas actualmente en la lista,Eliminar atletas de la lista actual,Détruire athlètes actuellement listés,,,Excluir Atletas Atualmente Listados,Удалить перечисленных спортсменов,Lösche angezeigte Athleten,Radera listade atleter,Slet valgte atleter,Poista nostajat nykyiseltä listalta,Slett valgte utøvere,Delete Athletes Currently Listed,A jelenleg listán szereplő sportolók törlése,Ștergeți sportivii listați în prezent,Usuń aktualnie znajdujących się na liście zawodników,Ջնջել թվարկված մարզիկներին,מחק ספורטאים הרשומים כעת,حذف الرياضيين المدرجين حاليًا,Διαγραφή αθλητών που έχουν καταχωριστεί αυτήν τη στιγμή,現在リストされている選手を削除する,174
Results.DetailsPerAthlete,Details per Athlete,,,Detalles por atleta,,Detalles por Levantador,Detalles por Levantador,Detalles por atleta,Détails par athlète,,,Detalhes por Atleta,Details per Athlete,Details pro Athlet,Details per Athlete,Detaljer pr Atlet,Nostajien tiedot,Detaljer per utøver,Details per Athlete,Részletek sportolónkként,Detalii pentru fiecare sportiv,Szczegóły według sportowca,Մանրամասներ 1 մարզիկի մասին,פרטים לכל ספורטאי,تفاصيل لكل رياضي,Λεπτομέρειες ανά αθλητή,選手ごとの詳細,175
Display,Display,,,Pantalla,,Marcador,Marcador,Pantalla,Afficher,,,Exibição,Экран,Bildschirm,Skärm,Display,Näyttö,Skjerm,Display,Kijelző,Afişaj,Wyświetlacz,Էկրան,הצג,عرض,Επίδειξη,表情,176
Competition.presentationTitle,Display and Printout,,,Pantalla e impresión,,Pantalla e impresión,Pantalla e impresión,Pantalla e impresión,Affichage et impression,,,Exibição e impressão,Экран и документация,Anzeige und Ausdruck,Display and Printout,Display og Udskrivning,Näyttö ja tulostus,Visning og utskrift,Display and Printout,Megjelenítés és nyomtatás,Afișare și imprimare,Wyświetlanie i wydruk,Էկրան և փաստաթղթեր,תצוגה והדפסה,العرض والطباعة,Εμφάνιση και εκτύπωση,表示と印刷,177
Competition.defaultLocale,Display and printout language,,,Mostrar e Imprimir Idioma,,Mostrar e Imprimir Idioma,Mostrar e Imprimir Idioma,Mostrar e Imprimir Idioma,Langue d'affichage et d'impression,,,Idioma de exibição e impressão,Язык отображения и печати,Sprache für Anzeigen und Druckausgabe,Visa och skriv ut språk,Display og printout sprog,Näyttö ja kielen tulostus,Visnings- og utskriftsspråk,Display and printout language,Megjelenítési és nyomtatási nyelv,Limbajul de afișare și imprimare,Język wyświetlacza i wydruku,Ցուցադրման եւ տպման լեզու,שפת תצוגה והדפסה,لغة العرض والطباعة,Γλώσσα εμφάνισης και εκτύπωσης,表示および印刷言語,178
AgeGroupCode,Display Short Code,,,Mostrar código corto,,Mostrar código corto,Mostrar código corto,Mostrar código corto,Code d'affichage bref,,,Exibir código curto,Код отображения,Funktionscode anzeigen,Display Short Code,Vis Short Code,Näytä lyhytkoodi,Vis kort kode,Display Short Code,Rövid kód megjelenítése,Afișează codul scurt,Wyświetl krótki kod,Ցուցադրել կարճ կոդը,הצג קוד קצר,عرض الرمز المختصر,Εμφάνιση σύντομου κώδικα,ショートコードを表示,179
Card.ageDivision,Division,,,Categoría de edad,,División de Edad,División de Edad,Categoría de edad,Division,,,Divisão,Возрастная кат.,Einteilung,Division,Aldersinddelt,Divisioona,Aldersinndelt,Division,Korcsoport,Divizia,Dział,Տարիքային խ.,חלוקה,التقسيم,Διαίρεση,区分,180
Documentation_Menu,Documentation,,,Documento,,Documentación,Documentación,Documento,Documentation,,,Documentação,Документация,Dokumentation,Dokumentation,Dokumentation,Dokumentit,Dokumentasjon,Documentation,Dokumentáció,Documentație,Dokumentacja,Փաստաթղթավորում,תיעוד,التوثيق,Απόδειξη με έγγραφα,印刷用ドキュメント,181
Done,done,,,Terminada,,Terminada,Terminada,Terminada,terminé,,,Concluído,завершена,Fertig,klar,afsluttet,valmis,ferdig,done,Kész,Terminat,wykonane,Ավարտված,בוצע,منتهي,γινώμενος,終了,182
Done_period,Done.,,,Realizado,,Hecho,Hecho,Hecho,Terminé,,,Feito.,Завершено.,Fertig.,Klar.,Afsluttet.,Valmis.,Ferdig.,Done.,Kész,Terminat,Wykonane.,Ավարտված,בוצע.,منتهي.,Γινώμενος.,終了,183
STATE_DOWN_SIGNAL_VISIBLE,down signal is being shown,,,Se muestra la señal de bajada,,Se muestra la señal de tierra,Se muestra la señal de bajada,Se muestra la señal de bajada,le signal terre a été donné,,,Sinal de baixar está sendo mostrado,отображается сигнал (стрелка) вниз,Das Ab Signal wird angezeigt,nedsignal visas,ned signal vises,alassignaalin näyttämine,nedsignal vises,down signal is being shown,Le jelzés látható,este afișat semnalul jos,wyświetlany jest sygnał w dół,Ցուցադրել իջեցման (սլաք) ազդանշան,אות סיום מוצג,يتم عرض إشارة النزول,εμφανίζεται το σήμα κάτω,ダウン信号が表示されています,184
DownloadRegistrationTemplate,Download Empty Registration Spreadsheet,,,Descargar hoja de cálculo vacía,,Descargar hoja de cálculo vacía,Descargar hoja de cálculo vacía,Descargar hoja de cálculo vacía,Obtenir une feuille d'inscription vide,,,Baixar a Planilha de Registro em Branco,Скачать шаблон таблицы регистрации,Download leere Registrierungs-Tabelle,Ladda ner ett tomt registreringsformulär,Download Tomt Registreringsark,Lataa tyhjä kilpailupöytäkirja,Last ned tomt registreringsark,Download Empty Registration Spreadsheet,Töltse le az Üres regisztrációs táblázatot,Descărcați tabeleul gol de înregistrare,Pobierz pusty arkusz rejestracyjny,Ներբեռնել գրանցման աղյուսակի շաբլոնը,הורד גיליון רישום ריק,تحميل جدول التسجيل الفارغ,Λήψη κενού αρχείου εγγραφής αθλητών,空の登録用スプレッドシートをダウンロード,185
DrawLotNumbers,Draw Lot Numbers,,,Sorteo,,Números Aleatorios,Números Aleatorios,Sorteo,Tirage au sort,,,Realizar Sorteio,Жеребьёвка,Generiere Losnummern,Skapa lottnummer,Tildel lodt. numre,Arvo lottonumerot,Trekk lot-nummer,Draw Lot Numbers,Generáljon sorszámokat,Generati numere,Przypisz numer losowy,Վիճակահանություն,הגרל מספרי השתתפות,سحب أرقام القرعة,Κλήρωση Lot αριθμών ,抽選番号の割り当て,186
CountdownType.DURATION,Duration,,,Duración,,Duración,Duración,Duración,Durée,,,Duração,Длительность,Dauer,Varaktighet,Varighed,Kesto,Varighet,Duration,Időtartam,Durată,Czas trwania,Տեւողությունը,משך זמן,المدة,Διάρκεια,所要時間,187
InvalidDurationFormat,Duration must be in format {0} -- Type {1} to get {2} minutes and {3} seconds.,,,La duración debe estar en formato {0} -- Tipo {1} llegar {2} minutos y {3} segundos.,,La duración debe estar en formato {0} -- Tipo {1} llegar {2} minutos y {3} segundos.,La duración debe estar en formato {0} -- Tipo {1} llegar {2} minutos y {3} segundos.,La duración debe estar en formato {0} -- Tipo {1} llegar {2} minutos y {3} segundos.,La durée doit être dans le format {0} -- Écrire {1} pour dire «{2} minutes et {3} secondes».,,,Duração deve estar no formato {0} - Tipo {1} para obter {2} minutos e {3} segundos.,Длительность должна быть в формате {0} -- Введите {1} чтобы получить {2} минут и {3} секунд.,Dauer muss in folgendem Format sein {0} -- Typ {1} fr {2} Minuten und {3} Sekunden.,Varaktigheten måste vara i format {0} -- Typ {1} för att få {2} minuter och {3} sekunder.,Varighed skal være i format {0} -- Tast {1} for at angive {2} minutter og {3} sekunder.,Kesto täytyy olla muodossa {0} -- Tyyppi {1} saadakseen {2} minuuttia ja {3} sekuntia.,Varigheten må være i formatet {0} -- skriv inn {1} for å få {2} minutter og {3} sekunder.,Duration must be in format {0} -- Type {1} to get {2} minutes and {3} seconds.,"Az időtartamnak a következő formátumban kell lennie: {0} -- írja be a következőt: {1}, hogy {2} percet és {3} másodpercet kapjon.",Durata trebuie să fie în formatul {0} -- Tastați {1} pentru a obține {2} minute și {3} secunde.,"Czas trwania musi być w formacie {0} — wpisz {1}, aby uzyskać {2} minut i {3} sekund.",Տեւողությունը պետք է լինի {0} ձեւաչափով - Մուտքագրեք {1} որպեսզի ստանալ {2} րոպե {3} վայրկյան:,משך זמן חייב להיות בפורמט {0} -- הקלד {1} כדי לקבל {2} דקות ו-{3} שניות.,يجب أن تكون المدة بالتنسيق {0} -- اكتب {1} للحصول على {2} دقيقة و {3} ثانية,Η διάρκεια πρέπει να είναι σε μορφή {0} -- Πληκτρολογήστε {1} για να λάβετε {2} λεπτά και {3} δευτερόλεπτα.,所要時間はフォーマット {0} で入力してください — {2}分{3}秒を得るには {1} と入力します,188
STATE_BREAK,during a break,,,Durante un descanso,,durante un descanso,Durante un Descanzo,Durante un descanso,qu'une pause est en cours,,,Uma pausa está em vigor,перерыв в действии,Eine Pause ist aktiv,pausen är igång,pause igang,tauon pituus,Pausen er i gang,during a break, szünetben,în timpul unei pauze,podczas przerwy,ընդմիջման ժամանակ,במהלך הפסקה,أثناء الاستراحة,κατά τη διάρκεια ενός διαλείμματος,休憩中,189
EditAgeGroups,Edit Age Groups and Categories,,,Editar Grupos de Edad y Divisiones,,Editar Grupos de Edad y Categorías,Editar Grupos de Edad y Categorías,Editar Grupos de Edad y Divisiones,Éditer les groupes d'âge et les catégories,,,Editar Faixas Etárias e Categorias,Редактирование возрастных групп,Bearbeite Altersklassen,Redigera åldersgrupper och viktklasser,Redigér Aldersgrupper og Kategorier,Muokkaa ikäryhmiä ja painoluokkia,Rediger aldersgrupper og vektklasser,Edit Age Groups and Categories,Szerkessze a sportolók korcsoport és súlycsoport adatait,Editați grupuri de vârstă și categorii,Edytuj grupy wiekowe i kategorie,Խմբագրել տարիքային խմբերը,ערוך קבוצות גיל וקטגוריות,تحرير الفئات العمرية,Επεξεργασία Ηλικιακών Ομάδων και Κατηγοριών,年齢層とカテゴリを編集する,190
EditAthletes,Edit Athlete Entries,,,Editar Datos de Entrada del Atleta,,Editar Entrada del Atleta,Editar Entrada del Atleta,Editar Datos de Entrada del Atleta,Éditer les athlètes,,,Editar Entrada do Atleta,Редактировать спортсменов,Bearbeite Meldungen der Sportler,Redigera lyftare,Ret tilmeldingsdata for Atleter,Muokkaa nostajan tietoja,Rediger utøverinformasjon,Edit Athlete Entries,Szerkessze a sportolói bejegyzéseket,Editați intrările sportivilor,Edytuj wpisy sportowców,Խմբագրել մարզիկներին,ערוך רשומות ספורטאים,تحرير بيانات الرياضيين,Επεξεργασία καταχωρήσεων αθλητών,選手登録の編集,191
EditAthletes_Groups,Edit Athlete Entries (adjust session assignments),,,Editar Datos de Entrada del Atleta (Ajustar la Asignación de Tanda),,Editar Datos de Entrada del Atleta (Ajustar la Asignación de Tanda),Editar Datos de Entrada del Atleta (Ajustar la Asignación del Grupo),Editar Datos de Entrada del Atleta (Ajustar la Asignación de Tanda),Éditer les athlètes (ajuster l'assignation des groupes),,,Editar Entrada dos Atletas (Configuração de Grupo),Редактировать спортсменов (изменение групп),Bearbeite Meldungen der Sportler (Gruppenzuordnung anpassen),Redigera lyftare (ändra gruppuppgifter),Ret tilmeldingsdata for Atleter (ret gruppe tildeling),Muokkaa nostajan tietoja (muokkaa ryhmän tietoja),Rediger utøverinformasjon (endre puljeinformasjon),Edit Athlete Entries (adjust session assignments),Sportolói bejegyzések szerkesztése (csoport hozzárendelések módosítása),Editați intrările sportivilor (ajustați sarcinile de grup),Edytuj wpisy zawodników (dostosuj przypisanie grup),Խմբագրել մարզիկներին(փոխել խմբերը),ערוך רשומות ספורטאים (התאם הקצאות למקצים),تحرير بيانات الرياضيين (تعديل تخصيص الجلسة),Επεξεργασία καταχωρίσεων αθλητών (προσαρμογή αναθέσεων συνεδρίας),選手登録の編集（セッションの割り当ての調整）,192
EditCategories,Edit Categories,,,Editar Divisiones,,Editar Categorías,Editar Categorías,Editar Divisiones,Éditer les catégories,,,Editar Categorias,Редактировать категории,Bearbeite Gewichtsklassen,Redigera klasser,Ret vægtklasser,Muokkaa painoluokkia,Rediger kategorier,Edit Categories,Súlycsoport szerkesztése,Editați categorii,Edytuj kategorie,Խմբագրել բաժինները,ערוך קטגוריות,تحرير الفئات,Επεξεργασία Κατηγοριών,カテゴリを編集,193
Edit_Groups,Edit Sessions,,,Editar Tandas,,Editar Tandas,Editar Grupos,Editar Tandas,Éditer les plateaux,Éditer les sessions,,Editar Sessões,Редактирование потоков,Bearbeite Gruppen,Redigera grupper,Ret sessioner,Muokkaa ryhmiä,Rediger puljer,Edit Sessions,Verseny csoportok szerkesztése,Editați sesiuni,Edytuj sesje,Խմբագրել խմբերը,ערוך מקצים,تحرير الجلسات,Επεξεργασία συνεδριών,セッションを編集,194
EditPlatforms,Edit Platforms,,,Editar Plataforma,,Editar Tarima,Editar Plataforma,Editar Plataforma,Éditer les plateformes,,,Editar Plataformas,Редактировать помосты,Bearbeite Bohlen,Redigera plattformar,Ret platform(-e),Muokkaa nostolavoja,Rediger plattformer,Edit Platforms,Versenydobogók szerkesztése,Editați platformele,Edytuj pomost,Խմբագրել մրցահարթակները,ערוך במות,تحرير المنصات,Επεξεργασία πλατφορμών,プラットフォームの編集,195
EditRegisteredAthletes,Edit Registered Athletes,,,Editar Atletas Registrados,,Editar Atletas Registrados,Editar Atletas Registrados,Editar Atletas Registrados,Éditer les athlètes inscrits,,,Editar Atletas Registrados,Редактирование зарегистрированных спортсменов,Bearbeite registrierte Athleten,Redigera registrerade lyftare,Ret Registrerede Atleter,Muokkaa ilmoittautuneita nostajia,Rediger registrerte utøvere,Edit Registered Athletes,Regisztrált sportolók szerkesztése,Editați sportivii înregistrați,Edytuj zarejestrowanych sportowców,Խմբագրել գրանցված մարզիկներին,ערוך ספורטאים רשומים,تحرير بيانات الرياضيين المسجلين,Επεξεργασία Εγγεγραμμένων Αθλητών,選手登録の編集,196
Eligible,Eligible,,,Elegible,,Elegible,Elegible,Elegible,Éligible,,,Elegível,Инд. рейтинг,Berechtigt,Inkluderade,Medregnes,Osallistumisoikeus,Berettiget,Eligible,Választható,Eligibil,Odpowiedni,Անհատական վարկանիշ,כשיר,مؤهل,Εκλέξιμος,Eligible,197
Eligible for Individual Ranking?,Eligible for individual ranking?,,,Elegible para ranking individual?,,¿Elegible para ranking individual?,Elegible para ranking individual?,Elegible para ranking individual?,Éligible au classement individuel ?,,,Elegíveis para o ranking individual?,Участвует в индивидуальном рейтинге?,Berechtigt auf Einzelwertung?,Berättigad för inviduell ranking?,Medregnes i individuel rangering?,Osallistumisoikeus yksilökilpailuun?,Berettiget for individuell plassering?,Eligible for individual ranking?,Alkalmas egyéni rangsorolásra?,Sunteți eligibil pentru clasamentul individual?,Czy kwalifikujesz się do rankingu indywidualnego?,Մասնակցու՞մ է անհատական վարկանշին,כשיר לדירוג אישי?,مؤهل للتصنيف الفردي؟,Επιλέξιμοι για ατομική κατάταξη;,個人ランキングの対象ですか？,198
Competition.customScore,Enable custom score? ,,,¿Habilitar puntuación personalizada? (anular total con bonificación / penalizaciones),,¿Habilitar puntuación personalizada? (anular total con bonificación / penalizaciones),Habilitar puntuación personalizada? (anular total con bonificación / penalizaciones),¿Habilitar puntuación personalizada? (anular total con bonificación / penalizaciones),Permettre édition du score?,,,Ativar Pontuação Personalizada?,"Включить общий итог (сумма), по результатам (Р+Т)? (отображение в перезаявках)",Benutzerdefinierte Punktzahl aktivieren? (Gesamtsumme mit Bonus / Abzügen überschreiben),Enable custom score? (override total with bonus/penalties),Aktivér tilpasset score? (override total med tillæg/fradrag),Ota käyttöön mukautettu tulos? ,Vil du aktivere egendefinert poengsum? ,Enable custom score? ,Engedélyezi az egyéni pontszámot?,Activați scorul personalizat?,Włączyć wynik niestandardowy?,Ներառե՞լ ընդհանուր գումար (երկամարտ) ՝ ըստ արդյունքների (Պ + Հ): (ցուցադրել վերպատվերում),הפעל ניקוד מותאם אישית?,تمكين تسجيل النقاط المخصصة؟,Ενεργοποίηση προσαρμοσμένης βαθμολογίας; ,カスタムスコアを有効にしますか？,199
EndBreak_StartLifting,"End Break, Start Lifting",,,"Fin del Descanso, Inicio del Levantamiento",,"Fin del Descanso, Inicio del Levantamiento","Fin de Descanso, Comenzar a Levantar","Fin del Descanso, Inicio del Levantamiento","Fin de la pause, débuter les levers",,,"Fim da Pausa, Iniciar Competição","Закончить перерыв, начать соревнования","Unterbrechung Ende, Starte Hebung",Avlsuta pausen,"Afslut pause, Start konkurrence","Lopeta tauko, Aloita nostot","Avslutt pause, start konkurranse","End Break, Start Lifting","Szünet vége, emelés indítása","Încheiați pauza, începeți ridicarea","Zakończ przerwę, rozpocznij podnoszenie","Ավարտել ընդմիջումը, սկսել մրցումը","סיום הפסקה, התחלת הרמות",إنهاء الاستراحة، بدء الرفع,"End Break, Start Lifting",休憩終了、リフティング開始,200
EnterPin,Enter PIN,,,Ingrese su Pin,,Ingrese su Pin,Ingrese su Pin,Ingrese su Pin,Inscrire le code d'accès,,,Digite o Código PIN,Введите PIN-код,Eingabe PIN,Ange PIN,Indtast PIN,Anna PIN,Skriv inn PIN,Enter PIN,Írja be a PIN-kódot,Introduceți codul PIN,Wpisz PIN,Մուտքագրեք PIN- ը,הזן קוד PIN,أدخل الرقم السري,Εισαγάγετε το PIN,PINを入力してください,201
Results.Entry_abbrev,Entry,,,Total declarado,,Total declarado,Total declarado,Total declarado,Tot.Entrée,,,Total declarado,Заявленная сумма,Meldung ZK,Entry Tot.,Entry Tot.,Entry Tot.,Påmeldt total,Entry,Nevezési súly,Intrare Tot.,Wynik Zgł.,Նախնական երկամարտ,קרב שניים,إدخال,Είσοδος,申告,202
Card.entryTotal,Entry Total,,,Total de Entrada,,Total de Entrada,Total de Entrada,Total de Entrada,Total décl.,,,Entrada Total,Заявленная сумма,Meldung ZK,Ingång total,Start Total,Entry Yht.,Påmeldt total,Entry Total,Név. Súly,Total intrare,Wynik Zgłoszeniowy,Նախ. Երկ.,קרב שניים,إجمالي الإدخال,Σύνολο εισόδου,申告トータル,203
EntryTotal,Entry Total,,,Total de Entrada,,Total de Entrada,Total de Entrada,Total de Entrada,Total déclaré,,,Entrada Total,Начальный вес заявленный при регистрации (сумма),Meldung ZK,Ange total,Entry Total,Entry Yht.,Påmeldt total,Entry Total,Nevezési súly,Total intrare,Wynik Zgłoszeniowy,Գրանցման ժամանակ հայտարարված քաշը(երկամարտ),קרב שניים,إجمالي الإدخال,Σύνολο εισόδου,申告トータル,204
Error,Error,,,Error,,Error,Error,Error,Erreur,,,Erro,Ошибка,Fehler,Error,Error,Virhe,Feil,Error,Hiba,Eroare,Błąd,ՍԽԱԼ,שגיאה,خطأ,Σφάλμα,エラー,205
Errors,Errors,,,Errores,,Errores,Errores,Errores,Erreurs,,,Erros,Ошибки,Fehler,Errors,Errors,Virheet,Feil,Errors,Hibák,Erori,Błędy,ՍԽԱԼՆԵՐ,שגיאות,أخطاء,Σφάλματα,エラー,206
Competition.federationTitle,Federation,,,Federación,,Federación,Federación,Federación,Fédération,,,Federação,Федерация,Verband,Förbund,Forbund,Liitto,Forbund,Federation,Szövetség,Federaţie,Federacja,Ֆեդերացիա,התאחדות,الاتحاد,Ομοσπονδία,連盟,207
Competition.federationAddress,Federation Address,,,Dirección postal de la Federación,,Dirección postal de la Federación,Dirección postal de la Federación,Dirección postal de la Federación,Adresse de la fédération,,,Endereço da Federação,Адрес федерации,Verbandsadresse,Förbundets adress,Forbundsadresse,Osoite,Forbundsadresse,Federation Address,Szövetség címe,Adresa Federației,Adres Federacji,Ֆեդերացիայի հասցեն,כתובת התאחדות,عنوان الاتحاد,Διεύθυνση Ομοσπονδίας,連盟住所,208
Competition.federationEMail,Federation e-mail,,,E-mail de la Federación,,E-mail de la Federación,E-mail de la Federación,E-mail de la Federación,Courriel de la fédération,,,E-mail da Federação,Электронная почта федерации,Verbands-Email,Förbundets mail,Forbunds e-mail,Tulokset sposti:,Forbundets e-post,Federation e-mail,Szövetség e-mail címe,e-mailul federației,Adres poczty internetowej Federacji,Ֆեդերացիայի e-mail,דואר אלקטרוני של התאחדות,البريد الإلكتروني للاتحاد,E-mail της Ομοσπονδίας,連盟メールアドレス,209
Competition.federation,Federation Name,,,Nombre de la Federación,,Nombre de la Federación,Nombre de la Federación,Nombre de la Federación,Nom de la fédération,,,Nome da Federação,Название федерации,Verbandsname,Förbundets namn,Forbundsnavn,Liiton nimi,Forbundsnavn,Federation Name,Szövetség Neve,Numele federației,Nazwa Federacji,Ֆեդրացիայի անունը,שם התאחדות,اسم الاتحاد,Όνομα ομοσπονδίας,連盟名 / 連盟名称,210
Competition.federationWebSite,Federation Web Site,,,Sitio Web de la Federación,,Sitio Web de la Federación,Sitio Web de la Federación,Sitio Web de la Federación,Site web de la fédération,,,Site da Federação,Веб-сайт федерации,Verbandswebseite,Förbundets hemsida,Forbunds Web Site,Liiton nettiosoite,Forbundets nettsted,Federation Web Site,Szövetség web-oldala,Site-ul web al Federației,Witryna internetowa Federacji,Ֆեդերացիայի կայքը,אתר האינטרנט של ההתאחדות,الموقع الإلكتروني للاتحاد,Ιστοσελίδα της Ομοσπονδίας,連盟ウェブサイト,211
FieldOfPlayDisplays,Field of Play Displays,,,Campo para Anuncios,,Campo para Anuncios,Campo para Anuncios,Campo para Anuncios,Affichages sur les plateaux,,,Campo Para os Anúncios,Экраны помоста,Feld zum Abspielen der Anzeigen,Visningsfält skärm,Platform Displays,Kilpailualueen näytöt,Skjermer for konkurranseområde,Field of Play Displays,Helyi Verseny Kijelzők,Monitoarele la locul competiției,Wyświetlacze zawodów,Հարթակի էկրան,מסכי במה,مجال العرض,Εμφανίζει το πεδίο παιχνιδιού,競技場表示,212
FinalResultsPackage,Final Results Package,,,Paquete de Resultados Finales,,Conjunto de Resultados Finales,Paquete de Resultados Finales,Paquete de Resultados Finales,Compilation des résultats,,,Pacote de Resultados Finais,Пакет итоговых результатов,Endgültiges Ergebnis Paket,Slutresultatpaket,Final Results Pakke,Lopullinen tulospaketti,Sluttresultatpakke,Final Results Package,Végső eredménycsomag,Pachetul de rezultate finale,Pakiet wyników końcowych,Վերջնական արդյունքները փաթեթ,חבילת תוצאות סופיות,حزمة النتائج النهائية,Πακέτο τελικών αποτελεσμάτων,最終結果一式,213
FirstName,First Name,,,Nombre,,Nombre,Nombre,Nombre,Prénom,,,Nome,Имя,Vorname,Förnamn,Fornavn,Etunimi,Fornavn,First Name,Kersztnév,Nume,Imię,Անուն,שם פרטי,الاسم الأول,Ονομα,名前（名）,214
Competition.genderOrderExplanation,"For competitions with mixed sessions, in order to reduce the number of breaks and bar changes, call all girls first as a subsession.",,,"Para competencias con tandas mixtas, para reducir el número de descansos y cambios de barra, llame a todas las damas primero como un subgrupo.",,"Para competencias con tandas mixtas, para reducir el número de descansos y cambios de barra, llame a todas las damas primero como un subgrupo.","Para competencias con tandas mixtas, para reducir el número de descansos y cambios de barra, llame a todas las damas primero como un subgrupo.","Para competencias con tandas mixtas, para reducir el número de descansos y cambios de barra, llame a todas las damas primero como un subgrupo.","Dans une compétition avec groupes mixtes, afin de réduire le nombre de pauses et de changements d'haltère, appeler toutes les filles en premier en tant que sous-groupe.",,,"Para competições com grupos mistos, a fim de reduzir o número de pausas e mudanças de barra, chame todas as meninas primeiro como um subgrupo.","Доля соревнований со смешанными группами, с целью уменьшения количества перерывов смены грифов, выступление сначала девушек в подгруппе.","Gib bei Wettkämpfen mit gemischten Gruppen alle weiblichen Athleten zuerst als Untergruppe an, um die Anzahl der Pausen und Hantelwechsel zu verringern.",För tävlingar med mixade grupper. Kan du ordna så att alla flickor lyfter först för att få färre skivstångsbyten.,"For stævner med mixed groups, start alle piger/kvinder først som en undergrupper for at reducere antallet af stangskift.","Sekotetuissa sarjoissa kilpailuissa taukojen ja tangon vaihdon vähentämiseksi, tyttöjä pyydetään aloittamaan ensiksi alaryhmänä.","For konkurranser med blandede kjønn i samme pulje, la alle jenter løfte først som en delpulje (for å redusere antall pauser og stangskifter).","For competitions with mixed sessions, in order to reduce the number of breaks and bar changes, call all girls first as a subsession.",Vegyes csoportos versenyeken a szünetek és a sávváltások számának csökkentése érdekében minden lányt először alcsoportként hívjunk.,"Pentru competițiile cu grupe mixte, pentru a reduce numărul de pauze și de schimbări de bară, chemați mai întâi toate fetele ca subgrup.","W przypadku zawodów z sesjami mieszanymi, aby zmniejszyć liczbę przerw i zmian gryfów, w pierwszej kolejności startują wszystkie kobiety jako podsesja.","Խառը խմբերի մրցումների համար, որպեսզի նվազեցնենք ծանրաձողի փոփոխությունների քանակը՝ սկզբում մասնակցում են աղջիկները, հետո տղաները:","בתחרויות עם מקצים מעורבים, כדי להפחית את מספר ההפסקות והחלפות המוט, קראו לכל הבנות תחילה כתת-מקצה.",في المسابقات ذات الجلسات المختلطة، لتقليل عدد الاستراحات وتغييرات القضبان، يتم استدعاء جميع الفتيات أولاً كفرعية.,"Για αγώνες με μικτά γρούπ, προκειμένου να μειωθούν τα διαλείμματα και οι αλλαγές μπάρας, καλέστε πρώτα όλα τα κορίτσια ως υπογκρούπ.",混合セッションの大会では、休憩やバーベル交換の回数を減らすために、女子選手を最初にサブセッションとして呼び出します,215
ForEachCompetitionGroup,For each competition session,,,Para cada Tanda de Competencia,,Para cada Tanda de Competencia,Para cada Grupo de Competencia,Para cada Tanda de Competencia,Pour chaque plateau,Pour chaque session,,Resultados Para Cada Sessão,Для каждого потока,Für jede Wettkampfgruppe,För varje tävlingsgrupp,For hver session,Kilpailuryhmien tulokset,For hver pulje,For each competition session,Minden versenycsoportót,Pentru fiecare sesiune de concurs,Za każdą sesję konkursową,Յուրաքանչյուր խմբի համար,עבור כל מקצה תחרות,لكل مجموعة من المنافسات,Για κάθε διαγωνισμό,各大会セッションごとに,216
Competition.customScoreExplanation,"For kids or special competitions, allow modification of total with bonuses or penalties.",,,"Para niños o competencias especiales, permita la modificación del total con bonificaciones o penalizaciones.",,"Para niños o competiciones especiales, permita la modificación del total con bonificaciones o penalizaciones.","Para niños o competencias especiales, permita la modificación del total con bonificaciones o penalizaciones.","Para niños o competencias especiales, permita la modificación del total con bonificaciones o penalizaciones.","Pour les compétitions jeunesse ou spéciales, permettre la modification du total par des bonus ou des pénalités.",,,"Para crianças ou competições especiais, permitir a modificação do total com bônus ou penalidades","Для детей или специальных соревнований, разрешить вводить бонусы и штрафы по СУММЕ.",Für Kinder oder spezielle Wettkämpfe die Änderung der Gesamtsumme mit Boni oder Abzügen erlauben.,"For kids or special competitions, allow modification of total with bonuses or penalties.","For specielle stævner, tillad modifikation af total med bonuspoint eller fradrag.",Salli lasten tai erikoiskilpailujen kokonaismäärän muuttaminen bonuksilla tai rangaistuksilla.,"For barn eller spesielle konkurranser, tillat endring av totalen med bonuser eller straffer.","For kids or special competitions, allow modification of total with bonuses or penalties.",Gyerekek vagy speciális versenyek esetén engedélyezze az összetett eredmények módosítását bónuszokkal vagy büntetésekkel .,"Pentru copii sau competiții speciale, permiteți modificarea totalului cu bonusuri sau penalități.",W przypadku dzieci lub specjalnych konkursów zezwól na modyfikację wyniku za pomocą premii lub kar.,Երեխաների կամ հատուկ մրցույթների համար թույլատրեք բոնուսների և տույժերի գումար ներմուծել՝ ԵՐԿԱՄԱՐՏՈՎ:,"עבור תחרויות ילדים או תחרויות מיוחדות, אפשר שינוי קרב שניים עם בונוסים או עונשים.",لأجل الأطفال أو المسابقات الخاصة، السماح بتعديل المجموع مع المكافآت أو العقوبات.,"Για παιδιά ή ειδικούς αγώνες, επιτρέψτε την τροποποίηση του συνόλου με μπόνους ή ποινές.",子ども大会や特別な大会では、ボーナスやペナルティを加味してトータル重量の修正を許可します,217
ForcedAsCurrent,Forced as Current Athlete,,,Forzar como el atleta actual,,Forzado como el atleta actual,Forzado como un atleta actual,Forzar como el atleta actual,Forcé comme athlète courant,,,Forçar Entrada do Atleta,Принудительный вызов спортсмена,Erzwinge aktuellen Athleten,Sätt som nuvarande lyftare,Sæt som en nuværende atlet,Pakota vuorossa oleva nostaja,Sett som nåværende utøver,Forced as Current Athlete,Kényszerit mint Aktuális versenyző,Forțat ca Atlet Actual,Wywołaj jako aktualny sportowiec,Մարզիկի հարկադիր կանչ,נכפה כספורטאי נוכחי,فرض كرياضي حالي,Αναγκασμένος ως τρέχων αθλητής,強制的に現在の選手に設定,218
Gender,Gender,,,Género,,Género,Género,Género,Genre,,,Gênero,Пол,Geschlecht,Kön,Køn,Sukupuoli,Kjønn,Gender,Nem,Gen,Płeć,Սեռ,מין,الجنس,Γένος,性別,219
Upload.GenderMismatch,"Gender for category ""{0}"" does not match athlete gender {1}.",,,"Sexo por catergoría ""{0}"" no coincide con el sexo del atleta {1}.",,"El Género por categoría ""{0}"" no coincide con el género del atleta {1}.","Sexo por catergoría ""{0}"" no coincide con el género del atleta {1}.","Sexo por catergoría ""{0}"" no coincide con el sexo del atleta {1}.","Le genre pour la catégorie ""{0}"" ne correspond pas à celui de l'athlète ""{1}"".",,,"O gênero da categoria ""{0}"" não corresponde ao gênero do atleta {1}.","Пол для категории ""{0}"" не соответствует полу спортсмена {1}.","Geschlecht für die Gewichtsklasse ""{0}"" stimmt nicht mit dem Geschlecht des Athleten überein {1}.","Viktklassens könsangivelse ""{0}"" matchar inte lyftarens kön {1}.","Kønsangivelse for vægtklassen ""{0}"" matcher ikke atletens køn {1}.","Sukupuoli painoluokittain ""{0}"" ei täsmää nostajan sukupuoleen {1}.",Kjønn for kategorien «{0}» samsvarer ikke med utøverens kjønn {1}.,"Gender for category ""{0}"" does not match athlete gender {1}.","A ""{0}"" kategória neme nem egyezik a sportoló nemével ({1}).",Sexul pentru categoria „{0}” nu se potrivește cu sexul sportivului {1}.,Płeć w kategorii „{0}” nie odpowiada płci sportowca {1}.," ""{0}"" բաժնի սեռը չի համապատասխանում մարզիկի սեռին {1}:","מין עבור קטגוריה ""{0}"" לא תואם את מין הספורטאי {1}.",عدم تطابق الجنس,"Το φύλο για την κατηγορία ""{0}"" δεν ταιριάζει με το φύλο του αθλητή {1}.",カテゴリ「{0}」の性別と選手の性別 {1} が一致しません,220
GenerateStartNumbers,Generate Start Numbers,,,Genere Números de Inicio,,Genere Números de Inicio,Genere Números de Inicio,Genere Números de Inicio,Générer les Nº de départ,,,Gerar Números Iniciais,Назначить стартовые номера,Generiere Startnummern,Generera startnummer,Generér Startnumre,Arvo kilpailunumerot,Generer startnummer,Generate Start Numbers,Rajtszámok generálása,Generați numere de start,Nadaj numery startowe,Նշանակել սկսման համարները,צור מספרי התחלה,توليد أرقام البداية,Δημιουργήστε αριθμούς έναρξης,スタート番号を生成する,221
EVENT_ExplicitDecision,give decision,,,Dar Decision,,Dar decisión,Dar Decision,Dar Decision,annoncer la décision,,,dar decisão,показать решение,Entscheidung treffen,ge beslut,afgiv afgørelse,anna päätös,gi avgjørelse,give decision,döntést hozni,da decizia,podaj decyzję,Ցուցադրել որոշումը,תן החלטה,إعطاء القرار,δώσει απόφαση,判定を行う,222
EVENT_DownSignal,give down signal,,,dar señal de bajada,,Dar señal de tierra,Dar señal de bajada,Dar señal de bajada,donner le signal terre,,,Dar sinal para baixar,показать сигнал опустить,Ab Signal geben,ge nedsignal,giv ned signal,anna alasignaali,gi ned signal,give down signal,Le jelet megadni,da semnalul jos,podaj sygnał opuść,Ցուցադրել իջեցման ազդանշան,תן אות סיום,إعطاء إشارة النزول,δίνω σήμα,ダウンの合図を出す,223
GotIt,Got it.,,,Entendido.,,Entendido.,Entendido.,Entendido.,Compris.,,,Entendi.,Понял,Verstanden,Uppfattat.,Forstået,Selvä.,Skjønner,Got it.,Megértettem.,Am înţeles.,Rozumiem,Հասկացա.,הבנתי.,فهمت,Κατάλαβα.,了解しました,224
Card.group,Session,,,Tanda,,Tanda,Grupo,Tanda,Plateau,Session,,Sessão,Поток,Gruppe,Grupp,Session,Ryhmä,Pulje,Session,Csoport,Sesiune,Grupa,Խումբ,מקצה,الجلسة,Συνεδρίαση,セッション,225
Group,Session,,,Tanda,,Tanda,Grupo,Tanda,Plateau,Session,,Sessão,Поток,Gruppe,Grupp,Session,Ryhmä,Pulje,Session,Csoport,Sesiune,Grupa,Խումբ,מקצה,الجلسة,Συνεδρίαση,セッション,226
Upload.GroupNotDefined,"Session ""{0}"" is not defined.",,,"Tanda ""{0}"" no esta definida.",,"Tanda ""{0}"" no esta definida.","Grupo ""{0}"" no esta definida.","Tanda ""{0}"" no esta definida.","Le plateau ""{0}"" n'est pas défini.","Le session ""{0}"" n'est pas définie.",,"A sessão ""{0}"" não está definida.","Поток ""{0}"" не определен","Gruppe ""{0}"" ist nicht definiert.","Gruppp ""{0}"" är inte definierad","Session ""{0}"" er ikke defineret","Ryhmää ""{0}"" ei ole määritelty.","Pulje ""{0}"" er ikke definert.","Session ""{0}"" is not defined.","A ""{0}"" csoport nincs meghatározva.",Grupul „{0}” nu este definit.,Sesja „{0}” nie jest zdefiniowana.,"""{0}"" խումբը սահմանված չէ:","המקצה ""{0}"" לא מוגדר.","الجلسة ""{0}"" غير محددة","Η περίοδος λειτουργίας ""{0}"" δεν έχει οριστεί.",セッション {0} は定義されていません,227
CannotEditResults_logging,"Session {} currently lifting on platform {}, cannot edit",,,"Tanda {} levantando actualmente en la plataforma {}, no se puede editar",,"Tanda {} levantando actualmente en la plataforma {}, no se puede editar","Grupo {} levantando actualmente en la plataforma {}, no se puede editar","Tanda {} levantando actualmente en la plataforma {}, no se puede editar","Plateau {} lève sur plateforme {}, impossible d'éditer","Session {} lève sur plateforme {}, impossible d'éditer",,"O grupo {} atualmente na plataforma {}, não pode ser editado","Поток {} в настоящее время активен на помосте {}, нельзя редактировать",Die Gruppe {} die momentan auf Bohle {} hebt kann nicht bearbeitet werden.,"Grupp {} lyfter för närvarande på plattformen {}, kan inte redigeras","Session {} afvikles i øjeblikket på platform {}, kan ikke ændres","Ryhmä {} nostaa parhaillaan {}, ei voi muokata","Pulje {} pågår for øyeblikket på plattform {}, kan ikke redigere","Session {} currently lifting on platform {}, cannot edit",A csoport{} jelenleg a dobogón emel {} nem szerkeszthető,"Sesiunea {} care ridică în prezent pe platforma {}, nu poate fi editat","Sesja {} aktualnie trwa na pomoście {}, nie można edytować","Խումբ {} ներկայումս ակտիվ է {} հարթակին, չի կարելի խմբագրել","מקצה {} מרים כעת על במה {}, לא ניתן לערוך",لا يمكن تعديل الجلسة {} الرافعة حالياً على المنصة {},Δεν είναι δυνατή η επεξεργασία της συνεδρίας {} αυτήν τη στιγμή στην πλατφόρμα {},セッション{}は現在プラットフォーム{}でリフティング中のため、編集できません,228
EditingResults_logging,"Session {} lifting on {}, editing",,,"Tanda {} Levantando {}, edición",,"Tanda {} Levantando {}, edición","Grupo {} Levantando {}, edición","Tanda {} Levantando {}, edición","Plateau {} lève sur plateform {}, édition","Session {} active sur plateau {}, édition",,"Grupo {} levantamento em {}, edição",Редактирование потока {} на помосте {},"Gruppe {} hebt auf {}, bearbeiten","Grupp {} Lyfter på {}, redigering","Session {} løfter på {}, retter","Ryhmä {} käynnissä {}, muokkaa","pulje {} løfter på {}, redigering","Session {} lifting on {}, editing","A csoport {} emelés {}, szerkesztés","Sesiune {} ridicare pe {}, editare","Sesja {} podniesienie na {}, edycja","Խմբագրել {} մրցահարթակի {}, խումբը","מקצה {} מרים על {}, עריכה",تعديل الجلسة {} الرافعة على {},"Σύνοδος {} ανύψωση στις {}, επεξεργασία",セッション{}は{}でリフティング中、編集中です,229
Group_number,Session {0},,,Tanda {0},,Tanda {0},Grupo {0},Tanda {0},Plateau {0},Session {0},,Sessão {0},Поток {0},Gruppe {0},Grupp {0},Session {0},Ryhmä {0},pulje {0},Session {0},Csoport,Sesiune {0},Grupa {0},Խումբ {0},מקצה {0},رقم الجلسة,Συνεδρία {0},セッション {0},230
Scoreboard.GroupLiftType,Session {0} {1},,,Tanda {0} {1},,Tanda {0} {1},Grupo {0} {1},Tanda {0} {1},Plateau {0} {1},Session {0} {1},,Sessão {0} {1},Поток {0}. {1},Gruppe {0} {1},Grupp{0} {1},Session {0} {1},Ryhmä {0} {1},pulje {0} {1},Bólkur {0} {1},Csoport {0} {1},Sesiune {0} {1},Grupa {0} {1},Խումբ {0}. {1},מקצה {0} {1},نوع الرفع للجلسة,Συνεδρία {0} {1},セッション{0} {1},231
Results.GroupLiftType,Session {0} {1},,,Tanda {0} {1},,Tanda {0} {1},Grupo {0} {1},Tanda {0} {1},Plateau  {0} {1},Session {0} {1},,Sessão {0} {1},Поток {0}. {1},Gruppe {0} {1},Grupp{0} {1},Session {0} {1},Ryhmä {0} {1},pulje {0} {1},Session {0} {1},Csoport {0} {1},Sesiunea {0} {1},Grupa {0} {1},Հոսք {0}. {1},מקצה {0} {1},نوع الرفع للجلسة,Συνεδρία {0} {1},セッション{0} {1},232
Group_number_results,Session {0} &ndash; Results,,,Tanda {0} &ndash; Resultados,,Tanda {0} &ndash; Resultados,Tanda {0} &ndash; Resultados,Tanda {0} &ndash; Resultados,Plateau  {0} &ndash; Résultats,Session {0} &ndash; Résultats,,Sessão {0}; Resultados,Результаты потока {0},Gruppe {0} &ndash; Ergebnisse,Grupp {0} &ndash; Resultat,Session {0} &ndash; resultater,Ryhmän {0} &ndash; tulokset,pulje {0} &ndash; Resultater,Session {0} &ndash; Results,Csoport {0} &ndash; Eredmények,Sesiune {0} &ndash; Rezultate,Grupa {0} &ndash; Wynik,{0} խմբի արդյունքները,מקצה {0} &ndash; תוצאות,نتائج الجلسة {0},Συνεδρία {0} &ndash; Αποτελέσματα,セッション {0} &ndash; 結果,233
Group_number_done,Session {0} done.,,,Tanda {0} Terminada.,,Tanda {0} Terminada.,Grupo {0} Terminada.,Tanda {0} Terminada.,Plateau {0} terminé.,Session {0} terminée.,,Sessão {0} Concluído.,Поток {0} завершен.,Gruppe {0} fertig,Grupp {0} klar.,Session {0} afsluttet.,Ryhmä {0} valmis.,pulje {0} fullført.,Session {0} done.,A(z) {0}Csoport végzet.,Sesiune {0} terminat.,Grupa {0} zakończona.,Խումբ {0} ավարտված է.,מקצה {0} הסתיים.,انتهت الجلسة {0},Η συνεδρία {0} ολοκληρώθηκε.,セッション {0} は終了しました,234
GroupResults,Session Results,,,Resultados de Tanda,,Resultados de Tanda,Resultados de Grupo,Resultados de Tanda,Résultats de plateau ,Résultats de session,,Resultados da Sessão,Результаты потока,Gruppen Ergebnisse,Grupp resultat,Session resultater,Tulokset ryhmittäin,Resultater pulje,Session Results,Csoport eredmények,Rezultate pe sesiune,Wyniki Grupy,Խմբի արդյունքներ,תוצאות מקצה,نتائج الجلسة,Αποτελέσματα συνεδρίας,セッション結果,235
Preparation_Groups,Sessions,,,Tandas,,Tandas,Grupos,Tandas,Plateaux,Sessions,,Sessão,Потоки,Gruppen,Grupper,Sessioner,Ryhmät,Puljer,Sessions,Versenyek,Sesiuni,Grupy,Խմբեր,מקצים,تحضير الجلسات,Συνεδρίες,結果,236
EVENT_DecisionReset,hide decisions,,,Ocultar decisiones,,Ocultar decisiones,Ocultar Decisiones,Ocultar decisiones,cacher les décisions,,,Esconder Decisões,скрыть решения,Entscheidung ausblenden,dölj beslut,skjul afgørelser,piilota päätökset,skjul dommeravgjørelser,hide decisions,Elrejteni a döntéseket,ascunde deciziile,ukryć decyzje,Թաքցնել որոշումը,הסתר החלטות,إخفاء القرارات,απόκρυψη αποφάσεων,判定を隠す,237
Home,Home,,,Inicio,,Inicio,Inicio,Inicio,Accueil,,,Início,Главная,Home,Hem,Hjem,Koti,Hjem,Home,Kezdőlap,Home,Strona główna,Գլխավոր,בית,الرئيسية,Σπίτι,ホーム,238
IdlePlatform,Idle Platform (no countdown displayed),,,Plataforma Inactiva (Sin Pantalla de cuenta regresiva),,Tarima Inactiva (Sin Pantalla de cuenta regresiva),Plataforma Inactiva (Sin Pantalla de cuente regresiva),Plataforma Inactiva (Sin Pantalla de cuenta regresiva),Plateau inactif (pas de décompte affiché),Session inactive (pas de décompte affiché),,Sessão inativa (nenhuma contagem exibida),Помост не активен (нет обратного отсчета),leere Bohle (kein Countdown wird angezeigt),Inaktiv Platform (Ingen nedräkning visas),Inaktiv Platform (nedtælling vises ikke),Tyhjä nostolava (ajanottoa ei näytetä),Inaktiv plattform (ingen nedtelling vises),Idle Platform (no countdown displayed),Inaktív verseny csoport (nincs megjelenítve a visszaszámlálás),Sesiune inactivă (nu este afișată numărătoarea inversă),Wolny pomost (nie jest wyświetlane odliczanie),Հարթակը ակտիվ չէ(չկա հետադարձ կապ),במה לא פעילה (לא מוצגת ספירה לאחור),منصة غير نشطة (لا يوجد عد تنازلي معروض),Idle Platform (δεν εμφανίζεται αντίστροφη μέτρηση),待機中のプラットフォーム（カウントダウン表示なし）,239
Competition.teamSizeExplanation,"If a team size is given, the top point scores from team members are used, until the given team size is reached. If empty, the points from all team members are counted.",,,"Si se da un tamaño de equipo, se usan las puntuaciones máximas de los miembros del equipo, hasta que se alcanza el tamaño del equipo dado.  Si está vacío, se cuentan los puntos de todos los miembros del equipo.",,"Si se da un tamaño de equipo, se usan las puntuaciones máximas de los miembros del equipo, hasta que se alcanza el tamaño del equipo dado.  lf está vacío, se cuentan los puntos de todos los miembros del equipo.","Si se da un tamaño de equipo, se usan las puntuaciones máximas de los miembros del equipo, hasta que se alcanza el tamaño del equipo dado.  lf estó vacóo, se cuentan los puntos de todos los miembros del equipo.","Si se da un tamaño de equipo, se usan las puntuaciones máximas de los miembros del equipo, hasta que se alcanza el tamaño del equipo dado.  Si está vacío, se cuentan los puntos de todos los miembros del equipo.","Si une taille d'équipe est donnée, les meilleurs n résultats des équipiers sont retenus jusqu'à concurrence de la taille d'équipe. Si vide, les points de tous les équipiers sont comptés.",,,"Se um tamanho de equipe for especificado, as pontuações de pontos mais altos dos membros da equipe serão usadas, até que o tamanho especificado seja atingido. Se vazio, os pontos de todos os membros da equipe serão contados.","Если задан размер команды, то используются баллы от членов команды, пока не будет достигнут заданный размер команды. lf пусто, баллы от всех членов команды подсчитываются.","Wenn eine Mannschaftsgröße angegeben wird, werden die besten Punktzahlen von Mannschaftsmitgliedern verwendet, bis die angegebene Mannschaftsgröße erreicht ist. \ Wenn leer, werden die Punkte aller Mannschaftsmitglieder gezählt.","If a team size is given, the top point scores from team members are used, until the given team size is reached. If empty, the points from all team members are counted.","Hvis holdstørrelse er angivet anvendes de højeste point score fra holddeltagerne, indtil holdstørrelsen er nået. If empty, point fra alle holddeltagere tælles med","Jos seuran koko annetaan, käytetään seuran jäsenien parhaita pisteitä, kunnes joukkueen koko saavutetaan reached. If jos tyhjä, kaikkien seurojen jäsenten pisteet lasketaan.","Hvis en lagstørrelse er gitt, brukes topppoengskårene fra lagmedlemmene, inntil den gitte lagstørrelsen er nådd. Hvis det er tomt, telles poengene fra alle lagmedlemmer.","If a team size is given, the top point scores from team members are used, until the given team size is reached. If empty, the points from all team members are counted.","Ha csapatlétszámot adunk meg, akkor a csapattagok legmagasabb pontszámait használjuk, amíg el nem érjük a megadott csapatlétszámot. Ha üres, akkor az összes csapattag pontjait számítjuk.","Dacă este dată o dimensiune a unei echipe, se folosesc scorurile de puncte de la membrii echipei, până când se atinge dimensiunea dată de echipă. Dacă este goală, se numără punctele de la toți membrii echipei.","Jeśli podana jest wielkość zespołu, uwzględniana jest najwyższa liczba punktów uzyskana przez członków zespołu, aż do osiągnięcia podanej wielkości zespołu. Jeśli puste, zliczane są punkty wszystkich członków zespołu.","Եթե ​​կազմի չափը նշված է, ապա կազմի անդամների միավորներն օգտագործվում են այնքան ժամանակ, քանի դեռ կազմի նշված չափը չի հասել: \ nlf դատարկ է, կազմի բոլոր անդամների միավորները հաշվարկվում են:","אם ניתן גודל קבוצה, משתמשים בציוני הנקודות המובילים מחברי הקבוצה, עד שמגיעים לגודל הקבוצה הנתון.\nאם ריק, נספרות הנקודות של כל חברי הקבוצה.",إذا تم إعطاء حجم فريق، يتم استخدام أعلى نقاط من أعضاء الفريق، حتى يتم الوصول إلى حجم الفريق المحدد. إذا كان فارغًا، يتم احتساب النقاط من جميع أعضاء الفريق.,"Εάν δοθεί ένα μέγεθος ομάδας, χρησιμοποιούνται οι κορυφαίοι βαθμοί από τα μέλη της ομάδας, μέχρι να επιτευχθεί το συγκεκριμένο μέγεθος ομάδας. Εάν είναι κενό, υπολογίζονται οι πόντοι από όλα τα μέλη της ομάδας.",チーム人数が指定されている場合は、指定された人数に達するまで、チームメンバーの最高得点が使用されます。指定がない場合は、チームメンバー全員の得点がカウントされます,240
refereeingDevices,"If refereeing devices are used, they are usually connected to this display.",,,"Si se utilizan pulsadores para los árbitros, por favor que estén conectados a esta pantalla.",,"Si se utilizan dispositivos de arbitraje, generalmente están conectados a esta pantalla.","Si se utilizan dispositivos de arbitraje, generalmente estén conectados a esta pantalla.","Si se utilizan pulsadores para los árbitros, por favor que estén conectados a esta pantalla.","Si des claviers d'arbitrage sont utilisés,  ils sont normalement connectés à cet appareil.",,,Controles de Arbitragem (Joystick - Com Fio) devem ser ligados à esta tela.,"Если используются судейские устройства, они обычно подключаются к этому дисплею.","Wenn Geräte für die Kampfrichter verwendet werden, werden diese normalerweise an dieses Display angeschlossen.","Om domarenheter används, är de vanligtvis anslutna till den här skärmen.","Hvis der bruges dommerudstyr, er de normalt forbundet til dette display.","Jos tuomarilaitteita käytetään, ne on yleensä kytketty tähän näyttöön.","Hvis det brukes dommerutstyr, er de vanligvis koblet til denne skjermen.","If refereeing devices are used, they are usually connected to this display.","Ha a Bírók eszközöket használnak, általában ehhez a kijelzőhöz csatlakoznak.","Dacă sunt folosite dispozitive de arbitrii, acestea sunt de obicei conectate la acest afișaj.","Jeśli używane są urządzenia sędziowskie, zwykle są one podłączone do tego wyświetlacza.","Եթե օգտագործվում են մրցավարական սարքեր, դրանք սովորաբար միանում են այս էկրանին","אם משתמשים במכשירי שיפוט, הם בדרך כלל מחוברים לתצוגה זו.",إذا تم استخدام أجهزة التحكيم، فعادة ما تكون متصلة بهذا العرض.,"Εάν χρησιμοποιούνται συσκευές διαιτησίας, συνήθως συνδέονται σε αυτήν την οθόνη.",審判装置が使用される場合、通常はこのディスプレイに接続されます,241
Competition.genderOrder,"In mixed sessions, session athletes by gender",,,"En tandas mixtas, atletas grupales por sexo",,"En tandas mixtas, tandas de atletas por sexo","En grupos mixtos, atletas grupales por sexo","En tandas mixtas, atletas grupales por sexo","Dans les plateaux mixtes, regrouper les athlètes par genre.","Dans les sessions mixtes, regrouper les athlètes par genre.",,"Em sessão mistas, agrupar atletas por gênero","В смешанных группах, группа спортсменов по полу.",In gemischten Gruppen Gruppensportler nach Geschlecht,I mixade grupper ska lyftare ordnas efter kön,"I blandede sessioner, gruppér atleter efter køn",Sekaryhmissä urheilijat sukupuolen mukaan,"I blandede puljer, grupper utøvere etter kjønn","In mixed sessions, session athletes by gender",Vegyes csoportok a sportolók csoportosítása nemek szerint,"În sesiunii mixte, grupați sportivii după sex",W sesjach mieszanych zawodnicy według płci,"Խառը խմբերում, խումբի մարզիկները ըստ սեռի","במקצים מעורבים, סדר ספורטאי המקצה הוא לפי מין",في الجلسات المختلطة، يتم تجميع الرياضيين حسب الجنس,"Σε μικτά γρούπ, γρούπ αθλητών ανά φύλο",混合セッションでは、性別によるセッションアスリート,242
LoginDenied,Incorrect Access Information Provided.,,,Informacion de Acceso incorrecta.,,La información de Acceso introducida es incorrecta.,Incorrecta la información de Acceso.,Informacion de Acceso incorrecta.,Information d'accès incorrecte,,,Acesso a Informações incorretas fornecidas.,Доступ запрещен,Unberechtigter Zugriff festgestellt.,Felaktig access information försedd,Incorrect Access Information Provided.,Virheelliset tiedot.,Feil tilgangsinformasjon oppgitt.,Incorrect Access Information Provided.,Helytelen hozzáférés a biztosított információhoz,Informații de acces incorecte furnizate.,Podano nieprawidłowe informacje dostępowe.,Մուքը մերժված է,פרטי גישה שגויים סופקו.,تم رفض الدخول,Παρέχονται λανθασμένες πληροφορίες πρόσβασης.,提供されたアクセス情報が正しくありません,243
CeremonyType.INTRODUCTION,Introduction,,,Introducción,,Introducción,Introducción,Introducción,Présentation,,,Apresentação,Представление,Vorstellung,Defilering,Præsentation,Esittely,Defilering,Introduction,Bevezetés,Introducere,Wstęp,Ներկայացում,מבוא,مقدمة,Εισαγωγή,導入,244
PublicMsg.DuringIntroduction,Introduction,,,Introducción,,Introducción,Introducción,Introducción,Présentation,,,Apresentação,Представление,Vorstellung,Defilering,Præsentation,Esittely,Defilering,Introduction,Bevezetés,Introducere,Wstęp,Ներկայացում,מבוא,مقدمة,Εισαγωγή,導入,245
InvalidYearFormat,Invalid year format (4 digits expected),,,Formato de año no valido (4 digitos esperados),,Formato de año no válido (4 dígitos esperados),Formato de año no valido (4 digitos esperados),Formato de año no valido (se esperaba 4 digitos),Format d'année invalide (4 chiffres attendus),,,Formato do Ano Inválido (4 dígitos esperados),Недопустимый формат года (требуется 4 цифры),Falsches Jahresformat (4 Stellen erforderlich),Ogiltig år format (4 siffror förväntas),Ugyldigt år format (4 cifre forventet),Väärä vuosimuotoilu (4 merkkiä hyväksytään),Ugyldig årsformat (forventet 4 sifre),Invalid year format (4 digits expected),Érvénytelen évformátum (4 számjegy várható),Format de an nevalid (se așteaptă 4 cifre),Nieprawidłowy format roku (oczekiwano 4 cyfr),Անվավեր տարվա ձեւաչափն (անհրաժեշտ է 4 թվանշան),פורמט שנה לא חוקי (צפויות 4 ספרות),تنسيق السنة غير صالح (متوقع 4 أرقام),Μη έγκυρη μορφή έτους (αναμένονται 4 ψηφία),無効な年の形式です（4桁の数字を入力してください）,246
Competition.invitedIfBornBefore,Invited if born before,,,Invitado si es nacido antes de,,Invitado si es nacido antes de,Invitado si es nacido antes de,Invitado si es nacido antes de,Invité si né avant,,,Convidado se tiver nascido antes,Приглашен если дата рождения ранее,Eingeladen wenn geboren vor,för lyftare födda före,For løftere født før,"Kutsutaan, jos syntynyt ennen",Invitert hvis født før,Invited if born before,"Szólítani, ha korábban született",Chemat dacă s-a născut înainte,"Zaproszone, jeśli urodziłeś się wcześniej",Հրավիրել եթե ծննդյան ամսաթիվը վաղ է,מוזמן אם נולד לפני,مدعو إذا ولد قبل,Καλεσμένος αν έχει γεννηθεί πριν,指定年より前に生まれた選手が対象,247
Division.IWF,IWF,,,IWF,,IWF,IWF,IWF,IWF,,,IWF,IWF,IWF,IWF,IWF,IWF,IWF,IWF,IWF,IWF,IWF,IWF,IWF,IWF,IWF,IWF,248
Translator,Jean-François Lamy,,,Carlos Mora,,Pablo Nuño,José Treminio,Carlos Mora,Jean-François Lamy,Jean-François Lamy,Jean-François Lamy,Jeferson Coletto,Stepan Pesterev,Martin Moreno,Niclas Skarnes/Patrik Helgesson,Anders Bendix Nielsen,Jarno Tiainen,Jonny Block,Jean-François Lamy,Attila Feri,Attila Feri,Jacek Góralski,Ara Martirosyan,Yaniv Masler,المترجم,Ζαν Φρανσουά Λαμί,Akira Takei,249
JFL,Jean-François Lamy,,,Jean-François Lamy,,Jean-François Lamy,Jean-François Lamy,Jean-François Lamy,Jean-François Lamy,,,Jean-François Lamy,Жан-Франсуа Лами,Jean-François Lamy,Jean-François Lamy,Jean-François Lamy,Jean-François Lamy,Jean-François Lamy,Jean-François Lamy,Jean-François Lamy,Jean-François Lamy,Jean-François Lamy,Ժան-Ֆրանսուա Լամի,ז'אן-פרנסואה לאמי,جان-فرانسوا لامي,Ζαν Φρανσουά Λαμί,Jean-François Lamy,250
AgeGroup.JR,JR,,,JR,,JR,JR,JR,JR,,,JR,JR,JR,JR,JR,20-vuotiaat,JR,JR,JR,JR,JUN,ԵՐ,נוער,فئة الشباب,JR,JR,251
Scoreboard.Jr,Jr,,,Jr,,Jr,Jr,Jr,Jr,,,Jr,Jr,Jr,Jr,Jun,20-v.,Jr,Jr,Jr,Jr,Jun,Եր.,נוער,فئة الشباب,Jr,Jr,252
Results.Jr,Jr,,,Jr,,Jr,Jr,Jr,Jr,,,Jr,Jr,Jr,Jr,Jun,20-v.,Jr,Jr,Jr,Jr,Jun,Եր.,נוער,فئة الشباب,Jr,Jr,253
Jury,Jury,,,Jurado,,Jurado,Jurado,Jurado,Jury,,,Júri,Жюри,Jury,Jury,Jury,Jury,Jury,Jury,Zsűri,Juriu,Jury,Ժյուրի,ועדת שופטים,الهيئة التحكيمية,Κριτική Επιτροπή,ジュリー,254
Jury1,Jury 1,,,Jurado 1,,Jurado 1,Jurado 1,Jurado 1,Jury 1,,,Júri 1,Жюри 1,Jury 1,Jury 1,Jury 1,Jury 1,Jury 1,Jury 1,Zsűri 1,Juriu 1,Jury 1,Ժյուրի 1,חבר ועדת שופטים 1,الهيئة التحكيمية 1,Κριτική επιτροπή 1,ジュリー 1,255
Jury2,Jury 2,,,Jurado 2,,Jurado 2,Jurado 2,Jurado 2,Jury 2,,,Júri 2,Жюри 2,Jury 2,Jury 2,Jury 2,Jury 2,Jury 2,Jury 2,Zsűri 2,Juriu 2,Jury 2,Ժյուրի 2,חבר ועדת שופטים 2,الهيئة التحكيمية 2,Κριτική επιτροπή 2,ジュリー 2,256
Jury3,Jury 3,,,Jurado 3,,Jurado 3,Jurado 3,Jurado 3,Jury 3,,,Júri 3,Жюри 3,Jury 3,Jury 3,Jury 3,Jury 3,Jury 3,Jury 3,Zsűri 3,Juriu 3,Jury 3,Ժյուրի 3,חבר ועדת שופטים 3,الهيئة التحكيمية 3,Κριτική επιτροπή 3,ジュリー 3,257
Jury4,Jury 4,,,Jurado 4,,Jurado 4,Jurado 4,Jurado 4,Jury 4,,,Júri 4,Жюри 4,Jury 4,Jury 4,Jury 4,Jury 4,Jury 4,Jury 4,Zsűri 4,Juriu 4,Jury 4,Ժյուրի 4,חבר ועדת שופטים 4,الهيئة التحكيمية 4,Κριτική επιτροπή 4,ジュリー 4,258
Jury5,Jury 5,,,Jurado 5,,Jurado 5,Jurado 5,Jurado 5,Jury 5,,,Júri 5,Жюри 5,Jury 5,Jury 5,Jury 5,Jury 5,Jury 5,Jury 5,Zsűri 5,Juriu 5,Jury 5,Ժյուրի 5,חבר ועדת שופטים 5,الهيئة التحكيمية 5,Κριτική επιτροπή 5,ジュリー 5,259
Jury_Console,Jury Console,,,Jurado,,Jurado,Jurado,Jurado,Console du jury,,,Terminal do Júri,Консоль жюри,Jury Konsole,Jury konsol,Jury,Jury konsoli,Jurykonsoll,Jury Console,Zsűri Konzol,Conzol Juriu,Konsola Jury,Ժյուրիի վահանակ,קונסולת ועדת שופטים,وحدة التحكم في التحكيم,Κονσόλα κριτικής επιτροπής,ジュリーコンソール,260
BreakType.JURY,Jury Deliberation,,,Deliberación del Jurado,,Deliberación del Jurado,Deliberación del Jurado,Deliberación del Jurado,Délibération du jury,,,Reunião dos Jurados,Обсуждение жюри,Jury Beratung,Jurystopp,Jury stop,Jury käsittely,Jurybehandling,Jury Deliberation,Zsűri döntés Mérlegelés,consultatie Jurii,Obrady Jury,Ժյուրիի քննարկում,התייעצות ועדת שופטים,تداول الهيئة التحكيمية,Συζήτηση της κριτικής επιτροπής,ジュリー協議,261
JuryDecisions,Jury Decisions,,,Decisiones del jurado,,Decisiones del jurado,Decisiones del jurado,Decisiones del jurado,Décisions du jury,,,Decisão dos Jurados,Обсуждение жюри,Jury Entscheidung,Jury Beslut,Jury Afgørelse,Jury päätökset,Jurybeslutning,Jury Decisions,Zsűri Döntés,Decizie Jurii,Decyzja Jury,Ժյուրիի որոշումներ,החלטות ועדת שופטים,قرارات الهيئة التحكيمية,Αποφάσεις της κριτικής επιτροπής,ジュリー判定,262
PublicMsg.JuryDeliberation,Jury Deliberation,,,Deliberación del Jurado,,Deliberación del Jurado,Deliberación del Jurado,Deliberación del Jurado,Délibération du jury,,,Reunião dos Jurados,Обсуждение жюри,Jury Beratung,Jurystopp,Jury stop,Jury käsittely,Jury stopp,Jury Deliberation,Zsűri döntés Mérlegelés,consultatie Jurii,Obrady Jury,Ժյուրիի քննարկում,התייעצות ועדת שופטים,تداول الهيئة التحكيمية,Συζήτηση της κριτικής επιτροπής,ジュリー協議,263
BreakButton.JuryDeliberation,Jury Deliberation,,,Deliberación del Jurado,,Deliberación del Jurado,Deliberación del Jurado,Deliberación del Jurado,Délibération du jury,,,Reunião dos Jurados,Обсуждение жюри,Jury Beratung,Jurystopp,Jury stop,Jury käsittely,Jury stopp,Jury Deliberation,Zsűri döntés Mérlegelés,consultatie Jurii,Obrady Jury,Ժյուրիի քննարկում,התייעצות ועדת שופטים,تداول الهيئة التحكيمية,Συζήτηση της κριτικής επιτροπής,ジュリー協議,264
KgSymbol,\u00a0kg,,,\u00a0kg,,\u00a0kg,\u00a0kg,\u00a0kg,\u00a0kg,,,\u00a0kg,\u00a0кг,\u00a0kg,\u00a0kg,\u00a0kg,\u00a0kg,\u00a0kg,\u00a0kg,\u00a0kg,\u00a0kg,\u00a0kg,\u00a0կգ,"\u00a0ק""ג",كغ,\u00a0kg,\u00a0kg,265
Scoreboard.KgSymbol,\u00a0kg,,,\u00a0kg,,\u00a0kg,\u00a0kg,\u00a0kg,\u00a0kg,,,\u00a0kg,\u00a0кг,\u00a0kg,\u00a0kg,\u00a0kg,\u00a0kg,\u00a0kg,\u00a0kg,\u00a0kg,\u00a0kg,\u00a0kg,\u00a0կգ,"\u00a0ק""ג",كغ,\u00a0kg,\u00a0kg,266
Results.KgSymbol,\u0020kg,,,\u0020kg,,\u0020kg,\u0020kg,\u0020kg,\u0020kg,,,\u0020kg,\u0020кг,\u0020kg,\u0020kg,\u0020kg,\u0020kg,\u0020 kg,\u0020kg,\u0020kg,\u0020kg,\u0020kg,կգ,"\u0020ק""ג",كغ,\u0020 kg,\u0020kg,267
Scoreboard.Needed,Kg Needed,,,kg Necesario,,kg Necesarios,kg Necesario,kg Necesario,kg Requis,,,Kg Necessário,Кг Необходимо,Kg wird benötigt,Kg behövs,Kg fra 1. plads,Kg tarvitaan,Kg for å ta 1.plass,Kg frá 1. plássi,Szükséges Kg,Kg necesare,Potrzebne kg,Կգ անհրաժեշտ է,"ק""ג נדרש",الوزن المطلوب,Kg που χρειάζονται,必要重量（kg）,268
Results.Needed,Kg Needed,,,kg Necesario,,kg Necesarios,kg Necesario,kg Necesario,kg Requis,,,Kg Necessário,кг Необходимо,kg wird benötigt,kg behövs,kg fra 1. plads,Kg tarvitaan,Kg for å ta 1.plass,Kg Needed,Szükséges Kg,Kg necesare,Potrzebne kg,կգ Անհրաժեշտ է,"ק""ג נדרש",الوزن المطلوب,Kg που χρειάζονται,必要重量（kg）,269
LastName,Last Name,,,Apellido,,Apellido,Apellido,Apellido,Nom,,,Sobrenome,Фамилия,Nachname,Efternamn,Efternavn,Sukunimi,Etternavn,Last Name,Családinév,Prenume,Nazwisko,Ազգանուն,שם משפחה,اسم العائلة,Επώνυμο,姓,270
Leaders,Leaders,,,Líderes,,Líderes,Líderes,Líderes,Meneurs,,,Líderes,Лидеры,Rangliste,Leaders,Førende,Johtajat,Ledere,Leaders,Legjobbak,Lideri,Liderzy,Առաջատարները,מובילים,القادة,ηγέτες,リーダー,271
Scoreboard.Leaders,Leaders:,,,Líderes,,Líderes,Líderes,Líderes,Meneurs: ,,,Líderes:,Лидеры потока в весовой категории:,Rangliste:,Leaders:,Førende:,Sarjakohtainen tilanne:,Ledere:,Oddasessurin,Legjobbak:,Lideri,Liderzy:,"Առաջատարները (A,B,C խմբերում)",מובילים:,قادة:,Αρχηγοί:,リーダー:,272
Results.Leaders,Leaders:,,,Líderes,,Líderes,Líderes,Líderes,Meneurs: ,,,Líderes:,Лидеры потока в весовой категории:,Rangliste:,Leaders:,Førende:,Sarjakohtainen tilanne:,Ledere:,Leaders:,Legjobbak:,Lideri,Liderzy:,Առաջատարներ,מובילים:,قادة:,Αρχηγοί:,リーダー:,273
RuleViolation.declaredChangesNotOk,Lift {0} : Value {1} for changes must be greater than or equal to the automatic progression ({2}).,,,Levantamiento {0} : El valor {1} para los cambios debe ser mayor o igual que la progresión automótica ({2}).,,Levantamiento {0} : El valor {1} para los cambios debe ser mayor o igual que la progresión automática ({2}).,Levantamiento {0} : El valor {1} para los cambios debe ser mayor o igual que la progresión automótica ({2}).,Levantamiento {0} : El valor {1} para los cambios debe ser mayor o igual que la progresión automótica ({2}).,Lever {0} : Le changement {1} doit être plus grand ou égal au poids de la progression automatique ({2}).,,,Levantamento {0}: Valor {1} para alterações deve ser maior ou igual à progressão automática ({2}).,Попытка {0} : Значение {1} для перезаявки должно быть больше или равно автоматической надбавке({2}).,Hebung {0} : Wert {1} für Änderungen muss größer oder gleich der automatischen Steigerung sein({2}).,Lyft {0}: Värde {1} för ändringar måste vara större än eller lika med den automatiska höjningen ({2}).,Løft {0} : Værdi {1} for øgning skal være større end eller lig den automatiske øgning ({2}).,Nosto {0} : Arvo {1} muutosten on oltava suurempi tai yhtä suuri kuin automaattinenkorotus ({2}).,Løft {0}: Verdien {1} for endringer må være større enn eller lik den automatiske høyning ({2}).,Lift {0} : Value {1} for changes must be greater than or equal to the automatic progression ({2}).,"Emelés {0}: A változtatások {1} értékének nagyobbnak vagy egyenlőnek kell lennie, mint az automatikus emeltetés ({2}).",Creștere {0} : valoarea {1} pentru modificări trebuie să fie mai mare sau egală cu progresia automată ({2}).,Podnieś {0}: Wartość {1} dla zmian musi być większa lub równa automatycznej progresji ({2}).,Փորձ {0}: {1} արժեքը փոփոխության համար պետք է լինի մեծ կամ հավասար ({2}) ավտոմատ ավելացմանը ,הרמה {0} : ערך {1} עבור שינויים חייב להיות גדול או שווה להתקדמות האוטומטית ({2}).,انتهاك القاعدة,Ανύψωση {0} : Η τιμή {1} για αλλαγές πρέπει να είναι μεγαλύτερη ή ίση με την αυτόματη πρόοδο ({2}).,試技 {0}：変更値 {1} は自動進行値 ({2}) 以上でなければなりません,274
RuleViolation.declarationValueTooSmall,Lift {0} : Value {1} for declaration must be greater than or equal to the automatic progression ({2}).,,,Levantamiento {0} : El valor {1} declarado debe ser mayor o igual que la progresión automótica ({2}),,Levantamiento {0} : El valor {1} declarado debe ser mayor o igual que la progresión automática ({2}),Levantamiento {0} : El valor {1} declarado debe ser mayor o igual que la progresión automótica ({2}),Levantamiento {0} : El valor {1} declarado debe ser mayor o igual que la progresión automótica ({2}),Lever {0} : Le poids {1} déclaré doit être plus grand ou égal au poids de la progression automatique ({2}),,,Levantamento {0}: O Valor {1} da declaração deve ser maior ou igual à progressão automática ({2}).,Попытка {0} : Значение {1} для заявки должно быть больше или равно автоматической надбавке({2}).,Hebung {0} : Wert {1} für die Meldung muss größer oder gleich der automatischen Steigerung sein ({2}).,Lift {0} : Värdet {1} för begärd vikt måste vara större eller lika som den automatiska höjningen ({2}).,Løft {0} : Værdi {1} skal være større end eller lig den automatiske øgning ({2}).,Nosto {0} : Arvo {1} muutosten on oltava suurempi tai yhtä suuri kuin automaattinen eteneminen ({2}).,Løft {0}: Verdien {1} for høyningen må være større enn eller lik den automatiske høyningen ({2}).,Lift {0} : Value {1} for declaration must be greater than or equal to the automatic progression ({2}).,"Emelés {0}: A bemondott {1} értékének nagyobbnak vagy egyenlőnek kell lennie, mint az automatikus emeltetés ({2}).",Creștere {0} : valoarea {1} pentru declarație trebuie să fie mai mare sau egală cu progresia automată ({2}).,Podnieś {0} : Wartość {1} dla deklaracji musi być większa lub równa automatycznej progresji ({2}).,Փորձ {0}: {1} արժեքը հայտարարման համար պետք է լինի մեծ կամ հավասար ({2}) ավտոմատ ավելացմանը ,הרמה {0} : ערך {1} להצהרה חייב להיות גדול או שווה להתקדמות האוטומטית ({2}).,انتهاك القاعدة,Ανύψωση {0} : Η τιμή {1} για τη δήλωση πρέπει να είναι μεγαλύτερη ή ίση με την αυτόματη πρόοδο ({2}).,試技 {0}：申告値 {1} は自動進行値 ({2}) 以上でなければなりません,275
RuleViolation.liftValueBelowProgression,Lift {0} : Value {1} for lift must be greater than or equal to the automatic progression ({2}).,,,Levantamiento {0} : El valor {1} para el levantamiento debe ser mayor o igual que la progresión automótica ({2}).,,Levantamiento {0} : El valor {1} para la alzada debe ser mayor o igual que la progresión automática ({2}).,Levantamiento {0} : El valor {1} para la alzada debe ser mayor o igual que la progresión automótica ({2}).,Levantamiento {0} : El valor {1} para el levantamiento debe ser mayor o igual que la progresión automótica ({2}).,Lever {0} : Le lever ({1}) doit être plus grand ou égal au poids de la progression automatique ({2}).,,,Levantamento {0}: Valor {1} para o Levantamento deve ser maior ou igual à progressão automática ({2}).,Попытка {0} : Значение {1} для попытки должно быть больше или равно автоматической надбавке({2}).,Hebung {0} : Wert {1} für die Hebung muss größer oder gleich der automatischen Steigerung sein({2}).,Lyft {0}: Värde {1} för lyft måste vara större än eller lika med den automatiska höjningen ({2}).,Løft {0} : Værdi {1} for løft skal være større end eller lig den automatiske øgning ({2}),Nosto {0} : Arvo {1} muutosten on oltava suurempi tai yhtä suuri kuin automaattinen eteneminen ({2}).,Løft {0}: Verdien {1} for løft må være større enn eller lik den automatiske høyningen ({2}).,Lift {0} : Value {1} for lift must be greater than or equal to the automatic progression ({2}).,"Emelés {0} : Az emelkedés {1} értékének nagyobbnak vagy egyenlőnek kell lennie, mint az automatikus emeltetés ({2}).",Lift {0} : valoarea {1} pentru ridicare trebuie să fie mai mare sau egală cu progresia automată ({2}).,Podnieś {0}: Wartość podniesienia {1} musi być większa lub równa automatycznej progresji ({2}).,Փորձ {0}: {1} արժեքը փորձի համար պետք է լինի մեծ կամ հավասար ({2}) ավտոմատ ավելացմանը ,הרמה {0} : ערך {1} להרמה חייב להיות גדול או שווה להתקדמות האוטומטית ({2}).,انتهاك القاعدة,Ανύψωση {0} : Η τιμή {1} για την ανύψωση πρέπει να είναι μεγαλύτερη ή ίση με την αυτόματη πρόοδο ({2}).,試技 {0}：試技重量 {1} は自動進行値 ({2}) 以上でなければなりません,276
RuleViolation.liftValueNotWhatWasRequested,Lift {0} : Value {1} for lift must match requested amount ({2}).,,,Levantamiento {0} : El valor {1} para el levantamiento debe coincidir con el valor solicitado ({2}).,,Levantamiento {0} : El valor {1} para el levantamiento debe coincidir con el valor solicitado ({2}).,Levantamiento {0} : El valor {1} para la alzada debe coincidir con el valor solicitado ({2}).,Levantamiento {0} : El valor {1} para el levantamiento debe coincidir con el valor solicitado ({2}).,Lever {0} : Le poids {1} du lever doit correspondre au poids demandé ({2}).,,,Levantamento {0}: Valor {1} para o Levantamento deve corresponder ao valor solicitado ({2}).,Попытка {0} : Значение {1} для попытки должно соответствовать заявленному({2}).,Hebung {0} : Wert {1} für die gewünschte Last der Hebung ({2}).,Hiss {0}: Värde {1} för lyft måste matcha den begärda vikten ({2}).,Løft {0} : Værdi {1} for løft skal matche det opgivede ({2}).,Nosto {0} : Arvo {1} noston on vastattava pyydettyä määrää ({2}).,Løft {0} : Verdien {1} for løft må samsvare med den forespurte vekt ({2}).,Lift {0} : Value {1} for lift must match requested amount ({2}).,Emelés {0} : Az emeltetés {1} értékének meg kell egyeznie a kért súllyal ({2}).,Lift {0} : valoarea {1} pentru ridicare trebuie să corespundă cu suma solicitată ({2}).,Podnieś {0}: Wartość podniesienia {1} musi odpowiadać żądanemu ciężarowi ({2}).,Փորձ {0}: {1} արժեքը փորձի համար պետք է համապատասխանի հայտաչաչված ({2})-ին.,הרמה {0} : ערך {1} להרמה חייב להתאים לסכום המבוקש ({2}).,انتهاك القاعدة,Ανύψωση {0} : Η τιμή {1} για την ανύψωση πρέπει να αντιστοιχεί στο ζητούμενο ποσό ({2}).,試技 {0}：試技重量 {1} は申告重量 ({2}) と一致していなければなりません,277
Scoreboard.LiftingOrder,Lifting Order,,,Orden de competencia,,Orden de levantamiento,Orden en competencia,Orden de competencia,Ordre de passage,,,Ordem de Levantamento,Очередность выполнения попыток,Reihenfolge,Lyftordning,Rækkefølge,Nostojärjestys,Rekkefølge,Lyfti rekkjufylgjan,Emelési parancs,Ordin de ridicare,Lifting Order,Փորձի կատարման հերթականություն,סדר הרמות,ترتيب الرفع,Εντολή Ανύψωσης,試技順,278
Results.LiftingOrder,Lifting Order,,,Orden de competencia,,Orden de levantamiento,Orden en competencia,Orden de competencia,Ordre de passage,,,Ordem de Levantamento,Очередность выполнения попыток,Reihenfolge,Lyftordning,Rækkefølge,Nostojärjestys,Rekkefølge,Lifting Order,Emelési parancs,Ordin de ridicare,Lifting Order,Փորձի կատարման հաջորդականություն,סדר הרמות,ترتيب الرفع,Ανυψωτική εντολή,試技順,279
LiftsCleared,Lifts cleared,,,Levantamientos borrados,,Levantamientos borrados,Levantamientos despejados,Levantamientos borrados,Les essais ont été effacés,,,Resultados Excluídos,Попытки сброшены,Hebungen gelöscht,Lyft klara,Løft slettet,Nostoja jäljellä,Løft slettet,Lifts cleared,Emelések törölve,Ridicari șterse,Wyczyść podejścia,Փորձը մերժված է,הרמות תקינות,تم مسح الرفعات,Οι ανελκυστήρες καθαρίστηκαν,試技クリア済み,280
EVENT_SwitchGroup,Ioad a session,,,Cargar una tanda,,Cargar una tanda,Cargar una tanda,Cargar una tanda,choisir un plateau,choisir une session,,Carregar uma sessão,загрузить группу,Lade eine Gruppe,load a group,load en session,lataa ryhmä,Last inn pulje,Ioad a session,Csoport betöltése,încărcați un grup,Załaduj grupę,Բեռնել խումբը,טען מקצה,تغيير مجموعة الرفع,Πραγματοποιήστε μια συνεδρία,セッションを読み込む,281
ResetCategories.ReloadAgeGroups,Load Definition File,,,Cargar archivo de definición,,Cargar archivo de definición,Cargar archivo de definición,Cargar archivo de definición,Charger fichier de définition,,,Carregar arquivo de definição,Загрузить файл определения,Definitionsdatei laden,Load Definition File,Load Definitionsfil,Lataa määrittely tiedosto,Last definisjonsfil,Load Definition File,Definíciós fájl betöltése,Încărcați fișierul de definiție,Załaduj plik definicji,Բեռնել տարբերակման ֆայլը,טען קובץ הגדרה,تحميل ملف التعريف,Φόρτωση αρχείου ορισμού,定義ファイルを読み込む,282
Locale,Locale,,,Lugar,,Lugar,Lugar,Lugar,Locale,,,Localidade,Локаль,Gebietsschema,Locale,Locale,Paikallinen,Språk,Locale,Helyi,Locație,Widownia,Լոկալ,מקום,الموقع,Μικρός λοβός,ロケール (地域設定),283
Log_In,Log in,,,Iniciar Tanda,,Iniciar Tanda,Iniciar Grupo,Iniciar Tanda,Identification,,,Conecte-se,Логин,Login,Logga in,Log in,Kirjaudu sisään,Logg inn,Log in,Belépés,înregistra,Zaloguj się,Լոգին,התחבר,تسجيل الدخول,Συνδεθείτε,ログイン,284
Login,Login,,,Iniciar Tanda,,Iniciar Tanda,Iniciar Grupo,Iniciar Tanda,Identification,,,Conecte-se,Логин,Login,Logga in,Login,Kirjaudu,Logg inn,Login,Belépés,înregistra,Zaloguj się,Լոգին,התחברות,تسجيل الدخول,Σύνδεση,ログイン,285
Competition.logo,Logo,,,Logo,,Logo,Logo,Logo,Logo,,,Logotipo,Логотип,Logo,Logga,Logo,Logo,Logo,Logo,Logó,Logo,Logo,Տարբերանշան,לוגו,الشعار,Λογότυπο,ロゴ,286
Card.lotNumber,Lot,,,Nº Sorteo,,Nº Sorteo,Nº aleatorio,Nº Sorteo,Tirage,,,Sorteio,Жребий,Losnr.,Lottnummer,Lodt. Nummer,Arpa,Lot,Lot,Sorszám,Lot,Nr. Losowy,Վիճակ.,מספר משתתף,رقم السحب,Παρτίδα,抽選番号,287
Lot,Lot,,,Sorteo,,Lote,Lote,Sorteo,Tirage,,,Sorteio,Жребий,Los,Lott,Lodt.,Arpa,Lot,Lot,Sorszám,Lot,Nr. Losowy,Վիճակ.,מספר משתתף,رقم السحب,Παρτίδα,抽選番号,288
Results.Lot,Lot,,,Sorteo,,Sorteo,Sorteo,Sorteo,Sort,,,Sorteio,Lot,Los,Lott,Lodt.,Arpa,Lot,Lot,Sorszám,Lot,Nr. Losowy,Վիճակ.,מספר משתתף,رقم السحب,Παρτίδα,抽選番号,289
CompetitionBook.MWT,M+W Total Score,,,M+F Puntuación Total,,M+F Puntuación Total,M+F Puntuación Total,M+F Puntuación Total,M+F Pointage Total,,,Pontuação M + F Total,М+Ж Итоговые очки,M+W Gesamtwertung,H+D total poäng,M+K Total Score,N+M Yhteistulokset,M+K Totalscore,M+W Total Score,F+N összpontszám,Scorul total B+F,M+W Wynik końcowy,Տղաներ+Աղջիկներ վերջնական միավորներ,סך נקודות גברים ונשים,إجمالي النقاط M+W,Συνολική βαθμολογία M+W,男女合計スコア,290
Marshall,Marshal,,,Marshal,,Marshal,Marshall,Marshal,Marshal,Préposé aux changements,,Marshal,Судья на перезаявках,Steigerung,CM,Marshal,Yhdyshenkilö,Marshall,Marshal,Vezetőbíró,Marshal,Marszal,Մարշալ,סדרן,المشرف,Μάρσαλ,マーシャル,291
Competition.masters,Masters,,,Masters,,Masters,Masters,Masters,Masters,,,Masters,Ветераны (Возрастное разделение),Masters,Masters,Masters,Masters,Masters,Masters,Masters,Masters,Masters,Վետերաններ,מאסטרס,الماجستير,Masters,マスターズ,292
Division.MASTERS,Masters,,,Masters,,Masters,Masters,Masters,Masters,,,Masters,Ветераны,Masters,Masters,Masters,Masters,Masters,Masters,Masters,Masters,Masters,Վետերաններ,מאסטרס,الماجستير,Masters,マスターズ,293
Competition.mastersGenderEquality,Masters: use W75 and W80+ age groups,,,Masters: use los grupos de edad W75 y W80+,,Masters: use los grupos de edad W75 y W80+,Masters: use los grupos de edad W75 y W80+,Masters: use los grupos de edad W75 y W80+,Masters: utiliser groupes d'âge W75 et W80+,,,Masters: use as faixas etárias W75 e W80+,Ветераны: используйте возрастные группы M/W75 и M/W80+,Masters: benutze W75 und W80+ Altersklassen,Masters: använd åldersgrupper W75 och W80+,Masters: Brug aldersgrupper W75 og W80+,Masters: käytä N75 ka N80+ ikäryhmiä,Masters: bruk aldersgruppene W75 og W80+,Masters: use W75 and W80+ age groups,Masters: N75 és N80+ korosztályt használjon,Masters: utilizați grupele de vârstă F75 și F80+,Masters: use W75 and W80+ age groups,Վետերանները օգտագործում են M/W75 և M/W80+ տարիքային խմբերը,מאסטרס: השתמש בקבוצות גיל W75 ו-W80+,الماجستير: استخدم مجموعات الأعمار W75 و W80+,Masters: χρησιμοποιήστε τις ηλικιακές ομάδες W75 και W80+,マスターズ：W75およびW80以上の年齢区分を使用,294
Results.max,Max,,,Max,,Máx,Max,Max,Max,,,Máx,max,Max,Max,Max,Max,Maks,Max,Max,Max,Max,Արդ․,מקסימום,الحد الأقصى,Μέγ,最大,295
MaximumAge,Maximum Age (incl.),,,Edad Maxima (incl.),,Edad Máxima (incl.),Edad Maxima (incl.),Edad Maxima (incluída),Âge maximum (incl.),,,Idade Máxima,Максимальный возраст,Maximales Alter,Maximum Age (incl.),Maximum Alder (inkl.),Maximi ikä (sis.),Maksimal alder (inkl.),Maximum Age (incl.),Maximális életkor (beleértve),Vârsta maximă (incl.),Maksymalny wiek (włącznie),Առավելագույն տարիք (ներառյալ):,גיל מקסימלי (כולל),الحد الأقصى للعمر (شامل),Μέγιστη ηλικία (συμπ.),最大年齢（含む）,296
MaximumWeight,Maximum Weight,,,Peso Máximo,,Peso Máximo,Peso Máximo,Peso Máximo,Poids maximum,,,Peso Máximo,Максимальный вес,Maximales Gewicht,Maximum vikt,Maximum vægt,Maximi Paino,Maksimal vekt,Maximum Weight,Maximális súly,Greutate maximă,Maksymalna waga,Առավելագույն քաշը,משקל מקסימלי,الحد الأقصى للوزن,Μέγιστο Βάρος,最大体重,297
MedalsOnly,Medals Only,,,Solo Medallas,,Sólo Medallas,Solo Medallas,Solo Medallas,Médailles seulement,,,Apenas Medalhas,Медалисты,Nur Medaillen,Endast medaljer,Vis medaljeplaceringer,Vain mitalit,Vis kun medaljer,Medals Only,Csak érmek,Doar Medalii,Tylko medale,Մեդալակիրներ,מדליות בלבד,الميداليات فقط,Μόνο μετάλλια,メダルのみ,298
Results.Membership,Memb.,,,Código,,Memb.,Memb.,Código,# Fed.,,,Memb.,Memb.,Land,Memb.,Medl.,Jäsen.,NVF-id,Memb.,Egyén,Pers.,Członek,Անդամ,חבר,العضوية,Μέλος.,会員,299
Membership,Membership #,,,Código,,Número de Miembro,Numero de Miembro,Código,Nº membre,,,Código,Членский номер,Mitgliedsnummer #,Medlemskap #,VL-Stat nr,Jäsenro #,NVF-id,Membership #,Rajtszám#,Nr. concurentului#,Numer członkostwa #,Ադամակցության Nº ,מספר חבר,العضوية,Συνδρομή #,会員 #,300
Gender.Men,Men,,,Varones,,Masculino,Masculino,Varones,Hommes,,,Masculino,Мужчины,männlich,Herrar,Mænd,Miehet,Menn,Men,Férfiak,Bărbați,Mężczyźni,Տղաներ,גברים,الرجال,Ανδρες,男子,301
CompetitionBook.MCT,Men - Combined Score,,,Puntaje combinado - Varones,,Puntuación combinada - Hombres,Puntaje combinado - Hombres,Puntaje combinado - Varones,Hommes - Pointage Combiné,,,Pontuação Masculina Combinada,Мужчины - Комбинированные очки,männlich - Berechnete Ergebnisse,Herrar - Kombinerad poäng,Mænd - Kombineret Score,Miehet - Yhdistetty tulos,Menn – kombinert poengsum,Men - Combined Score,Férfiak - Kombinált eredmény,Bărbați - scor combinat,Mężczyźni – wynik łączny,Տղաներ - Կոմբինացված միավորներ,גברים - ניקוד משולב,الرجال - النقاط المجمعة,Ανδρών - Μικτό Βαθμολογία,男子合計得点,302
Results.MenPerTeam,Men per Team,,,Varones por Equipos,,Hombres por Equipo,Hombres por Equipo,Varones por Equipos,Hommes par équipe,,,Homens por Equipe,Men per Team,männlich pro Team,Antal herrar i laget,Men per Team,Miehet per seura,Utøvere per lag,Men per Team,Férfiak csapatonként,Bărbați per echipă,Mężczyźni w drużynie,Տղաներ ՝ մեկ թիմի համար,גברים לקבוצה,الرجال لكل فريق,Άνδρες ανά ομάδα,チームあたり男子選手数,303
Competition.mensTeamSize,"Men's ""Top Results"" Team Size",,,"Varones "" Mejores n resultados "" Tamaño del Equipo",,"Hombres "" Mejores n resultados "" Tamaño del equipo","Hombres "" Mejores n resultados "" Tamaño del equipo","Varones "" Mejores n resultados "" Tamaño del Equipo",Utiliser n meilleurs résultats,,,"Masculinos ""Melhores Resultados"" Tamanho da Equipe",Мужчины/Лучший результат/Размер команды,"männlich ""Top Ergebnisse"" Mannschaftsgröße","Herrar ""Top Results"" Lagstorlek","""Top Resultater"" Mænd Holdstørrelse","Miesten ""Parhaat tulokset"" Seuran Koko","Herre ""Topp resultater"" lagstørrelse","Men's ""Top Results"" Team Size",Férfi „Legjobb eredmények” csapatméret,Dimensiunea echipei masculine „Rezultate de top”.,„Najlepsze wyniki” mężczyzn w drużynie,"Տղաների «Լավագույն արդյունքները"" կազմի չափ",גודל קבוצת גברים לחישוב ניקוד,"حجم فريق الرجال ""أفضل النتائج""","Μέγεθος ομάδας ανδρών ""με τα καλύτερα αποτελέσματα""",男子「トップ成績」チーム人数,304
CompetitionBook.M6,Men's Results,,,Resultados Varones,,Resultados Masculino,Resultados Masculino,Resultados Varones,Hommes 6 essais,,,Resultado Masculino,"Результаты, мужчины",Ergebnisse männlich,Resultat herrar,Resultater Mænd,Miesten tulokset,Resultater for menn,Men's Results,Férfi eredmények,Rezultate Bărbați,Wyniki mężczyzn,Արդյունք՝ տղաներ,תוצאות גברים,نتائج الرجال,Αποτελέσματα ανδρών,男子成績,305
CompetitionBook.MR,Men's Robi,,,Robi Varones,,Robi Masculino,Robi Masculino,Robi Varones,Hommes Robi,,,Robi Masculino,"Роби, мужчины",männlich Robi,Herrar Robi,Robi Mænd,Miesten Robi,Robi for menn,Men's Robi,Férfi Robi,Robi pentru bărbați,Męski Robi,"Ռոբի, Տղաներ",רובי גברים,روبي الرجال,Ανδρικό Robi,男子 Robiポイント,306
CompetitionBook.MG,Men's GAMX,,,GAMX Varones,,GAMX Masculino,GAMX Masculino,GAMX Varones,Hommes GAMX,,,GAMX Masculino,"Роби, GAMX",männlich GAMX,Herrar GAMX,GAMX Mænd,Miesten GAMX,GAMX menn,Men's GAMX,Férfi GAMX,GAMX pentru bărbați,Męski GAMX,"Ռոբի, Տղաներ",GAMX גברים,GAMX الرجال,Ανδρικό GAMX,男子 GAMXポイント,307
CompetitionBook.MS,Men's Sinclair,,,Sinclair Varones,,Sinclair Masculino,Sinclair Masculino,Sinclair Varones,Hommes Sinclair,,,Sinclair Masculino,"Синклер, мужчины",männlich Sinclair,Herrar Sinclair,Sinclair Mænd,Miesten Sinclair,Sinclair menn,Men's Sinclair,Férfi Sinclair,Sinclair pentru bărbați,Męski Sinclair,"Սինկլեր, Տղաներ",סינקלייר גברים,سينكلير الرجال,Ανδρικό Sinclair,男子 シンクレアポイント,308
CompetitionBook.MSMF,Men's SMF,,,SMF Masculino,,SMF Masculino,SMF Masculino,SMF Masculino,Hommes SMF,,,SMF Masculino,Синклер-Мужчины,männlich SMF,Herrar SMF,SMF Mænd,Miesten SMF,SMF menn,Men's SMF,Férfi SMF,SMF pentru bărbați,Męski SMF,Սինկլեր Տղաներ,SMF גברים,SMF الرجال,Ανδρικό SMF,男子 SMFポイント,309
CompetitionBook.MT,Men's Total Score,,,Puntos Total Varones,,Puntos Total Masculino,Puntos Total Masculino,Puntos Total Varones,Hommes - Pointage Total,,,Pontuação Total Masculino,Мужчины - итоговые очки,männlich Gesamtwertung,Herrar total poäng,Total Score Mænd,Miesten Yhteistulos,Totalscore menn,Men's Total Score,Férfi összpontszám,Scorul total Bărbați,Łączny wynik mężczyzn,Տղաներ -  վերջնական միավորներ,סך נקודות גברים,إجمالي نقاط الرجال,Συνολική βαθμολογία ανδρών,男子トータルスコア,310
Men + Women,Men+Women - Combined Score,,,Damas y Varones - Puntuación Combinada,,Masculino y Femenino - Puntuación Combinada,Masculino y Femenino - Puntuación Combinada,Damas y Varones - Puntuación Combinada,Hommes et Femmes - Pointage Combiné,,,Masculino e Feminino - Pontuação Combinada,М+Ж комбинированные очки,männlich und weiblich - Berechnetes Ergebnis,Herrar + Damer - Kombinerad poäng,Mænd + Kvinder - Kombineret Score,Miehet + Naiset - Yhdistetyt tulokset,Menn+Kvinner – Sammenlagt poengsum,Men+Women - Combined Score,Férfi + Nő - Kombinált eredmény,Bărbați + Femei - scor combinat,Mężczyźni+Kobiety – łączny wynik,Տղաներ+Աղջիկներ համակցված միավորներ,גברים ונשים - ניקוד משולב,الرجال والنساء - النقاط المجمعة,Άνδρες+Γυναίκες - Μικτή Βαθμολογία,男女合計得点,311
MetalPlates,Metal Plates,,,Pesas de metal,,Pesas de metal,Pesas de metal,Discos livianos,Disques de métal,Plaques de métal,,Anilhas Pequenas,Маленькие диски,Metallscheiben,Viktskivor,Små skiver,Metallilevyt,Småskiver,Metal Plates,Fém tárcsák,Discuri metal,Metalowe talerze,Մետաղական կշռաքարեր,פלטות מתכת,أقراص معدنية,Μεταλλικές πλάκες,金属プレート,312
MinimumAge,Minimum Age (incl.),,,Edad Minima (incl.),,Edad Mínima (incl.),Edad Minima (incl.),Edad Minima (incluida),Age minimum (incl.),Âge minimum (incl.),,Idade Minima,Минимальный возраст,Minimales Alter,Minimum Ålder (inkl.),Minimum Alder (inkl.),Minimi ikä (sis.),Minimumsalder (inkl.),Minimum Age (incl.),Minimális életkor (beleértve),Varsta minima (incl.),Minimalny wiek (włącznie),Նվազագույն տարիք (ներառյալ):,גיל מינימלי (כולל),الحد الأدنى للعمر (شامل),Ελάχιστη ηλικία (συμπ.),最低年齢（含む）,313
MinimumWeight,Minimum Weight,,,Peso Máximo,,Peso Máximo,Peso Máximo,Peso Máximo,Poids minimum,,,Peso mínimo,Минимальный вес,minimales Gewicht,Minimum vikt,Minimum vægt,Minimi painot,Minimum vekt,Minimum Weight,Minimális súly,Greutate minima,Minimalna waga,Նվազագույն քաշը,משקל מינימלי,الحد الأدنى للوزن,Ελάχιστο Βάρος,最低体重,314
Card.name,Name,,,Nombre,,Nombre,Nombre,Nombre,Nom,,,Nome,"Фамилия, Имя",Name,Namn,Navn,Nimi,Navn,Name,Név,Nume,Nazwisko,Անուն,שם,الاسم,Ονομα,名前,315
Competition.competitionName,Name,,,Nombre,,Nombre,Nombre,Nombre,Nom,,,Nome,Имя,Name,Namn,Navn,Nimi,Navn,Name,Név,Nume,Nazwisko,Մրցումներ,שם,اسم المسابقة,Ονομα,名前,316
Name,Name,,,Nombre,,Nombre,Nombre,Nombre,Nom,,,Grupo,Название,Name,Namn,Navn,Nimi,Navn,Name,Név,Nume,Nazwisko,Անուն,שם,الاسم,Ονομα,名前,317
Scoreboard.Name,Name,,,Nombre,,Nombre,Nombre,Nombre,Nom,,,Nome,"Фамилия, Имя",Name,Namn,Navn,Nimi,Navn,Navn,Név,Nume,Nazwisko,"Ազգանուն, Անուն",שם,الاسم,Ονομα,名前,318
Results.Name,Name,,,Nombre,,Nombre,Nombre,Nombre,Nom,,,Nome,"Фамилия, Имя",Name,Namn,Navn,Nimi,Navn,Name,Név,Nume,Nazwisko,"Ազգանուն, Անուն",שם,الاسم,Ονομα,名前,319
Scoreboard.NextAttempt,Next Attempt,,,Próximo Intento,,Próximo Intento,Proximo Intento,Próximo Intento,Prochain essai,,,Próxima Tentativa,Следующая попытка,Nächster Versuch,Nästa försök,Næste forsøg,Seuraava yritys,Neste forsøk,Næsta roynd,Következő kisérlet,Următoarea încercare,Następne Podejście,Հաջորդ փորձ,הניסיון הבא,المحاولة التالية,Επόμενη Προσπάθεια,次の試技,320
Results.NextAttempt,Next Attempt,,,Próximo Intento,,Próximo Intento,Proximo Intento,Próximo Intento,Prochain essai,,,Próxima Tentativa,Следующая попытка,Nächster Versuch,Nästa försök,Næste forsøg,Seuraava yritys,Neste forsøk,Next Attempt,Következő kisérlet,Următoarea încercare,Następne Podejście,Հաջորդ փորձ,הניסיון הבא,المحاولة التالية,Επόμενη Προσπάθεια,次の試技,321
NoGroupSelected,No session selected,,,Sin Tanda Seleccionada,,Sin Tanda Seleccionada,Sin Grupo Seleccionado,Sin Tanda Seleccionada,Pas de plateau sélectionné,Pas de session sélectionnée,,Nenhuma sessão selecionada,Поток не выбран,Keine Gruppe ausgewählt,Ingen grupp vald,Ingen session valgt,Ryhmää ei valittu,Ingen pulje er valgt,No session selected,Nincs kiválasztva csoport,Niciun grup selectat,Nie wybrano grupy,Խումբը ընտրված չէ,לא נבחר מקצה,لا توجد جلسة محددة,Δεν έχει επιλεγεί περίοδος λειτουργίας,セッションが選択されていません,322
No_weighed_in_athletes,No weighed-in athletes,,,Atleta sin Peso,,Atleta sin Peso,Atleta sin Peso,Atleta sin Peso,Pas d'athlètes pesés,,,Nenhum Atleta Foi Pesado,Нет спортсменов прошедших взвешивание,Nicht gewogen in Athleten,Inga invägda lyftare,Ikke-indvejede atleter,Ei punnittuja-nostajia,Ingen innveide utøvere,No weighed-in athletes,Nincsenek mérlegelt sportolók,Nu sînt concurenți cântăriți,Brak zważonych sportowców,Կշռում անցած մարզիկներ չկան,אין ספורטאים שנשקלו,لا يوجد رياضيين تم وزنهم,Χωρίς ζυγισμένους αθλητές,体重測定済みの選手がいません,323
NonStandardBar,Non-Standard Bar,,,Barra no estandar,,Barra no estándar,Barra no estandar,Barra no estandar,Barre non-standard,,,Barra fora do padrão,Нестандартный гриф,Keine Standard Hantel?,Icke-standard skivstång,Ikke-standard Stang,Ei-Standardi Tanko,Ikke-standard stang,Non-Standard Bar,Nem szabványos rűd,Bară non-standard,Niestandardowy gryf,Ոչ ստանդարտ ծանրաձող,מוט לא תקני,بار غير قياسي,Μη Standard Bar,非標準バーベル,324
Competition.specialRulesTitle,Non-standard Rules,,,Reglas no estándar,,Reglas no estándar,Reglas no estándar,Reglas no estándar,Règles particulières,,,Regras fora do padrão,Нестандартные правила,Keine Standard Regeln,Non-standard Rules,Non-standard Rules,Ei-standardi säännöt,Ikke-standard regler,Non-standard Rules,Nem szabványos szabályok,Reguli non-standard,Niestandardowe zasady,Ոչ ստանդարտ Օրենքները,חוקים לא סטנדרטיים,قواعد غير قياسية,Μη τυποποιημένοι κανόνες,非標準ルール,325
none,none,,,Ninguno,,ninguno,Ninguno,Ninguno,aucun,,,Nenhum,ни один,keine,ingen,ingen,ei yhtään,ingen,none,egyik sem,nici unul,nic,ոչ ոք,אף אחד,لا شيء,κανένας,なし,326
Not_weighed,Not weighed,,,No Pesado,,No Pesado,No Pesado,No Pesado,Non pesé,,,Não Pesado,Не прошел взвешивание,Nicht gewogen,Ej invägd,Ikke indvejet,Ei punnittu,Ikke innveid,Not weighed,Nincs bemérve,Necântărit,Nie zważony,Չի անցել կշռումը,לא נשקל,غير موزون,Δεν ζυγίζεται,体重未測定,327
Notes,Notes,,,Notas,,Notas,Notas,Notas,Notes,,,Notas,Заметки,Notizen,Anteckningar,Notater,Muistiinpanot,Notater,Notes,Megjegyzések,Mențiune,Notatki,Նշումներ,הערות,ملاحظات,Σημειώσεις,備考,328
Number,Number,,,Número,,Número,Número,Número,Nº,,,Número,Номер,Nummer,Nummer,Nummer,Nostajan numero,Tall,Number,Szám,Număr,Numer,Համար,מספר,رقم,Αριθμός,数,329
Results.Athletes,Number of Athletes,,,Número de Atletas,,Número de levantadores,Número de Atletas,Número de Atletas,Nombre d'athlètes,,,Número de Atletas,Number of Athletes,Anzahl der Athleten,Antal lyftare,Number of Athletes,Nostajien määrä,Antall utøvere,Number of Athletes,Sportolók száma,Numărul de sportivi,Liczba sportowców (ukończone grupy),Մարզիկների քանակ,מספר ספורטאים,عدد الرياضيين,Αριθμός Αθλητών,選手数,330
Results.Teams,Number of Teams,,,Número de equipos,,Número de equipos,Número de equipos,Número de equipos,Nombre d'équipes,,,Número de Equipes,Number of Teams,Anzahl der Teams,Antal lag,Number of Teams,Seurojen määrä,Antall lag,Number of Teams,Csapatok száma,Numărul de echipe,Liczba drużyn,Կազմերի քանակ,מספר קבוצות,عدد الفرق,Αριθμός Ομάδων,チーム数,331
Officials,Officials,,,Oficiales,,Jueces,Oficiales,Oficiales,Officiels,,,Juízes,Officials,Offizielle,Officials,Officials,Toimihenkilöt,Funksjonærer,Officials,Tisztviselők,Oficialii,Oficjele,Պաշտոնյաները,שופטים,المسؤولون,αξιωματούχοι,役員/審判員,332
Division.OLY,Olympics,,,Olímpico,,Olímpico,Olímpico,Olímpico,Olympiques,,,Olímpica,Olympics,Olympisch,Olympics,Olympisk,Olympia,Olympisk,Olympics,Olimpia,Olimpiade,Olimpiada,Օլիմպիական խաղերի,אולימפיאדה,الأولمبياد,Ολυμπιακοί Αγώνες,オリンピック,333
Competition.rulesTitle,Options,,,Opciones,,Opciones,Opciones,Opciones,Options,,,Opção,Выбор,Optionen,Options,Indstillinger,Vaihtoehdot,Innstillinger,Options,Lehetőségek,Opțiuni,Opcje,Ընտրանքներ,אפשרויות,الخيارات,Επιλογές,オプション,334
Competition.competitionOrganizer,Organizer,,,Organizador,,Organizador,Organizador,Organizador,Organisateur,,,Organizador,Организатор,Veranstalter,Arrangör,Arrangør,Järjestävä seura,Arrangør,Organizer,Szervező,Organizator,Organizator,Կազմակերպիչ,מארגן,المنظم,Διοργανωτής,主催者,335
OWLCMS_Info,OWLCMS - About,,,OWLCMS - Acerca de,,OWLCMS - Acerca de,OWLCMS - Acerca de,OWLCMS - Acerca de,OWLCMS - Info,,,OWLCMS - Sobre,OWLCMS - О программе,OWLCMS – Über,OWLCMS - Om,OWLCMS - Om,OWLCMS - Lue lisää,OWLCMS - Om,OWLCMS - About,OWLCMS - Körülbelül,OWLCMS - Despre,OWLCMS - O,OWLCMS - Ծրագրի մասին,OWLCMS - אודות,حول OWLCMS,OWLCMS - Σχετικά,OWLCMS - について,336
OWLCMS_Displays,OWLCMS - Displays,,,OWLCMS - Monitor,,OWLCMS - Monitor,OWLCMS - Monitor,OWLCMS - Monitor,OWLCMS - Affichages,,,OWLCMS - Exibe,OWLCMS - Экраны,OWLCMS - Anzeigen,OWLCMS - Skärmar,OWLCMS - Displays,OWLCMS - Näytöt,OWLCMS - Skjermer,OWLCMS - Displays,OWLCMS - Kijelzők,OWLCMS - Afișări,OWLCMS - Wyświetlacze,OWLCMS - Էկրան,OWLCMS - תצוגות,شاشات OWLCMS,OWLCMS - Οθόνες,OWLCMS - ディスプレイ,337
OWLCMS_Home,OWLCMS - Home,,,OWLCMS - Inicio,,OWLCMS - Inicio,OWLCMS - Inicio,OWLCMS - Inicio,OWLCMS - Accueil,,,OWLCMS - Início,OWLCMS - Главная,OWLCMS - Home,OWLCMS - Hem,OWLCMS - Hjem,OWLCMS - Koti,OWLCMS - Hjem,OWLCMS - Home,OWLCMS - Kezdőlap,OWLCMS - Home,OWLCMS - Strona główna,OWLCMS - Գլխավոր,OWLCMS - בית,الصفحة الرئيسية لـ OWLCMS,OWLCMS - Αρχική,OWLCMS - ホーム,338
OWLCMS_Lifting,OWLCMS - Lifting,,,OWLCMS - Levantamiento,,OWLCMS - Levantamiento,OWLCMS - Levantamiento,OWLCMS - Levantamiento,OWLCMS - Plateau,OWLCMS - Session,,OWLCMS - Sessão,OWLCMS - Поток,OWLCMS - Heben,OWLCMS - Lyftning,OWLCMS - Afvikling,OWLCMS - Nostot,OWLCMS - Løfting,OWLCMS - Lifting,OWLCMS - Szesszió,OWLCMS - Sesiune,OWLCMS - Podnoszenie,OWLCMS - Խումբ,OWLCMS - הרמה,رفع OWLCMS,OWLCMS - Ανύψωση,OWLCMS - 試技,339
OWLCMS_Top,OWLCMS - Olympic Weightlifting Competition Management System,,,OWLCMS - Olympic Weightlifting Competition Management System,,OWLCMS - Olympic Weightlifting Competition Management System,OWLCMS - Olympic Weightlifting Competition Management System,OWLCMS - Olympic Weightlifting Competition Management System,OWLCMS - Gestion de compétition d'haltérophilie,,,OWLCMS - Sistema de Gerenciamento de Competição de Levantamento de Pesos,OWLCMS - Управление соревнованиями по тяжелой атлетике,OWLCMS - Olympic Weightlifting Competition Management System,OWLCMS - Olympic Weightlifting Competition Management System,OWLCMS - Olympic Weightlifting Competition Management System,OWLCMS - Olympic Weightlifting Competition Management System,OWLCMS - Olympic Weightlifting Competition Management System,OWLCMS - Olympic Weightlifting Competition Management System,OWLCMS - Olimpiai Súlyemelő Verseny Menedzsment Rendszer,OWLCMS - Sistemul Olimpic de Management al Competiției de Haltere,OWLCMS –Olimpijski System Zarządzania Zawodami w Podnoszeniu Ciężarów,OWLCMS - Ծանրամարտի մրցումների կառավարման էլեկտրոնային համակարգ (Ա․Մ․),OWLCMS - מערכת ניהול תחרויות הרמת משקולות אולימפית,نظام إدارة مسابقات رفع الأثقال الأولمبية OWLCMS,OWLCMS - Σύστημα Διαχείρισης Αγώνων Ολυμπιακής Άρσης Βαρών,OWLCMS - Olympic Weightlifting Competition Management System,340
OWLCMS_Preparation,OWLCMS - Preparation,,,OWLCMS - Preparación,,OWLCMS - Preparación,OWLCMS - Preparación,OWLCMS - Preparación,OWLCMS - Préparation,,,OWLCMS - Preparação,OWLCMS - Подготовка,OWLCMS - Vorbereitung,OWLCMS - Förberedelser,OWLCMS - Forberedelse,OWLCMS - Valmistelut,OWLCMS - Forberedelse,OWLCMS - Preparation,OWLCMS - Felkészülés,OWLCMS - Pregătire,OWLCMS - Przygotowanie,OWLCMS - Պատրաստում,OWLCMS - הכנה,تحضير OWLCMS,OWLCMS - Προετοιμασία,OWLCMS - 準備,341
OWLCMS_Results,OWLCMS - Results,,,OWLCMS - Resultados,,OWLCMS - Resultados,OWLCMS - Resultados,OWLCMS - Resultados,OWLCMS - Résultats,,,OWLCMS - Resultados,OWLCMS - Результаты,OWLCMS - Ergebnisse,OWLCMS - Resultat,OWLCMS - Resultater,OWLCMS - Tulokset,OWLCMS - Resultater,OWLCMS - Results,OWLCMS – Eredmények,OWLCMS - Rezultate,OWLCMS - Wyniki,OWLCMS - Արդյունքներ,OWLCMS - תוצאות,نتائج OWLCMS,OWLCMS - Αποτελέσματα,OWLCMS - 結果,342
OwlcmsBuild,OWLCMS v{0} ({1}),,,OWLCMS v{0} ({1}),,OWLCMS v{0} ({1}),OWLCMS v{0} ({1}),OWLCMS v{0} ({1}),OWLCMS v{0} ({1}),,,OWLCMS v {0} ({1}),OWLCMS v{0} ({1}),OWLCMS v{0} ({1}),OWLCMS v{0} ({1}),OWLCMS v{0} ({1}),OWLCMS v{0} ({1}),OWLCMS v{0} ({1}),OWLCMS v{0} ({1}),OWLCMS v{0} ({1}),OWLCMS v{0} ({1}),OWLCMS v{0} ({1}),OWLCMS v{0} ({1}),OWLCMS v{0} ({1}),إصدار OWLCMS,OWLCMS v{0} ({1}),OWLCMS v{0} ({1}),343
EVENT_BreakPaused,pause break,,,Pausa Descanso,,pausa descanso,Pausa Descanso,Pausa Descanso,interrompre la pause,,,Pausa Intervalo,пауза в перерыве,Pause Unterbrechung,avbrott i pausen,pause sat i bero,pysäytä tauko,Stans pause,pause break,szünet,pauză,przerwa,ընդմիջում,השהה הפסקה,توقف الاستراحة,διάλειμμα παύσης,休憩の一時停止,344
PauseCountdown,Pause Break Countdown Timer,,,Pausa reloj de cuenta regresiva,,Pausa cronómetro de cuenta regresiva,Pausa temporizador de cuenta regresiva,Pausa reloj de cuenta regresiva,Stopper le chrono de pause,,,Pausa Pausa Temporizador,Остановить таймер,Pause Break Countdown Uhr,Pausklocka,Pause Countdown Timer,Tauon ajanotto kello,Nedtellingstimer for pause,Pause Break Countdown Timer,Visszaszámláló szüneteltetése,întrerupere a Cronometrului,Wstrzymaj zegar przerwy,Կանգնեցնել ժամաչափը,שעון ספירה לאחור של הפסקות מושהות,مؤقت العد التنازلي للاستراحة,Pause Break Countdown Timer,カウントダウンタイマーの一時停止,345
BreakButton.Paused,Paused,,,Pausado,,Pausado,Pausado,Pausado,En pause,,,Pausado,Пауза,Unterbrochen,Pausad,Pause,Tauko,Pause,Paused,Szüneteltetve,Întrerupt,Wstrzymano,Դադար,מושהה,مؤقت الاستراحة,Σε παύση,一時停止中,346
Plates,Plates,,,Pesas,,Pesas,Pesas,Discos,Disques,Plaques,,Pesos,Диски,Scheiben,Viktskivor,Skiver,Levypainot,Skiver,Plates,Tárcsák,Discuri,Talerze,Կշռաքարեր,פלטות,الأقراص,Πιάτα,プレート,347
PlatesDisplay,Plates Display,,,Monitor de Discos,,Monitor Discos,Monitor Discos,Monitor de Discos,Disques,Plaques,,Exibição das Anilhas,Диски,Scheiben Anzeige,Viktskivor Skärm,Skive display,Levypainonäyttö,Skiver Display,Plates Display,Tárcsák kijelző,Monitor Discuri,Wyświetlacz obciążenia,Կշռաքարերի էկրան,תצוגת פלטות,عرض الأقراص,Εμφάνιση πιάτων,プレート表示,348
Platform,Platform,,,Plataforma,,Tarima,Tarima,Plataforma,Plateforme,,,Plataforma,Помост,Bohle,Plattform,Platform,Lava,Plattform,Platform,Versenydobogó,Platformă,Pomost zawodów,Մրցահարթակ,במה,المنصة,Πλατφόρμα,プラットフォーム,349
STATE_INACTIVE,platform is inactive,,,la plataforma está inactiva,,la tarima está inactiva,la plataforma está inactiva,la plataforma está inactiva,la plateforme est inactive,,,A Plataforma está inativa,помост не задействован,Bohle ist nicht aktiv,platform är inaktiv,platformen er inaktiv,lava ei ole aktiivinen,plattformen er inaktiv,platform is inactive,Versenydobogó nem aktív,Platforma nu este activă,pomost jest nieaktywny,Հարթակը ակտիվացված չէ,הבמה לא פעילה,المنصة غير نشطة,η πλατφόρμα είναι ανενεργή,プラットフォームは非アクティブです,350
PlatformName,Platform Name,,,Nombre de la plataforma,,Nombre de la tarima,Nombre de la tarima,Nombre de la plataforma,Nom de la plateforme,,,Nome da Plataforma,Название помоста,Bohlen Name,Plattforms namn,Platform Navn,Lavan nimi,Plattformnavn,Platform Name,Versenydobogó neve,Numele platformei,Nazwa pomostu,Հարթակի անունը,שם במה,اسم المنصة,Όνομα πλατφόρμας,プラットフォーム名,351
Preparation_Platforms,Platforms,,,Plataformas,,Tarimas,Plataformas,Plataformas,Plateformes,,,Plataformas,Помосты,Bohlen,Plattformar,Platforme,Lavat,Plattformer,Platforms,Versenydobogó,Platforme,Pomosty,Մրցահարթակներ,במות,تحضير المنصات,Πλατφόρμες,プラットフォーム一覧,352
PleaseFix,Please fix the errors and try again.,,,Por favor corrija los errores e intente nuevamente,,Por favor corrija los errores e intente nuevamente,Por favor corrija los errores e intente nuevamente,Por favor corrija los errores e intente nuevamente,Veuillez corriger les erreurs et réessayer.,,,Por favor corrija os erros e tente novamente.,"Пожалуйста, исправьте ошибки и попробуйте снова.",Fehler beheben und nochmal versuchen,Rätta till felen och försök igen,Ret venligst fejlene og prøv igen,Korjaa virhe ja yritä uudestaan.,Rett opp feilene og prøv igjen.,Please fix the errors and try again.,"Kérjük, javítsa ki a hibákat, és próbálja újra.",Remediați erorile și încercați din nou.,Popraw błędy i spróbuj ponownie.,Խնդրում ենք ուղղել սխալները եւ կրկին փորձեք:,אנא תקן את השגיאות ונסה שוב.,يرجى تصحيح الأخطاء والمحاولة مرة أخرى.,Διορθώστε τα σφάλματα και δοκιμάστε ξανά.,エラーを修正してから、もう一度お試しください,353
ResetCategories.PleaseSelectDefinitionFile,Please select a definition file,,,Por favor seleccione un archivo de definición,,Por favor seleccione un archivo de definición,Por favor seleccione un archivo de definición,Por favor seleccione un archivo de definición,Choisir un fichier de définition.,,,"Por favor, selecione um arquivo de definição","Пожалуйста, выберите файл определения",Bitte wählen Sie eine Definitionsdatei,Vänligen välj en definitionsfil,Vælg venligst en Definitionsfil,Valitse määritelty tiedosto,Velg en definisjonsfil,Please select a definition file,"Kérjük, válasszon egy definíciós fájlt",Vă rugăm să selectați un fișier de definiție,Proszę wybrać plik definicji,"Խնդրում ենք, ընտրեք տարբերակման ֆայլը",אנא בחר קובץ הגדרה,يرجى اختيار ملف التعريف.,Επιλέξτε ένα αρχείο ορισμού,定義ファイルを選択してください,354
Select_group_first,Please select a session first.,,,"Por favor, selecciona primero una tanda.",,"Por favor, selecciona primero una tanda.","Por favor, selecciona primero un grupo.","Por favor, selecciona primero una tanda.",Il faut d'abord choisir un plateau.,Il faut d'abord choisir une session.,,"Por favor, selecione uma sessão.",Выберите поток.,Bitte erst eine Gruppe wählen,Vänligen välj grupp först.,Vælg en session først.,Valitse ensiksi ryhmä.,Velg en pulje først.,Please select a session first.,"Kérjük, először válasszon egy csoportot.",Vă rugăm să selectați mai întâi un sesiune.,Najpierw wybierz grupę.,Ընտրեք խումբը,אנא בחר מקצה תחילה.,يرجى اختيار جلسة أولاً.,Επιλέξτε πρώτα μια συνεδρία.,まずセッションを選択してください,355
ERROR_WAIT_FOR_RESET,Please wait until decision has been shown. Do not start time when decision is still visible.,,,Espere hasta que se muestre la decisión. No inicie el reloj cuando la decisión aún es visible.,,Espere hasta que se muestre el veredicto. No comience el tiempo cuando el veredicto aún es visible.,Espere hasta que se muestre la decisión. No comience la hora cuando la decisión aún es visible.,Espere hasta que se muestre la decisión. No inicie el reloj cuando la decisión aún es visible.,SVP attendre que la décision ait été vue. Ne pas démarrer le chrono quand la décision est visible.,,,Aguarde até que a decisão seja mostrada. Não inicie o cronômetro enquanto a decisão ainda estiver visível.,"Пожалуйста, подождите, пока решение судей на помосте отобразится. Не запускайте время, когда решение всё ещё отображается.",Bitte warten bis die Wertung angezeigt wurde. Die Zeit nicht starten wenn die Wertung noch sichtbar ist.,Vänta tills domarbesluten syns. Starta inte klockan under tiden domarbesluten syns.,Vent venligst indtil afgørelsen er blevet vist. Start ikke uret mens afgørelsen stadig er synlig,"Odota, kunnes päätös on näkyvissä. Älä aloita aikaa, kun päätös on vielä näkyvissä.",Vennligst vent til avgjørelsen er vist. Ikke start nedtelling når dommeravgjørelse fortsatt er synlig.,Please wait until decision has been shown. Do not start time when decision is still visible.,"Kérjük, várja meg, amíg a döntés megjelenik. Ne kezdje el az időmérőt, amikor a döntés még látható.",Vă rugăm să așteptați până când decizia este afișată. Nu pornii ceasul când decizia este încă vizibilă.,"Proszę poczekać, aż zostanie podana decyzja. Nie uruchamiaj zegara, gdy decyzja jest nadal widoczna.","Խնդրում ենք սպասել, մինչ մրցավարի որոշումը կցուցադրվի: Մի սկսեք հետհաշվարկը, երբ որոշումը դեռ ցուցադրված չէ:",אנא המתן עד שההחלטה תוצג. אל תתחיל את הזמן כשההחלטה עדיין גלויה.,يرجى الانتظار حتى تظهر القرار. لا تبدأ الوقت عندما تكون القرار لا تزال مرئية.,Περιμένετε μέχρι να εμφανιστεί η απόφαση. Μην ξεκινάτε την ώρα όταν η απόφαση είναι ακόμα ορατή.,判定が表示されるまでお待ちください。判定が表示されたままの状態でタイマーを開始しないでください,356
Scoreboard.Points,Points,,,Puntos,,Puntos,Puntos,Puntos,Points,,,Pontos,Баллы,Punkte,Poäng,Point,Pisteet,Poeng,Stig,Pontok,Puncte,Punkty,Միավորներ,נקודות,النقاط,Πόντοι,ポイント,357
TeamResults.Points,Points,,,Puntos,,Puntos,Puntos,Puntos,Points,,,Pontos,Баллы,Punkte,Poäng,Point,Pisteet,Poeng,Points,Pontok,Puncte,Punkty,Միավորներ,נקודות,النقاط,Πόντοι,ポイント,358
Results.Points,Points,,,Puntos,,Puntos,Puntos,Puntos,Points,,,Pontos,Баллы,Punkte,Poäng,Point,Pisteet,Poeng,Points,Pontok,Puncte,Punkty,Միավորներ,נקודות,النقاط,Πόντοι,ポイント,359
Results.PointsScored,Points scored for Team,,,Puntos acumulados por Equipo,,Puntuación Equipo,Puntos acumulados por Equipo,Puntos acumulados por Equipo,Points marqués pour l'équipe,,,Pontos Marcados para a Equipe,Points scored for Team,Gewertete Punkte für das Team,Lagpoäng,Points scored for Team,Seurapisteet,Poeng tatt for laget,Points scored for Team,A csapatnak szerzett pontok,Points scored for Team,Punkty zdobyte dla druzyny,Թիմի համար վաստակած միավորները,נקודות שצברו עבור הקבוצה,النقاط المسجلة للفريق,Σημειώθηκαν πόντοι για την ομάδα,チームの獲得ポイント,360
PreCompetitionSetup,Pre-competition setup,,,Configuración Previa a la Competencia,,Configuración Previa a la Competición,Configuración Previa a la Competencia,Configuración Previa a la Competencia,Préparation de la compétition,,,Configuração (Pré-Competição),Подготовка соревнований,Setup vor dem Wettkampf,Inställningar före tävlingen,Præ-konkurrence indstillinger,Asetukset ennen kilpailua,Oppsett før konkurranse,Pre-competition setup,Verseny előtti beállítás,Configurare înainte de competiție,Konfiguracja przed zawodami,Պատրաստում մրցումներին,הכנה לפני תחרות,إعداد ما قبل المنافسة,Ρύθμιση πριν τον αγώνα,大会前設定,361
Preferences,Preferences,,,Preferencias,,Preferencias,Preferencias,Preferencias,Préférences,,,Preferências,Предпочтения,Einstellungen,Inställningar,Præferencer,Asetukset,Preferanser,Preferences,Preferenciák,Preferințe,Preferencje,Նախընտրելի,העדפות,التفضيلات,Προτιμήσεις,環境設定,362
PrepareCompetition,Prepare Competition,,,Preparar la Competencia,,Preparar la Competición,Preparar la Competencia,Preparar la Competencia,Préparer la compétition,,,Preparar Competição,Подготовка,Bereite Wettkampf vor,Förbered tävling,Forbered konkurrence,Kilpailuvalmistelut,Forbered konkurranse,Prepare Competition,Verseny előkészítése,Pregătiți competiția,Przygotuj zawody,Պատրաստում,הכן תחרות,تحضير المنافسة,Προετοιμασία Αγώνα,大会準備,363
JuryPresident,Jury President,,,Presidente,,Presidente,Presidente,Presidente,Président,,,Presidente,President,Präsident,Jurypresident,Jury præsident,Puheenjohtaja,Jurypresident,Jury President,Elnök,presedinte,Prezydent,նախագահ,נשיא ועדת שופטים,رئيس الهيئة التحكيمية,Πρόεδρος της κριτικής επιτροπής,ジュリー会長,364
Print,Print,,,Imprimir,,Imprimir,Imprimir,Imprimir,Imprimer,,,Imprimir,Печатать,Drucke,Skriv ut,Print,Tulosta,Skriv ut,Print,Nyomtatás,Imprimare,Wydrukuj,Տպել,הדפס,طباعة,Αποτύπωμα,印刷,365
ProduceResults,Produce Results,,,Producir Resultados,,Producir Resultados,Producir Resultados,Producir Resultados,Produire les résultats,,,Produzir Resultados,Подготовить результаты,Erstelle Ergebnisse,Skriv ut resultat,Udskriv resultater,Lataa tulokset,Produser resultater,Produce Results,Eredmények előállítása,Produceți Rezultate,Wyniki,Պատրաստել արդյունքները,הפק תוצאות,إنتاج النتائج,Παραγωγή αποτελεσμάτων,結果を作成,366
Competition.protocolFileName,Protocol Sheet Template,,,Plantilla de protocolo,,Plantilla de protocolo,Plantilla de protocolo,Plantilla de protocolo,Gabarit pour feuille de résultats,,,Modelo de folha de protocolo,Шаблон рабочего протокола,Vorlage Protokoll,Protokollmall,Protokol Skabelon,Kilpailupöytäkirja,Protokollarkmal,Protocol Sheet Template,Protokoll sablon lap,Șablon fișă de protocol,Wzór arkusza protokołu,Գործող ամփոփագրի շաբլոն,תבנית גיליון פרוטוקול,قالب ورقة البروتوكول,Πρότυπο φύλλου πρωτοκόλλου,成績記録用紙テンプレート,367
Config.PublicResultsTitle,Public Results Scoreboard URL,,,Aplicación en la nube de resultados públicos,,Coordenadas de Marcador para resultados públicos,Coordenadas de Marcador para resultados públicos,Dirección web para resultados públicos,Coordonnées du tableau de résultats à distance,,,Coordenadas do painel de resultados públicos,Публичные результаты / Табло результатов / Координаты,Koordinaten der Ergebnistafel für öffentliche Ergebnisse,Public Results Scoreboard Coordinates,Public Results Scoreboard Koordinater,Tulokset julkinen näyttötaulu URL,URL for offentlig resultatskjerm,Public Results Scoreboard URL,Nyilvános eredmények Versenykijelző koordináták,Coordonatele tabloului de bord al rezultatelor publice,Adres URL publicznej tablicy wyników,Հանրային արդյունքների աղյուսակի կոորդինատները,כתובת URL של לוח תוצאות ציבורי,عنوان لوحة النتائج العامة,Διεύθυνση URL πίνακα αποτελεσμάτων δημοσίων αποτελεσμάτων,公開結果スコアボードのURL,368
Config.publicResultsURL,publicresults Cloud Application URL,,,URL de aplicación en la nube de resultados públicos,,URL de aplicación en la nube de resultados públicos,URL de aplicación en la nube de resultados públicos,Dirección web en la nube para resultados públicos,URL pour application publicresults dans le cloud,,,Resultados públicos URL do aplicativo em nuvem,Публичные результаты — адрес URL облачного приложения,Öffentliche Ergebnisse Cloud-Anwendungs URL,publicresults Cloud Application URL,publicresults Cloud Application URL,julkiset tulokset pilvisovellus URL,publicresultats nettadresse for nettskyapplikasjon,publicresults Cloud Application URL,nyilvános eredmények Felhőalkalmazás URL-je,rezultate publice URL aplicație în cloud,wyniki publiczne Adres URL aplikacji w chmurze,Հանրային արդյունքներ - URL հասցե,כתובת URL של יישום ענן תוצאות ציבוריות,رابط تطبيق النتائج العامة,publicresults URL εφαρμογής Cloud,PublicResults クラウドアプリケーションのURL,369
Rank,Rank,,,Ubic.,,Posición,Posición,Ubic.,Rang,,,Classificação,Место,Platzierung,Placering,Placering,Sija,Rank,Rank,Rangsor,Clasamentul,Ranking,Տեղը,דירוג,الرتبة,Τάξη,順位,370
Scoreboard.Rank,Rank,,,Ubic.,,Posición,Posición,Ubic.,Rang,,,Clas.,Место,Platz,Placering,Plac.,Sija,Pl.,Nr.,Hely.,Clasam.,Ranking,Տեղը,דירוג,الرتبة,Τάξη,順位,371
Results.Rank,Rank,,,Ubic.,,Posición,Posición,Ubic.,Rang,,,Classificação,Место,Platz,Placering,Plac.,Sija,Plass.,Rank,Rangsor,Clasamentul,Ranking,Տեղը,דירוג,الرتبة,Τάξη,順位,372
Results.TeamRank,Rank within Team,,,Ubic. por equipos,,Clasif. en el Equipo,Clasif. en el Equipo,Ubic. por equipos,Classement dans l'équipe,,,Classificação dentro da Equipe,Rank within Team,Platzierung innerhalb des Teams,Placering inom lag,Plac. indenfor hold,Sijoitus seurassa,Rangering i teamet,Rank within Team,Helyezés a csapaton belül,Clasament în cadrul echipei,Miejsce w drużynie,Տեղը՝ կազմում,דירוג בתוך הקבוצה,الرتبة داخل الفريق,Κατάταξη εντός της ομάδας,チーム内順位,373
DataRead,Read,,,Leer,,Leer,Leer,Leer,Lu,,,Ler,Чтение,Lese,Läs,Læs,Lue,Lese,Read,Olvas,Citit,Czytaj,Կարդալ,קרא,قراءة,Ανάγνωση,読み込み,374
ReadingData_,Reading the data,,,Leyendo los Datos,,Leyendo los Datos,Leyendo los Datos,Leyendo los Datos,Lecture des données,,,Leitura dos dados,Чтение данных,Neueinlesen der Daten,Läser datan,Læser data,Käsittelee dataa,Leser dataene,Reading the data,Az adatok olvasása,Citirea datelor,Odczytywanie danych,Կարդալ տվյալները,קורא את הנתונים,قراءة البيانات,Διαβάζοντας τα δεδομένα,データを読み込み中,375
ResetCategories.ResetAthletes,Reassign athletes,,,Reasignar Atletas,,Reasignar Atletas,Reasignar Atletas,Reasignar Atletas,Réassigner les athlètes,,,Reatribuir Atletas,Обновить категории,Neuberechnung der Gewichtsklassen,Fördela om lyftarna,Genberegn atleter,Nimeä urheilijat uudelleen,Omfordel utøvere,Reassign athletes,A sportolók átcsoportosítása,Sportivi realocați,Zmień przydział zawodników,Թարմացնել մարզիկներին,הקצה מחדש ספורטאים,إعادة تعيين الرياضيين,Εκ νέου ανάθεση αθλητών,選手を再割り当て,376
ResetCategories.ResetCategories,Reassign categories,,,Reasignar Divisiones de P.C.,,Reasignar Categorías,Reasignar Categorías,Reasignar Divisiones de P.C.,Réassigner les catégories,,,Reatribuir Categorias,Обновление категорий,Neuberechnung der Gewichtsklassen,Fördela om viktklasserna,Genberegn kategorier,Nimeä painoluokat uudestaan,Tilordne kategorier på nytt,Reassign categories,Súlycsoportok újra hozzárendelése,Realocați categoriile,Przypisz ponownie kategorie,Թարմացնել քաշային կարգերը,הקצה מחדש קטגוריות,إعادة تعيين الفئات,Εκ νέου αντιστοίχιση κατηγοριών,カテゴリーを再割り当て,377
ResetCategories.ResetCategoriesMouseOver,Recompute categories based on currently active age groups.,,,Recalcule las divisiones de P.C. según los grupos de edad actualmente activos.,,Recalcule las categorías según los grupos de edad actualmente activos.,Recalcule las categorías según los grupos de edad actualmente activos.,Recalcule las divisiones de P.C. según los grupos de edad actualmente activos.,Recalculer les catégories sur la base des groupes d'âge activés.,,,Recalcular as categorias com base nas faixas etárias atualmente ativas.,Обновите категории на основе текущих активных возрастных групп.,Berechne die Gewichtsklassen basierend auf den derzeit aktiven Altersklassen neu.,Fördela om viktklasserna utifrån nuvarande åldersgrupper,Genberegn kategorier baseret på aktive alders grupper,Laske painoluokat uudelleen tällä hetkellä aktiivisten ikäryhmien perusteella.,Beregn kategorier på nytt basert på aktive aldersgrupper.,Recompute categories based on currently active age groups.,A súlycsoportok újra alkotása a jelenleg aktív korcsoportok alapján.,Recalculați categoriile pe baza grupelor de vârstă active în prezent.,Przyporządkuj ponownie kategorie w oparciu o aktualnie aktywne grupy wiekowe.,Թարմացրեք բաժինները՝ ակտիվ տարիքային խմբերին համապատասխան,חשב מחדש קטגוריות על בסיס קבוצות גיל פעילות כעת.,إعادة حساب الفئات بناءً على مجموعات العمر النشطة حاليًا.,Επανυπολογίστε κατηγορίες με βάση τις ενεργές ηλικιακές ομάδες.,現在有効な年齢区分に基づいてカテゴリーを再計算します,378
RecomputeRanks,Recompute Ranks,,,Recalcular Ubicación,,Recalcular Ranking,Recalcular Ranking,Recalcular Ubicación,Recalculer les rangs,,,Recalcular Ranks,Перерасчёт мест,Platzierung neu berechnen,Räkna om placeringarna,Genberegn placeringer,Laske sijoitukset uudestaan,Beregn plasseringer på nytt,Recompute Ranks,Rangsorok újraszámítása,Recalculați rangurile,Przyporządkuj ponownie kolejność,Տեղերի վերահաշվարկ,חשב מחדש דירוגים,إعادة حساب الرتب,Επανυπολογισμός Βαθμών,順位を再計算,379
Referee,Referee,,,Árbitro,,Juez,Juez,Árbitro,Arbitre,,,Juiz,Судья на помосте,Kampfrichter,Domare,Dommer,Tuomari,Dommer,Referee,Bíró,Arbitru,Sędzia,Մրցավար,שופט,الحكم,Διαιτητής,審判,380
Referee_Mobile_Device,Referee (on mobile devices),,,Árbitro (para dispositivos moviles),,Juez (para dispositivos móviles),Juez (para dispositivos móviles),Árbitro (para dispositivos moviles),Arbitre (sur appareils mobiles),,,Árbitro (Para Dispositivos Móveis),Судья на помосте (мобильное устройство),Kampfrichter (an mobilen Geräten),Domare (mobila enheter),Dommer (til mobile enheder),Tuomarit (mobiililaitteet),Dommer (på mobile enheter),Referee (on mobile devices),Bíró (mobileszközökön),Arbitru (pe dispozitive mobile),Sędzia (na urządzeniach mobilnych),Մրցավար (բջջային սարքերի),שופט (במכשירים ניידים),الحكم (على الأجهزة المحمولة),Κριτής (σε κινητές συσκευές),審判（モバイル端末用）,381
Referee1,Referee 1,,,Árbitro 1,,Juez 1,Juez 1,Árbitro 1,Arbitre 1,,,Árbitro 1,Судья на помосте 1,Kampfrichter 1,Domare 1,Dommer 1,Tuomari 1,Dommer 1,Referee 1,Bíró 1,Arbitru 1,Sędzia 1,Մրցավար 1,שופט 1,الحكم 1,Κριτής 1,審判 1,382
Referee2,Referee 2,,,Árbitro 2,,Juez 2,Juez 2,Árbitro 2,Arbitre 2,,,Árbitro 2,Судья на помосте 2,Kampfrichter 2,Domare 2,Dommer 2,Tuomari 2,Dommer 2,Referee 2,Bíró 2,Arbitru 2,Sędzia 2,Մրցավար 2,שופט 2,الحكم 2,Κριτής 2,審判 2,383
Referee3,Referee 3,,,Árbitro 3,,Juez 3,Juez 3,Árbitro 3,Arbitre 3,,,Árbitro 3,Судья на помосте 3,Kampfrichter 3,Domare 3,Dommer 3,Tuomari 3,Dommer 3,Referee 3,Bíró 3,Arbitru 3,Sedzia 3,Մրցավար 3,שופט 3,الحكم 3,Κριτής 3,審判 3,384
RefereeDecisions,Referee Decisions,,,Decisiones de los Árbitros,,Decisiones de los jueces,Decisiones de los jueces,Decisiones de los Árbitros,Décisions des officiels,,,Decisões dos Árbitros,Решение судей на помосте,Kampfrichter Entscheidungen,Domarbeslut,Dommer Afgørelse,Tuomarien päätökset,Dommeravgjørelser,Referee Decisions,Bírók döntései,Deciziile arbitrului,Decyzja sędziego,Մրցավարի որոշումներ,החלטות שופטים,قرارات الحكام,Αποφάσεις Κριτών,審判判定,385
Competition.announcerLiveDecisions,Referee decisions visible to announcer,,,Decisiones de los árbitros visibles para el anunciador,,Decisiones del juez visibles para el locutor,Decisiones del árbitro visibles para el locutor,Decisiones de los árbitros visibles para el anunciador,Décisions des arbitres visibles à l'annonceur,,,Decisões dos árbitros visíveis ao locutor,Вкл. решения судей на помосте для ведущего секретаря,Kampfrichterentscheidung sichtbar für Sprecher,Domarbeslut synliga för speaker,Dommerafgørelser synlige for announcer,Tuomarien päätökset kuuluttajan näkyvillä,Dommeravgjørelser synlige for speaker,Referee decisions visible to announcer,A Bírói döntések láthatók a bemondó számára,Deciziile arbitrului sunt vizibile pentru crainic,Decyzja sędziego widoczne dla spikera,Ցուցադրել մրցավարի որոշումները Գլխավոր քարտուղարի մոտ,החלטות שופטים גלוי לכרוז,قرارات الحكام المرئية للمذيع,Οι αποφάσεις των διαιτητών είναι ορατές στον εκφωνητή,審判判定（アナウンサーに表示）,386
Referees_Jury,Referees and Jury,,,Árbitros y Jurado,,Jueces y jurado,Jueces y jurado,Árbitros y Jurado,Arbitres et Jury,,,Árbitros e Júri,Судьи на помосте и жюри,Kampfrichter und Jury,Domare och Jury,Dommere og jury,Tuomarit ja jury,Dommere og jury,Referees and Jury,Bírók és Zsűri,Arbitrii și juriul,Sędziowie i Jury,Մրցավարները եւ ժյուրի,שופטים וועדת שופטים,الحكام والهيئة التحكيمية,Κριτές και Κριτική Επιτροπή,審判およびジュリー,387
Preparation_Registration,Registration,,,Registro,,Registro,Registro,Registro,Inscriptions,,,Registro,Регистрация,Anmeldung,Registrering,Registrering,Rekisteröinti,Registrering,Registration,Regisztráció,Înregistrare,Rejestracja,Գրանցում,הרשמה,تسجيل,Εγγραφή,登録,388
Registration,Registration,,,Inscripciones,,Inscripciones,Inscripciones,Inscripciones,Inscriptions,,,Cadastro,Регистрация,Anmeldung,Registrering,Registreringer,Rekisteröinti,Registrering,Registration,Regisztráció,Înregistrare,Rejestracja,Գրանցում,הרשמה,التسجيل,Εγγραφή,登録,389
Reload_group,Reload session from database.,,,Recargar la tanda desde la base de datos.,,Recargar la tanda desde la base de datos.,Recargar la tanda desde la base de datos.,Recargar la tanda desde la base de datos.,Recharger le plateau à partir de la base de données,Recharger la session à partir de la base de données,,Recarregar a sessão apartir de uma base de dados.,Перезагрузить поток из базы данных,Neuladen der Gruppen aus der Datenbank,Ladda om gruppen från databasen.,Genindlæs session fra database,Lataa ryhmien tiedot tietokannasta,Last puljen på nytt fra databasen.,Reload session from database.,Csoport újratöltése az adatbázisból.,Reîncărcați sesiunea din baza de date.,Załaduj ponownie grupę z bazy danych.,Վերբեռնել խումբը տվյալների շտեմարանից,טען מחדש מקצה ממסד הנתונים.,إعادة تحميل الجلسة من قاعدة البيانات.,Επαναφόρτωση συνεδρίας από τη βάση δεδομένων.,データベースからセッションを再読み込みします,390
reloadTranslation,Reload translation file,,,Recargar el Archivo de Traducción,,Recargar el Archivo de Traducción,Recargar el Archivo de Traducción,Recargar el Archivo de Traducción,Recharger le fichier de traduction,,,Recarregar arquivo de tradução,Загрузка файла перевода,Neuladen der Übersetzungsdatei,Ladda om språkfil,Reload translation file,Lataa käännös tiedosto,Last oversettelsesfilen på nytt,Reload translation file,Fordítófájl újratöltése,Reîncărcați fișierul de traducere,Załaduj ponownie plik tłumaczenia,Բեռնել թարգմանության ֆայլը,טען מחדש קובץ תרגום,إعادة تحميل ملف الترجمة,Επαναφόρτωση του αρχείου μετάφρασης,翻訳ファイルを再読み込みする,391
Requested_weight,Requested Weight,,,Peso Solicitado,,Peso Solicitado,Peso Solicitado,Peso Solicitado,Poids demandé,,,Peso Solicitado,Заявленный вес,Angefordertes Gewicht,Önskad vikt,Ønsket vægt,Pyydetty paino,Ønsket vekt,Requested Weight,Kért súly,Greutatea solicitată,Żądana waga,Հայտարարված քաշ,משקל מבוקש,الوزن المطلوب,Ζητούμενο Βάρος,申告重量,392
Scoreboard.RequestedWeight,Requested Weight,,,Peso solicitado,,Peso solicitado,Peso solicitado,Peso solicitado,Poids demandé,,,Peso Solicitado,Заявленный вес,Benötigtes Gewicht,Önskad vikt,Ønsket vægt,Pyydetty paino,Ønsket vekt,Umbiðin vekt,Kért súly,Greutatea solicitată,Żądana waga,Հայտարարված քաշ,משקל מבוקש,الوزن المطلوب,Ζητούμενο Βάρος,申告重量,393
Results.RequestedWeight,Requested Weight,,,Peso solicitado,,Peso solicitado,Peso solicitado,Peso solicitado,Poids demandé,,,Peso Solicitado,Заявленный вес,Benötigtes Gewicht,Önskad vikt,Ønsket vægt,Pyydetty paino,Ønsket vekt,Requested Weight,Kért súly,Greutatea solicitată,Żądana waga,Հյատարարված քաշ,משקל מבוקש,الوزن المطلوب,Ζητούμενο Βάρος,申告重量,394
EVENT_ForceTime,reset timer explicitly,,,Reiniciar reloj,,Forzar reinicio del cronómetro,Restablecer Temporizador Explícitamente,Reiniciar reloj,réinitialiser le chrono,,,Redefina o Cronômetro,сброс таймера однозначно,Timer explizit zurücksetzen,reset timer explicitly,Reset timer explicit,nollaa kello nimenomaisesti,Overstyr timer,reset timer explicitly,Az időzítőt kifejezetten visszaállítani,resetați cronometrul în mod explicit,resetuj timer,հստակորեն վերականգնել ժամաչափը,אפס שעון במפורש,إعادة ضبط المؤقت,επαναφέρετε ρητά το χρονόμετρο,タイマーを明示的にリセットする,395
Reset1min,Reset to 1 min,,,Reiniciar a 1 min,,Reiniciar a 1 min,Reiniciar a 1 min,Reiniciar a 1 min,Réinitialiser à 1 min.,,,Redefinir para 1 min,Сбросить до 1 мин.,Reset auf 1 min,Återställ till 1 min,Reset til 1 min,Resetoi 1 min,Still timer på 1 min,Reset to 1 min,Állítsa vissza 1 percre,Resetați la 1 min,Reset do 1 min,Վերականգնել 1 րոպե,אפס ל-1 דקה,إعادة الضبط إلى 1 دقيقة,Επαναφορά σε 1 λεπτό,1分にリセット,396
Reset2min,Reset to 2 min,,,Reiniciar a 2 min,,Reiniciar a 2 min,Reiniciar a 2 min,Reiniciar a 2 min,Réinitialiser à 2 min.,,,Redefinir para 2 min,Сбросить до 2 мин.,Reset auf 2 min,Återställ till 2 min,Reset til 2 min,Resetoi to 2 min,Still timer til 2 min,Reset to 2 min,Állítsa vissza 2 percre,Resetați la 2 min,Reset do 2 min,Վերականգնել 2 րոպե,אפס ל-2 דקות,إعادة الضبط إلى 2 دقيقة,Επαναφορά στα 2 λεπτά,2分にリセット,397
ResultDocuments,Result Documents,,,Documentos de resultados,,Documentos de los Resultados,Resultado Documento,Documentos de resultados,Documents de résultats,,,Resultados,Результаты и документы,Ergebnislisten,Resultat dokument,Resultatdokumenter,Tulosasiakirjat,Resultatdokumenter,Result Documents,Dokumentumok az Eredményekkel,Documente cu rezultate,Dokumenty wyników,Արդյունքներ և փաստաթղթեր,מסמכי תוצאות,وثائق النتائج,Έγγραφα Αποτελεσμάτων,結果書類,398
Results,Results,,,Resultados,,Resultados,Resultados,Resultados,Résultats,,,Resultados,Результаты,Ergebnisse,Resultat,Resultater,Tulokset,Resultater,Results,Eredmények,Rezultate,Wyniki,Արդյունքները,תוצאות,النتائج,Αποτελέσματα,結果,399
PublicMsg.GroupDone,Results,,,Resultados,,Resultados,Resultados,Resultados,Résultats,,,Resultados,Результаты,Ergebnisse,Resultat,Resultater,Tulokset,Resultater,Results,Eredmények,Rezultate,Wyniki,Արդյունքները,תוצאות,النتائج,Αποτελέσματα,結果,400
robi,Robi,,,Robi,,Robi,Robi,Robi,Robi,,,Robi,Роби,Robi,Robi,Robi,Robi,Robi,Robi,Robi,Robi,Robi,Ռոբի,רובי,روبي,Ρόμπι,Robi ポイント,401
Results.Robi,Robi,,,Robi,,Robi,Robi,Robi,Robi,,,Robi,Роби,Robi,Robi,Robi,Robi,Robi,Robi,Robi,Robi,Robi,Ռոբի,רובי,روبي,Ρόμπι,Robi ポイント,402
Competition.roundRobinOrder,"Round-Robin Order (all 1st lifts, all 2nd, all 3rd)",,,"Orden Round-Robin (todos los primeros levantamientos, todos los segundos levantamientos, todos los terceros levantamientos)",,"Round-Robin Order (todos los primeros levantamientos, todos los segundos levantamientos, todos los terceros levantamientos)","Round-Robin Order (todos los primeros levantamientos, todos los segundos levantamientos, todos los terceros levantamientos)","Orden Round-Robin (todos los primeros levantamientos, todos los segundos levantamientos, todos los terceros levantamientos)","À la ronde (tous les 1er essais, tous les 2e, tous les 3e)",,,"Ordem Round-Robin (Todos os 1º levantamentos, todos os 2º, todos os 3º)","Последовательный порядок попыток (все 1-е попытки, все 2-е, все 3-и)","Round-Robin Order (alle 1st Hebungen, alle 2nd, alle 3rd)","Round-Robin Order (all 1st lifts, all 2nd, all 3rd)","Round-Robin Order (alle 1. forsøg, alle 2. forsøg, alle 3. forsøg)","Round-Robin järjestys (kaikki 1. nostot, kaikki 2., kaikki 3.)","Rundesystem (alle 1. løft, alle 2., alle 3.)","Round-Robin Order (all 1st lifts, all 2nd, all 3rd)","Round-Robin sorrend (mind az 1. emelés, mind a 2., mind a 3.)","Ordin Round-Robin (toate lifturile 1, toate a 2-a, toate a 3-a)","Kolejność „każdy z każdym” (wszystkie pierwsze podniesienia, wszystkie drugie, wszystkie trzecie)","Փորձերի հաջորդական կարգ (բոլոր 1-ին փորձերը, բոլորը 2-րդ, բոլորը 3-րդ)","סדר לפי ראונד-רובין (כל ההרמות הראשונות, כל השניות, כל השלישיות)",ترتيب الجولة (جميع الرفعات الأولى، جميع الرفعات الثانية، جميع الرفعات الثالثة),"Εξέλιξη αγώνα με σειρά προσπαθειών (όλοι την 1η προσπάθεια, όλοι την 2η, και όλοι την 3η)",ウンドロビン順（全選手の第1試技、全選手の第2試技、全選手の第3試技）,403
RunLiftingGroup,Run Lifting Session,,,Tanda de Competencia,,Tanda de Competencia,Grupo de Competencia,Tanda de Competencia,Groupe de compétition,Session de compétition,,Executar Sessão de Levantamento,Запуск потока,Starte Hebergruppe,Kör lyftgrupp,Kør session,Käynnissä oleva kilpailu,Start konkurranse,Run Lifting Session,Technikai verseny futtatása,Porniți sesiunea technica,Uruchom grupę zawodów,Խմբի մրցելույթի սկիզբ,הפעל מקצה הרמה,تشغيل جلسة الرفع,Έναρξη Γκρούπ,リフティングセッションを実行,404
Score,Score,,,Puntuación,,Puntuación,Puntuación,Puntuación,Score,,,Pontuação,Сумма,Punktzahl,Poäng,Score,Tulos,Poeng,Score,Pontszám,Scor,Wyniki,Երկամարտ,ניקוד,النتيجة,Σκορ,得点,405
ScoreboardWLeadersTitle,Score+Leaders,,,Puntuación + Líderes,,Puntuación + Líderes,Puntuación + Líderes,Puntuación + Líderes,Tableau+Meneurs,,,Pontuação+Líderes,Лидеры потока (Б/В),Anzeigetafel +Rangliste,Score+Leaders,Score+Leaders,Tulos+Johtajat,Poeng+Ledere,Score+Leaders,Pontszám+Legjobbak,Scor+Lideri,Wyniki + Liderzy,Խմբի առաջատարները,ניקוד + מובילים,النتيجة + القادة,Score+Leaders,得点＋リーダー,406
Scoreboard,Simple Scoreboard,,,Marcador sencillo,,Marcador sencillo,Marcador sencillo,Marcador sencillo,Tableau simple de résultats,,,Placar,Таблица результатов,Anzeigetafel,Resultattavla,Scoreboard,Yksinkertainen tulostaulu,Enkel resultatskjerm,Simple Scoreboard,Eredménykijelző,Tabloul clasamente,Prosta tablica wyników,Արդյունքների աղյուսակ,לוח תוצאות פשוט,لوحة نتائج بسيطة,Απλός πίνακας αποτελεσμάτων,シンプルスコアボード,407
ScoreboardMultiRanksButton,"Scoreboard, Multiple Age Groups",,,"Marcador, grupos de edad",,"Marcador, grupos de edad","Cuadro de indicadores, varios rangos","Marcador, grupos de edad","Tableau, groupes d'âge",,,"Placar, Várias Classificações","Таблица результатов, несколько возрастных групп","Anzeigetafel, verschiedene Platzierungen","Scoreboard, multiple ranks","Scoreboard, multiple ranks","Tulostaulu, useampi ikäryhmä","Resultatskjerm, flere aldersgrupper","Scoreboard, Multiple Age Groups","Eredménykijelző, több helyezés","Tablou de bord, mai multe clasamente","ablica wyników, wiele grup wiekowych",Աղյուսակ՝ մի քանի տեղ,"לוח תוצאות, קבוצות גיל מרובות",لوحة النتائج، مجموعات عمرية متعددة,"Πίνακας αποτελεσμάτων, πολλαπλές ηλικιακές ομάδες",スコアボード（複数年齢区分対応）,408
ScoreboardMultiRanksTitle,"Scoreboard, Multiple Age Groups",,,"Marcador, varios grupos de edad",,"Marcador, varios grupos de edad","Cuadro de indicadores, varios rangos","Marcador, varios grupos de edad","Tableau, rangs multiples",,,"Placar, Várias Classificações","Таблица результатов, несколько возрастных групп","Anzeigetafel, verschiedene Platzierungen","Scoreboard, multiple ranks","Scoreboard, multiple ranks","Tulostaulu, useampi ikäryhmä","resultatskjerm, flere aldersgrupper","Scoreboard, Multiple Age Groups","Eredménykijelző, több helyezés","Tablou de bord, mai multe clasamente","ablica wyników, wiele grup wiekowych",Աղյուսակ՝ մի քանի տեղ,"לוח תוצאות, קבוצות גיל מרובות",لوحة النتائج، مجموعات عمرية متعددة,"Πίνακας αποτελεσμάτων, πολλαπλές ηλικιακές ομάδες",スコアボード（複数年齢区分対応）,409
Scoreboards,Scoreboards,,,Marcadores,,Marcadores,Marcadores,Marcadores,Tableaux d'affichage,,,Resultados,Таблицы результатов,Anzeigetafeln,Resultattavlor,Resultattavler,Tulostaulut,resultatskjermer,Scoreboards,Eredménykijelző,Tabloul clasamente,Tablice wyników,Արդյունքների սանդղակ,לוחות תוצאות,لوحات النتائج,Πίνακες αποτελεσμάτων,スコアボード,410
Config.UpdateKey,Secret update key,,,Clave de Actualización Secreta,,Clave de Actualización Secreta,Clave de Actualización Secreta,Clave de Actualización Secreta,Clé secrète de mise à jour (update key),,,Chave de atualização secreta,Секретный ключ обновления,Geheimer Update Schlüssel,Secret update key,Secret update key,Salainen päivitysavain,Hemmelig oppdateringsnøkkel,Secret update key,Titkos frissítési kulcs,Secret update key,Tajny klucz aktualizacji,Գաղտնի բանալին թարմացված է,מפתח עדכון סודי,مفتاح التحديث السري,Μυστικό κλειδί ενημέρωσης,秘密更新キー,411
SelectPlatform,Select Platform,,,Seleccionar Plataforma,,Seleccionar Tarima,Seleccionar Plataforma,Seleccionar Plataforma,Choisir la plateforme,,,Selecionar A Plataforma,Выберите помост,Bohle wählen,Vald plattform,Vælg platform,Valitse lava,Velg Plattform,Select Platform,Válasszon Versenydobogót,Selectați Platformă,Wybierz pomost,Ընտրեք հարթակը,בחר במה,اختر المنصة,Επιλέξτε Πλατφόρμα,プラットフォームを選択,412
ShowResults,Show Results,,,Mostrar Resultados,,Mostrar resultados,Mostrar Resultados,Mostrar Resultados,Afficher les résultats,,,Mostrar Resultados,Показать результаты,Zeige Ergebnisse,Visa resultat,Vis resultater,Näytä Tulokset,Vis resultater,Show Results,Eredmények mutatása,Arată rezultate,Pokaż wyniki,Ցուցադրել արդյունքները,הצג תוצאות,عرض النتائج,Εμφάνιση αποτελεσμάτων,結果を表示,413
EVENT_TimeOver,signal time over,,,Señal de Tiempo Concluido,,Señal de tiempo terminado,Señal de Tiempo Terminado,Señal de Tiempo Concluido,signaler que le temps est écoulé,,,Sinal de Tempo Acabou,время сигнала истекло,Signal für Zeitüberschreitung,Signalerar att tiden är slut.,Signalér at tiden er gået,äänimerkki ajan ylityksestä,Tiden er gått ut,signal time over,a jelzett ideje lejárt,timpul semnalului s-a terminat,"sygnał, że czas się skończył",Ազդանշանի ժամանակը անցավ,סמן זמן חלף,إشارة انتهاء الوقت,λήγει ο χρόνος σήματος,終了合図,414
Scoreboard.Sinclair,Sinclair,,,Sinclair,,Sinclair,Sinclair ,Sinclair,Sinclair,,,Sinclair,Синклер,Sinclair,Sinclair,Sinclair,Sinclair,Sinclair,Sinclair,Sinclair,Sinclair,Sinclair,Սինկլեր,סינקלייר,سينكلير,Σινκλέρ,シンクレアポイント,415
sinclair,Sinclair,,,Sinclair,,SM(H)F,SM(H)F  ,Sinclair,Sinclair,,,Sinclair,Синклер,SM(H)F,SM(H)F,Sinclair,Sinclair,Sinclair,Sinclair,Sinclair,Sinclair,Sinclair,Սինկլեր,סינקלייר,سينكلير,Σινκλέρ,シンクレアポイント,416
Results.Sinclair,Sinclair,,,Sinclair,,Sinclair,Sinclair,Sinclair,Sinclair,,,Sinclair,Синклер,Sinclair,Sinclair,Sinclair,Sinclair,Sinclair,Sinclair,Sinclair,Sinclair,Sinclair,Սինկլեր,סינקלייר,سينكلير,Σινκλέρ,シンクレアポイント,417
Competition.competitionSite,Site,,,Lugar,,Lugar,Lugar,Lugar,Site,,,Local,Место,Veranstaltungsort,Plats,Lokalitet,Paikka,Sted,Site,Webhely,Site,Strona główna,Տեղը,אתר,الموقع,Τοποθεσία,会場,418
smm,SM(H)F,,,SM(H)F,,SM(H)F,SM(H)F,SM(H)F,SM(H)F,,,SM(H)F,СМФ,SM(H)F,SM(H)F,SM(H)F,SM(H)F,SM(H)F,SM(H)F,SFN,SM(H)F,SM(H)F,ՍՄՖ,SMF,SM(H)F,SM(H)F,SM(H)F,419
smhf,SM(H)F,,,SM(H)F,,SM(H)F,SM(H)F,SM(H)F,SM(H)F,,,SM(H)F,СМФ,SM(H)F,SM(H)F,SM(H)F,SM(H)F,SM(H)F,SM(H)F,SFN,SM(H)F,SM(H)F,ՍՄՖ,SM(H)F,SM(H)F,SM(H)F,SM(H)F,420
Snatch_short,Sn.,,,Arr.,,Arr.,Arr.,Arr.,Arr.,,,Arr.,Р.,Rs.,Sn.,Træk,Te.,Ry.,Sn.,Szak.,Sm.,Rw.,Պ․,הנפה,خطف,Sn.,Sn.,421
Card.snatch,Snatch,,,Arranque,,Arrancada,Arranque,Arranque,Arraché,,,Arranco,Рывок,Reissen,Ryck,Træk,Tempaus,Rykk,Trekk,Szakítás,Smuls,Rwanie,Պոկում,הנפה,خطف,Αρπάζω,Snatch,422
Scoreboard.Snatch,Snatch,,,Arranque,,Arrancada,Arranque,Arranque,Arraché,,,Arranco,Рывок,Reissen,Ryck,Træk,Tempaus,Rykk,Trekk,Szakítás,Smuls,Rwanie,Պոկում,הנפה,خطف,Αρπάζω,Snatch,423
Snatch,Snatch,,,Arranque,,Arrancada,Arranque,Arranque,Arraché,,,Arranco,Рывок,Reissen,Ryck,Træk,Tempaus,Rykk,Snatch,Szakítás,Smuls,Rwanie,Պոկում,הנפה,خطف,Αρπάζω,Snatch,424
Results.Snatch,Snatch,,,Arr.,,Arr.,Arranque,Arr.,Arraché,,,Arranco,Рывок,Reissen,Ryck,Træk,Tempaus,Rykk,Snatch,Szakítás,Smuls,Rwanie,Պոկում,הנפה,خطف,Αρπάζω,Snatch,425
Results.Snatch_abbrev,Snatch,,,Arr.,,Arr.,Arranque,Arr.,Arr.,,,Arran.,Рывок,Rei.,Ryck,Træk,Tempaus,Rykk,Snatch,Szakítás,Smuls,Rwanie,Պոկում,הנפה,خطف,Αρπάζω,Snatch,426
Snatch_number,Snatch #{0},,,Arranque #{0},,Arrancada #{0},Arranque #{0},Arranque #{0},Arraché #{0},,,Arranco {0}º,Рывок {0},Reissen #{0},Ryck #{0},Træk  #{0},Tempaus #{0},Rykk #{0},Snatch #{0},Szakítás #{0},Smuls #{0},Rwanie #{0},Պոկում # {0},הנפה #{0},خطف #{0},Αρασέ #{0},Snatch #{0},427
Snatch1,snatch 1,,,Arr 1,,Arr 1,Arranque 1,Arr 1,Arraché 1,,,1º Arranco,Р1,Reissen 1,ryck 1,Træk 1,tempaus 1,Rykk 1,snatch 1,Szakítás 1,Smuls 1,rwanie 1,Պուկում 1,הנפה 1,خطف 1,αρασέ 1,snatch 1,428
Snatch2,snatch 2,,,Arr 2,,Arr 2,Arranque 2,Arr 2,Arraché 2,,,2º Arranco,Р2,Reissen 2,ryck 2,Træk 2,tempaus 2,Rykk 2,snatch 2,Szakítás 2,Smuls 2,rwanie 2,Պոկում 2,הנפה 2,خطف 2,αρασέ 2,snatch 2,429
Snatch3,snatch 3,,,Arr 3,,Arr 3,Arranque 3,Arr 3,Arraché 3,,,3º Arranco,Р3,Reissen 3,ryck 3,Træk 3,tempaus 3,Rykk 3,snatch 3,Szakítás 3,Smuls 3,rwanie 3,Պոկում 3,הנפה 3,خطف 3,αρασέ 3,snatch 3,430
SnatchDecl_,Snatch Decl.,,,Arr Decl,,Arr Decl.,Arranque Decl,Arr Decl,Décl. Arr.,,,Arranco Decl.,Рывок,Reissen Mldg.,Ingång Ryck,Træk dekl.,Tempaus ilmo.,Rykk startv.,Snatch Decl.,Kezdő Szakítás,Smuls declarat,Rwanie Dekl.,Պոկում,הצהרת הנפה,إعلان الخطف,Αρασέ Δεκ.,Snatch 申告,431
Snatch_Declaration,Snatch Declaration,,,Declaracion de Arranque,,Declaración de Arrancada,Declaración Arranque,Declaracion de Arranque,Déclaration Arraché,,,Declaração Arranco,Начальный вес в рывке,Meldung Reissen,Ingång Ryck,Træk deklareret,Tempaus vahvistus,Rykk startvekt,Snatch Declaration,Szakítás,Smuls declaraţie,Deklaracja rwania,Պոկումի նախնական քաշը,הצהרת הנפה,إعلان الخطف,Δήλωση αρασέ,Snatch 申告,432
SnatchRank,Snatch Rank,,,Ubic. Arr.,,Clasif. Arr.,Clasif Arr.,Ubic. Arr.,Rang Arr.,,,Arranco Ranking,Место (Р),Reissen Platz,Ranking Ryck,Træk rang,Tempaus sijoitus,Rykk pl.,Snatch Rank,Szakítás sorrend,Ordine Smuls,Snatch Rank,Տեղը պոկումում,דירוג הנפה,ترتيب الخطف,Κατάταξη αρασέ,Snatch 順位,433
SourceDocumentation,Source and Documentation,,,Fuente y Documentación,,Fuente y Documentación,Fuente y Documentación,Fuente y Documentación,Code source et documentation,,,Fonte e Documentação,Исходные коды и документация,Source und Documentation,Källa och Dokumentation,Source og dokumentation,Lähde ja dokumentaatio,Kilde og dokumentasjon,Source and Documentation,Forrás és Dokumentáció,Sursa si documentatia,Źródło i dokumentacja,Աղբյուրի կոդեր և փաստաթղթեր,מקור ותיעוד,المصدر والتوثيق,Πηγή και Τεκμηρίωση,ソースおよびドキュメント,434
Division.Special,Special,,,Especial,,Especial,Especial,Especial,Spécial,,,Especial,Special,Spezial,Special,Special,Erikois,Spesial,Special,Speciális,Special,Specjalny,Հատուկ,מיוחד,خاص,Ειδικός,特別,435
ThanksToAll,Special thanks to Stepan Pesterev for feedback and testing.<br>,,,Un agradecimiento especial a Stepan Pesterev por sus comentarios y pruebas. <br>,,,,Un agradecimiento especial a Stepan Pesterev por sus comentarios y pruebas. <br>,Merci à Stepan Pesterev pour commentaires et essais.<br>,,,Um agradecimento especial a Stepan Pesterev pelo feedback e testes.<br>,Особая благодарность Степану Пестереву за отзывы и тестирование программы.<br>,Besonderer Dank geht an Stepan Pesterev für das Feedback und die Tests.<br>,Special thanks to Stepan Pesterev for feedback and testing.<br>,Special thanks to Stepan Pesterev for feedback and testing.<br>,Special thanks to Stepan Pesterev for feedback and testing.<br>,Spesiell takk til Stepan Pesterev for tilbakemelding og testing.<br>,Special thanks to Stepan Pesterev for feedback and testing.<br>,Külön köszönet Stepan Pesterevnek a visszajelzésért és a tesztelésért.<br>,Mulțumiri speciale lui Stepan Pesterev pentru feedback și testare.<br>,Specjalne podziękowania dla Stepana Pestereva za opinie i testy.<br>,Հատուկ շնորհակալություն Ստեփան Պեստերևին հետադարձ կապի և փորձարկման համար:<br>,תודה מיוחדת לסטפן פסטרב על משוב ובדיקות.<br>,شكر خاص لستيبان بيسترييف على ملاحظاته واختباراته.<br>,Ιδιαίτερες ευχαριστίες στον Stepan Pesterev για τα σχόλια και τις δοκιμές.<br>,Stephan Pesterev氏へ、フィードバックとテストへの特別な感謝を申し上げます<br>,436
AgeGroup.SR,SR,,,SR,,SR,SR,SR,SR,,,SR,SR,SR,SR,SR,YL,SR,SR,Felnőtt,SR,SEN,ՄԵԾ․,SR,فئة كبار السن,SR,SR,437
Scoreboard.Sr,Sr,,,Sr,,Sr,Sr,Sr,Sr,,,Sr,Sr,Sr,Sr,Sen,Yl,Sr,Sr,Felnőtt,Sr,Sen,Մեծ.,בוגרים,فئة كبار السن,Sr,Sr,438
Results.Sr,Sr,,,Sr,,Sr,Sr,Sr,Sr,,,Sr,Sr,Sr,Sr,Sen,Yl,Sr,Start nr,Felnőtt,Sr,Sen,Մեծ.,בוגרים,فئة كبار السن,Sr,Sr,439
Scoreboard.Start,Start,,,Orden,,Orden,Comenzar,Orden,Départ,,,Próx.,Номер,Startnr.,Start,Start,Nro,Snr,Start,Start,Start,Start,Համար,התחל,بدء,Αρχή,開始,440
Results.Start,Start,,,Orden,,Orden,Comenzar,Orden,Départ,,,Próx.,Номер,Startnr.,Start,Start,Nro,Start,Start,Start,Start,Start,Համար,התחל,بدء,Αρχή,開始,441
Results.Start,Start,,,Inico,,Inicio,Inico,Inico,Dép.,,,Inicio,Старт,Stnr.,Start,#,Nro,Start,Start,Start,Start,Start,Nº,התחל,بدء,Αρχή,開始,442
Card.startNumber,Start #,,,N° Inicio,,Nº inicio,N° Inicio,N° Inicio,# Départ,,,Nº Início,Стартовый номер,Startnr.,Start #,Startnummer,Kilpailija nro #,Start #,Start #,Start #,Start #,Start #,Սկսման Nº ,התחל #,رقم البدء,Έναρξη #,開始 #,443
EVENT_BreakStarted,start break,,,Inicio des Descanso,,Inicio descanso,Inicio Descanso,Inicio des Descanso,démarrer une pause,,,Inicio Intervalo,включить перерыв,starte Unterbrechung,starta pausen,start pause,käynnistä tauko,start pause,start break,Szünet indítása,început de pauză,rozpocząć przerwę,Սկսել ընդմիջումը,התחל הפסקה,بدء الاستراحة,ξεκινήστε το διάλειμμα,休憩開始,444
EVENT_TimeStarted,start clock,,,Iniciar Cronómetro,,Iniciar Cronómetro,reloj de inicio,Iniciar Cronómetro,démarrer le chrono,,,Iniciar Relógio,запустить время,starte Uhr,starta klockan,start uret,käynnistä kello,start klokken,start clock,Indítsa el a visszaszámlálót,Porniți Cronometrul,uruchom zegar,Սկսել հետհաշվարկը,התחל שעון,بدء الساعة,ρολόι έναρξης,時計開始,445
StartDisplays,Start Displays,,,Marcadores,,Marcadores,Marcadores,Marcadores,Démarrer les affichages,,,Tela de início,Запуск экранов,Starte Anzeigen,Startskärmar,Start Displays,Näyttötaulut,Startskjermer,Start Displays,Kijelzők indítása,Porniți afișajele,Uruchom wyświetlacze,Ցուցադրել Էկրանները,התחל תצוגות,بدء العرض,Έναρξη Οθονών,表示開始,446
EVENT_JuryDecision,start jury deliberation,,,Iniciar Deliberación del Jurado,,Iniciar deliberación del jurado,Iniciar Deliberación Jurado,Iniciar Deliberación del Jurado,démarrer la délibération du jury,,,Iniciar Reunião do júri,начать обсуждения в жюри,Jury Beratung starten,start jurydiskussion,start jury votering,käynnistä juryn käsittely,starte jurybehandling,start jury deliberation,Zsűri tanácskozás kezdése,începe deliberarea juriului,konsultacje jury,Սկսել ժյուրիի քննարկում,התחל התייעצות ועדת שופטים,بدء تداول الهيئة التحكيمية,έναρξη της συζήτησης της κριτικής επιτροπής,ジュリー協議開始,447
startLifting,Start Lifting,,,Iniciar Levantamiento,,Iniciar Levantamiento,Iniciar Levantamiento,Iniciar Levantamiento,Débuter les levers,,,Iniciar Competição,Начало соревнования,Beginne Hebung,Starta tävlingen,Begynd konkurrencen,Aloita nostaminen,Start konkurransen,Start Lifting,Kezdje el az emelést,Începeți să ridicați,Rozpoczecie podnoszenia,Մրցումների սկիզբ,התחל הרמה,بدء الرفع,Ξεκινήστε την Ανύψωση,リフティング開始,448
EVENT_StartLifting,start lifting,,,Empezar a Levantar,,Iniciar Levantamiento,Empezar a Levantar,Empezar a Levantar,démarrer les levers,,,Começar a levantar,начать подъём,starte Hebung,Starta tävlingen,start konkurrencen,aloita nostaminen,start konkurransen,start lifting,Kezdje el az emelést,Începeți să ridicați,Rozpoczecie podnoszenia,սկսել բարձրացումը,התחל להרים,بدء الرفع,ξεκινήστε να σηκώνετε,リフティング開始,449
StartingList,Start List,,,Lista de inicio,,Lista de inicio,Lista de inicio,Lista de inicio,Liste de départ,,,Lista Inicial,Стартовый протокол,Startliste,Startlista,Startliste,Starttilistat,Startliste,Start List,Startlista,Lista de start,Listy Startowe,Մեկնարկի համար,רשימת התחלה,قائمة البدء,Λίστα έναρξης,スタートリスト,450
StartList.StartList,Start List,,,Lista de inicio,,Lista de Inicio,Lista de Inicio,Lista de inicio,Liste de départ,,,Lista Inicial,Стартовый протокол,Startliste,Startlista,Startliste,Käynnistä lista,Startliste,Start List,Startlista,Lista de start,Listy Startowe,Սկզբնական ցուցակ,רשימת התחלה,قائمة البدء,Λίστα έναρξης,スタートリスト,451
StartNumber,Start Number,,,Número de inicio,,Número inicio,Numero inicio,Número de inicio,Numéro de départ,,,Número inicial,Стартовый номер,Startnr.,Startnummer,Startnummer,Aloitus numero,Startnummer,Start Number,Rajtszám,Numărul de început,Numer Startowy,Մեկնարկի համար,מספר התחלה,رقم البدء,Αριθμός έναρξης,スタート番号,452
StartNumbersNotSet,Start numbers were not assigned. Use the Weigh-in page.,,,Los números de inicio no han sido asignados. Utilice la página de pesaje.,,Los números de partida no han sido asignados. Utilice la hoja de pesaje.,Los numeros de partida no han sido asignados. Utilice la pagina de pesaje.,Los números de inicio no han sido asignados. Utilice la página de pesaje.,Les numéros de départ n'ont pas été attribués. Utiliser la page de pesée.,,,Os números iniciais dos atletas não foram atribuídos. Use a página de Pesagem.,Стартовые номера не назначены. Используйте страницу взвешивания.,Startnummern nicht zugeordnet. Benutze die Seite für Wiegen.,Startnummer är inte tilldelat Använd invägningssidan.,Startnumre er ikke tildelt. Brug Invejningssiden.,Kilpailija numeroita ei ole määritelty. Käytä Punnitus-sivua.,Startnummer ble ikke tildelt. Bruk siden for innveiing.,Start numbers were not assigned. Use the Weigh-in page.,A rajtszámok nincsenek hozzárendelve. Használja a Mérlegelés oldalt.,Numerele de început nu au fost atribuite. Utilizați pagina Cântărire.,Numery startowe nie zostały przydzielone. Skorzystaj ze strony Ważenie.,Սկսման համարները նշանակված չեն: Օգտագործեք կշռման էջը,מספרי התחלה לא הוקצו. השתמש בדף השקילה.,لم يتم تعيين أرقام البدء. استخدم صفحة الوزن.,Οι αριθμοί έναρξης δεν εκχωρήθηκαν. Χρησιμοποιήστε τη σελίδα Ζύγιση.,スタート番号が割り当てられていません。体重測定ページを使用してください,453
StartTime_StartList,Start Time,,,Hora de inicio,,Hora de comienzo,Hora de comienzo,Hora de inicio,Heure de début,,,Início da Competição,Время начала,Startzeit,Starttid,Starttid,Aloitus aika,Starttid,Start Time,Kezdési idő,Timpul de începere,Czas rozpoczęcia,Մեկնարկ,שעת התחלה,وقت البدء,Ώρα έναρξης,開始時間,454
StartTime,Start Time,,,Hora de inicio,,Hora de comienzo,Hora de comienzo,Hora de inicio,Heure de début,,,Início da Competição,Время начала,Startzeit,Starttid,Starttid,Aloitus aika,Starttid,Start Time,Kezdési idő,Timpul de începere,Czas rozpoczęcia,Մեկնարկ,שעת התחלה,وقت البدء,Ώρα έναρξης,開始時間,455
Start_,Start#,,,Iniciar#,,Iniciar#,Iniciar#,Iniciar#,#Départ,,,Começar,Стартовый №,Startnr.,Start#,Startnr.,Aloita#,Start#,Start#,Start#,Start#,Start#,Մեկնարկի №,התחל#,بدء,Αρχή#,開始#,456
Card.startingWeight,Starting Weight,,,Peso inicial,,Peso inicial,Peso inicial,Peso inicial,Poids de départ,,,Peso Inicial,Стартовый вес,Anfangslast,Startvikt,Startvægt,Aloituspainot,Startvekt,Starting Weight,Kezdősúly,Greutatea de începere,Waga,Սկսման քաշ,משקל התחלתי,الوزن الابتدائي,Βάρος έναρξης,スタート重量,457
RuleViolation.rule15_20Violated,Starting weight rule violation: Missing {5}kg.,,,Violación de la regla de peso inicial: Falta {5} kg.,,Violación de la regla de peso inicial: Falta {5} kg.,Violación de la regla de peso inicial: Falta {5} kg.,Violación de la regla de peso inicial: Falta {5} kg.,Violation de la règle des poids initiaux: Il manque {5} kg.,,,Violação da regra de peso inicial: Faltando {5}kg.,Нарушение правила стартового веса: не хватает {5}кг,Anfangslast Regelverletzung: Vermisse {5}kg.,Totalviktsregel brott: Saknar {5}kg.,Overtrædelse af reglen om indledende vægte: Der mangler {5}kg.,Aloituspainojen sääntörika: Puuttuu {5}kg.,Brudd på regelen for startvekt: Mangler {5} kg.,Starting weight rule violation: Missing {5}kg.,A kezdősúly szabályának megsértése: {5} kg hiányzik.,Încălcarea regulii de greutate inițială: lipsesc {5} kg.,Naruszenie reguły dotyczącej wagi początkowej: brakujące {5}kg.,"Սկսման քաշի կանոնի խախտում, չի հերիքում {5} կգ:","הפרת חוק משקל התחלתי: חסרים {5} ק""ג.",انتهاك قاعدة الوزن الابتدائي,Παραβίαση αρχικού κανόνα βάρους: Λείπουν {5}kg.,スタート重量ルール違反：{5}kg 不足しています,458
TeamResults.Status,Status (Athletes Counted/Team Size),,,Estado (atletas contados / tamaño del equipo),,Estado (atletas contados / tamaño del equipo),Estado (atletas contados / tamaño del equipo),Estado (atletas contados / tamaño del equipo),Statut (Athlètes comptés/Taille d'équipe),,,Status (Contagem de Atletas/ Tamanho da Equipe),Статус(подсчёт спортсменов/размер команды),Status (Athleten Gezählt/Mannschaftsgröße),Status (Lyftare inräknade/Lagstorlek),Status (Atleter medregnet/Holdstørrelse),Tila (Nostajia laskettu/seuran koko),Status (utøvere inkludert/lagstørrelse),Status (Athletes Counted/Team Size),Állapot (sportolók száma/csapatlétszám),Stare (atleți numărați/dimensiunea echipei),Status (liczba zawodników/wielkość drużyny),Կարգավիճակը (Մարզիկներ հաշվարկ / Կազմի չափ),סטטוס (ספורטאים שנספרו/גודל קבוצה),حالة (عدد الرياضيين / حجم الفريق),Κατάσταση (Καταμέτρηση αθλητών/Μέγεθος ομάδας),ステータス（計上選手数／チーム人数）,459
EVENT_TimeStopped,stop clock,,,Detener el reloj,,Detener Cronómetro,Detener Cronómetro,Detener el reloj,arrèter le chrono,,,Pausar Relógio,остановить время,stoppe Uhr,stoppa klockan,stop uret,pysäytä kello,Stopp klokke,stop clock,Állítsa le az órát,Opri ceasul,zatrzymać zegar,կանգնեցնել ժամացույցը,עצור שעון,إيقاف الساعة,σταματήστε το ρολόι,時計停止,460
Card.team,Team,,,Equipo,,Equipo,Equipo,Equipo,Équipe,,,Equipe,Команда,Verein,Lag,Hold,Seura,Klubb,Felag,Csapat,Echipă,Drużyna,Կազմ,קבוצה,الفريق,Ομάδα,チーム,461
Scoreboard.Team,Team,,,Equipo,,Equipo,Equipo,Equipo,Équipe,,,Equipe,Команда,Verein,Lag,Hold,Seura,Klubb,Felag,Csapat,Echipă,Drużyna,Կազմ,קבוצה,الفريق,Ομάδα,チーム,462
Team,Team,,,Equipo,,Equipo,Equipo,Equipo,Équipe,,,Equipe,Команда,Verein,Förening,Klub,Seura,Klubb,Team,Csapat,Echipă,Drużyna,Կազմ,קבוצה,الفريق,Ομάδα,チーム,463
Results.Team,Team,,,Equipo,,Equipo,Equipo,Equipo,Équipe,,,Equipe,Команда,Verein,Lag,Hold,Seura,Klubb,Team,Csapat,Echipă,Drużyna,Կազմ,קבוצה,الفريق,Ομάδα,チーム,464
TeamMember?,Team Member?,,,Miembro de Equipo?,,Miembro del equipo?,Miembro del equipo?,Miembro de Equipo?,Membre de l'équipe?,,,Membro da equipe?,К/Л зачёт?,Mannschafts-Mitglied?,Lagmedlem?,Holdmedlem?,Seuran jäsen?,Lagmedlem?,Team Member?,Csapat tagja?,Membru al echipei?,Członek zespołu?,Թիմային հաշվարկ?,חבר קבוצה?,عضو الفريق؟,Μέλος ομάδας;,チームメンバー?,465
TeamResults.Title,Team Results,,,Resultados por Equipos,,Resultados por Equipo,Resultado por Equipo,Resultados por Equipos,Résultats par équipe,,,Resultados Por Equipe,Командные результаты,Mannschats-Ergebnisse,Lagresultat,Holdresultater,Seurapisteet,Lagresultater,Team Results,Csapat helyezés,Clasamentul echipei,Wyniki Drużynowe,Թիմային արդյունքներ,תוצאות קבוצתיות,نتائج الفريق,Αποτελέσματα ομάδας,チーム成績,466
Competition.teamSizeInvalid,Team size must be a number ≤ 99,,,El tamaño del equipo debe ser un número ≤ 99,,El tamaño del equipo debe ser un número ≤ 99,El tamaño del equipo debe ser un número ≤ 99,El tamaño del equipo debe ser un número ≤ 99,La taille d'équipe doit être un nombre ≤ 99,,,O tamanho da equipe deve ser um número  ≤ 99,Размер команды должен быть числом ≤ 99,Mannschaft Größe muss eine Nummer ≤ 99 sein,Lagstorleken ska vara ett tal ≤ 99,Holdstørrelse skal være et tal ≤ 99,Seura koko pitää olla numeroltaan ≤ 99,Lagstørrelsen må være et tall ≤ 99,Team size must be a number ≤ 99,A csapatlétszám legfeljebb 99 lehet,Mărimea echipei trebuie să fie un număr ≤ 99,Rozmiar zespołu musi być liczbą ≤ 99,Կազմի անդամների թիվը պետք է լինի ≤ 99,גודל קבוצה חייב להיות מספר ≤ 99,حجم الفريق يجب أن يكون عددًا ≤ 99,Το μέγεθος της ομάδας πρέπει να είναι ένας αριθμός ≤ 99,チーム人数は99以下の数字でなければなりません,467
Results.TeamList,Teams,,,Equipos,,Equipos,Equipos,Equipos,Équipes,,,Equipes ,Команды,Mannschaften,Lag,Hold,Seurat,Lag,Teams,Csapatok,Echipe,Drużyny,Կազմ,קבוצות,الفرق,Ομάδες,チーム,468
TechnicalController,Technical Controller,,,Controlador Técnico,,Controlador Técnico,Controlador Técnico,Controlador Técnico,Contrôleur Technique,,,Controlador Técnico,Технический контролер,Technischer Kontrolleur,Teknisk kontrollant,Teknisk kontrollant,Tekninen tarkastaja,Teknisk kontrollør,Technical Controller,Technikai ellenőr,Controlor tehnic,Kontroler techniczny,Տխնիկական հսկիչ,בקר טכני,المراقب الفني,Τεχνικός Ελεγκτής,テクニカルコントローラー,469
BreakType.TECHNICAL,Technical Issue,,,Inconveniente Técnico,,Problema Técnico,Inconveniente Técnico,Inconveniente Técnico,Problème technique,,,Problema Técnico,Техническая пауза,Technischer Fehler,Tekniska problem,Tekniske problemer,Tekninen ongelma,Teknisk problem,Technical Issue,Műszaki hiba,Problema tehnica,Problem techniczny,Տեխնիկական դադար,בעיה טכנית,مشكلة فنية,Τεχνικό Θέμα,技術的な問題,470
TOScreens,Technical Official Screens (select the correct platform above before clicking),,,Pantallas de Árbitros (seleccione la plataforma correcta arriba antes de hacer clic),,Pantallas Jueces (seleccione la tarima correcta arriba antes de hacer clic),Pantallas oficiales técnicas (seleccione la plataforma correcta arriba antes de hacer clic),Pantallas de Árbitros (seleccione la plataforma correcta arriba antes de hacer clic),Écrans des officiels (choisir le plateau ci-dessus avant de cliquer),,,Telas Técnicas Oficiais (selecione a plataforma correta acima antes de clicar),Официальные технические экраны (выберите правильный помост перед нажатием),"Technische offizielle Bildschirme (wähle die richtige Bohle aus, bevor Du klickst)",Tekniskt officiella skärmar (välj rätt plattform ovan innan du klickar),Technical Official Screens (vælg korrekt platform inden du klikker),Teknisen tarkastajan viralliset näytöt (valitse oikea alusta yllä ennen kuin napsautat),Tekniske offisielle skjermer (velg riktig plattform ovenfor før du klikker),Technical Official Screens (select the correct platform above before clicking),Hivatalos technikai képernyők (kattintás előtt válassza ki a megfelelő platformot fent),Ecrane tehnice oficiale (selectați platforma corectă de mai sus înainte de a da clic),Oficjalne ekrany techniczne (przed kliknięciem wybierz odpowiednią platformę powyżej),"Օֆիցիալ տեխնիկական էկրան (ընտրեք ճիշտ հարթակ, մինչ սեղմելը)",מסכי בקרים טכניים (בחר את הבמה הנכונה למעלה לפני הלחיצה),شاشات المسؤولين الفنيين (اختر المنصة الصحيحة أعلاه قبل النقر),Τεχνικές επίσημες οθόνες (επιλέξτε τη σωστή πλατφόρμα παραπάνω πριν κάνετε κλικ),技術役員用画面（クリック前に上の正しいプラットフォームを選択してください）,471
SoundSystemProblem,"Technical problem with Sound: Signals will not be emitted by the main computer.<br>If the problem persists, switch to browser sounds or restart the competition system.",,,"Problema técnico con el sonido: la computadora principal no emitió señales. <br> Si el problema persiste, cambie a los sonidos del navegador o reinicie el sistema de competencia.",,"Problema técnico con el sonido: la computadora principal no emitió señales. <br> Si el problema persiste, cambie a los sonidos del navegador o reinicie el sistema de competición.","Problema técnico con el sonido: la computadora principal no emitió señales. <br> Si el problema persiste, cambie a los sonidos del navegador o reinicie el sistema de competencia.","Problema técnico con el sonido: la computadora principal no emitió señales. <br> Si el problema persiste, cambie a los sonidos del navegador o reinicie el sistema de competencia.","Problème technique avec le son: les sons ne seront pas émis par l'ordinateur.<br>Si le problème persiste, utilisez le son sur les navigateurs ou relancez le système.",,,"Problema técnico com o som: os sinais não serão emitidos pelo computador principal. <br> Se o problema persistir, mude para os sons do navegador ou reinicie o sistema de competição.","Техническая проблема со звуком:сигналы не будут излучаться главным компьютером.<br>если проблема не устранена, переключись на звуки браузера или перезагрузите систему соревнований.","Technisches Problem mit dem Sound: Der Hauptcomputer sendet keine Signale. <br> Wenn das Problem weiterhin besteht, wechseln Sie zu Browsersounds oder starte das Wettkampfsystem neu.","Technical problem with Sound: Signals will not be emitted by the main computer.<br>If the problem persists, switch to browser sounds or restart the competition system.",Tekniske problemer med lyden af nedsignal: Nedsignalet udsendes ikke mere af serveren.<br>Hvis problemet fortsætter skift til browser lyd eller genstart systemet.,"Äänen tekninen ongelma: Päätietokone ei lähetä signaaleja.<br>Jos ongelma jatkuu, vaihda selaimen ääniin tai käynnistä kilpailujärjestelmä uudelleen.","Teknisk problem med lyd: Signaler sendes ikke ut av hoveddatamaskinen.<br>Hvis problemet vedvarer, bytt til nettleserlyder eller start konkurransesystemet på nytt.","Technical problem with Sound: Signals will not be emitted by the main computer.<br>If the problem persists, switch to browser sounds or restart the competition system.","Műszaki probléma a hanggal: A fő számítógép nem bocsát ki jeleket.<br>Ha a probléma továbbra is fennáll, váltson böngészőhangra, vagy indítsa újra a versenyrendszert.","Problemă tehnică cu sunetul: semnalele nu vor fi emise de computerul principal.<br>Dacă problema persistă, comutați la sunetele browserului sau reporniți sistemul de competiție.","Problem techniczny z dźwiękiem: Sygnały nie będą emitowane przez główny komputer.<br>Jeśli problem będzie się powtarzał, przełącz się na dźwięki przeglądarki lub zrestartuj system konkursowy.","Ձայնի հետ կապված խնդիր.Ազդանշանները գլխավոր համակարգչով չեն լսվի, <br> եթե խնդիրը չի լուծվում միացրեք բրաուզերի ձայնը կամ վերբեռնեք ծրագիրը :","בעיה טכנית עם קול: אותות לא יופקו על ידי המחשב הראשי.<br>אם הבעיה נמשכת, עבור לצלילי דפדפן או הפעל מחדש את מערכת התחרות.",مشكلة تقنية في الصوت: لن تصدر الكمبيوتر الرئيسي إشارات. <br> إذا استمرت المشكلة، قم بالتبديل إلى أصوات المتصفح أو أعد تشغيل نظام المنافسة.,"Τεχνικό πρόβλημα με τον ήχο: Τα σήματα δεν θα εκπέμπονται από τον κύριο υπολογιστή.<br>Εάν το πρόβλημα παραμένει, μεταβείτε στους ήχους του προγράμματος περιήγησης ή επανεκκινήστε το σύστημα αγώνων.",音声に関する技術的な問題：メインコンピューターから信号が発せられません<br> 問題が続く場合は、ブラウザの音声に切り替えるか、競技システムを再起動してください,472
ThanksToFHQ,Thanks to the Quebec Weightlifting Federation for supporting the initial development of the software.,,,Gracias a la Federación de Halterofilia de Quebec por apoyar el desarrollo inicial del software.,,Gracias a la Federación de Halterofilia de Quebec por apoyar el desarrollo inicial del software.,Gracias a la Federación de Halterofilia de Quebec por apoyar el desarrollo inicial del software.,Gracias a la Federación de Halterofilia de Quebec por apoyar el desarrollo inicial del software.,Merci à la Fédération d'haltérophilie du Québec d'avoir soutenu le développement initial du projet.,,,Obrigado a Federação do Quebec de Halterofilismo por apoiar o desenvolvimento inicial do software.,Спасибо федерации тяжелой атлетики Квебека за поддержку разработки программного обеспечения.,Vielen Dank an die Quebec Weightlifting Federation für die Unterstützung bei der ersten Entwicklung der Software.,Thanks to the Quebec Weightlifting Federation for supporting the initial development of the software.,Thanks to the Quebec Weightlifting Federation for supporting the initial development of the software.,Kiitokset Quebec Weightlifting Federation ohjelman kehittämisessä.,Takk til Quebec Weightlifting Federation for å støtte den første utviklingen av programvaren.,Thanks to the Quebec Weightlifting Federation for supporting the initial development of the software.,Köszönet a Quebec Súlyemelő Szövetségnek a szoftver kezdeti fejlesztésének támogatásáért.,Mulțumim Federației de haltere din Quebec pentru sprijinirea dezvoltării inițiale a software-ului.,Dziękujemy Federacji Podnoszenia Ciężarów Quebecu za wsparcie w początkowym rozwoju oprogramowania.,Շնորհակալություն Քվեբեք նահանգի ծանրամարտի ֆեդերացիային՝ ծրագրի զարգացմանը նպաստելու համար,תודה להתאחדות הרמת המשקולות של קוויבק על תמיכתה בפיתוח הראשוני של התוכנה.,شكرًا لاتحاد رفع الأثقال في كيبيك على دعم التطوير الأولي للبرنامج.,Ευχαριστούμε την Ομοσπονδία Άρσης Βαρών του Κεμπέκ για την υποστήριξη της αρχικής ανάπτυξης του λογισμικού.,本ソフトウェアの初期開発を支援してくださった Quebec ウエイトリフティング連盟に感謝します,473
ThanksToTranslators,Thanks to the translators (in random order):\u00a0,,,Gracias a los traductores (en orden aleatorio):\u00a1,,Gracias a los traductores (en orden aleatorio):\u00a0,Gracias a los traductores (en orden aleatorio):\u00a0,Gracias a los traductores (en orden aleatorio):\u00a1,Merci aux traducteurs (dans un ordre aléatoire)\u00a0:\u00a0,,,Agradecimentos aos tradutores (em ordem aleatória): \u00a0,Спасибо переводчикам (в случайном порядке):\u00a0,Dank an die Übersetzer (in zufälliger Reihenfolge):\u00a0,Tack till översättarna (i slumpmässig ordning):\u00a0,Tak til oversættere (i tilfældig rækkefølge):\u00a0,Kiitokset kääntäjille (in random order):\u00a0,Takk til oversetterne (i tilfeldig rekkefølge):\u00a0,Thanks to the translators (in random order):\u00a0,Köszönet a fordítóknak (véletlen sorrendben):\u00a0,Mulțumim traducătorilor (în ordine aleatorie):\u00a0,Podziękowania dla tłumaczy (w kolejności losowej):\u00a0,Շնորհիվ թարգմանիչներին (պատահական կարգով):\ u00a0,תודה למתרגמים (בסדר אקראי):,شكرًا للمترجمين (بترتيب عشوائي):,Χάρη στους μεταφραστές (με τυχαία σειρά):\u00a0,翻訳者の皆様に感謝します (順不同):\u00a0,474
Competition.announceLiverDecisionsExplanation,"The announcer sees each referee's decisions live, immediately as it is entered.",,,"El Anunciador ve las decisiones de cada Árbitro en vivo, inmediatamente cuando se ingresa.",,"El locutor ve las decisiones de cada juez en vivo, inmediatamente lo introduce.","El locutor ve las decisiones de cada arbitro en vivo, inmediatamente cuando se ingresa.","El Anunciador ve las decisiones de cada Árbitro en vivo, inmediatamente cuando se ingresa.","L'annonceur voit les décisions dès que chaque arbitre la fournit, en direct.",,,"O locutor vê as decisões de cada árbitro ao vivo, imediatamente após sua entrada.","Ведущий секретарь видит решения каждого судьи на помосте, сразу же, как только они вводятся.","Der Sprecher sieht die Kampfrichterentscheidung live, in dem Moment wenn sie eingegeben wurde.",Speakern ser varje domares beslut i samma ögonblick som beslutet tas,Announcer ser hver dommers afgørelse i samme øjeblik den er afgivet.,"Kuuluttaja näkee jokaisen erotuomarin päätökset suorana, heti kun se syötetään.","Speaker ser hver dommers avgjørelser live, umiddelbart etter hvert som den legges inn.","The announcer sees each referee's decisions live, immediately as it is entered.","A bemondó élőben látja az egyes játékvezetők döntéseit, azonnal a jelzések leadásakor.","Crainicul vede în direct deciziile fiecărui arbitru, imediat ce sunt introduse.","Spiker widzi decyzje każdego sędziego na żywo, natychmiast po ich wprowadzeniu.",Հաղորդավարը միանգամից տեսնում է բոլոր մրցավարների որոշումները,"הכרוז רואה את החלטות כל השופטים בשידור חי, מיד עם הכנסתן.",يرى المذيع قرارات كل حكم مباشرة، فور إدخالها.,"Ο εκφωνητής βλέπει ζωντανά τις αποφάσεις του κάθε διαιτητή, αμέσως μόλις εισαχθεί.",アナウンサーは各審判の判定を入力されると同時にリアルタイムで確認できます,475
SystemURL,The competition system is reachable using the following address(es):,,,Se puede acceder al sistema de competencia utilizando la siguiente dirección(es):,,Se puede acceder al sistema de competición utilizando la siguiente dirección(es):,Se puede acceder al sistema de competencia utilizando la siguiente dirección(es):,Se puede acceder al sistema de competencia utilizando la siguiente dirección(es):,Le système est accessible en spécifiant:,,,Para acessar o sistema de competição use o (s) seguinte (s) endereço (s):,Система управления соревнованиями доступна по следующим адресам:,Das Wettkampfsystem ist unter folgender (n) Adresse (n) erreichbar:,Tävlingssystemet kan nås via följande adresser:,The competition system is reachable using the following address(es):,Järjestelmä on käynnissä tässä osoitteessa:,Konkurransesystemet er tilgjengelig ved å bruke følgende adresse(r):,The competition system is reachable using the following address(es):,A versenyrendszer az alábbi cím(ek)en érhető el:,Sistemul de concurs este accesibil utilizând următoarele adrese:,System konkursowy jest dostępny pod następującymi adresami:,Մրցումների կառավարման համար հասանելի են հետևյալ հասցեները,ניתן להגיע למערכת התחרות באמצעות הכתובות הבאות:,يمكن الوصول إلى نظام المنافسة باستخدام العنوان (العناوين) التالية:,Το σύστημα διαγωνισμού είναι προσβάσιμο χρησιμοποιώντας τις ακόλουθες διευθύνσεις:,大会システムには以下のアドレスからアクセスできます(es):,476
Registration.emptyNameWarning,The program stops reading at the first empty family name - use ? if family name unknown,,,"El programa deja de leer en el primer apellido vacío - usar ""?"" si se desconoce el apellido",,El programa deja de leer en el primer apellido vacío - usar ? si se desconoce el apellido,El programa deja de leer en el primer apellido vacío - usar ? si se desconoce el apellido,"El programa deja de leer en el primer apellido vacío - usar ""?"" si se desconoce el apellido",Le programme cesse de lire au premier nom de famille vide - utiliser ? si le nom est inconnu,,,Nome,Программа прекращает чтение при первом пустой фамилии или имени!!!,Das Programm hört beim ersten leeren Familiennamen auf zu lesen - ? verwenden wenn Familienname unbekannt,The program stops reading at the first empty family name - use ? if family name unknown,Programmet stopper indlæsning ved første tomme efternavn - brug ? hvis efternavn er ukendt,Ohjelma lopettaa lukemisen ensimmäisen tyhjän sukunimen kohdalla - use? jos sukunimeä ei tiedetä,Programmet slutter å lese ved første tomme etternavn - bruk ? hvis etternavnet er ukjent,The program stops reading at the first empty family name - use ? if family name unknown,A program leállítja az olvasást az első üres családnév cellánál - használja ? ha a családnév ismeretlen,Programul nu mai citește la primul nume de familie gol - folosește? dacă numele de familie este necunoscut,Program przestaje działać przy pierwszym pustym nazwisku - użyj ? jeśli nazwisko nie jest znane,"Ծրագիրը դադարում է կարդալ առաջին դատարկ ազգանունով, օգտագործեք հարցական նշան (?), եթե ազգանունն անհայտ է",התוכנית מפסיקה לקרוא בשם המשפחה הריק הראשון - השתמש ב-? אם שם המשפחה לא ידוע,"يتوقف البرنامج عن القراءة عند أول اسم عائلة فارغ - استخدم ""?"" إذا كان اسم العائلة غير معروف",Το πρόγραμμα σταματά την ανάγνωση στο πρώτο άδειο οικογενειακό όνομα - χρήση; αν το επώνυμο είναι άγνωστο,プログラムは最初の空欄の姓で読み込みを停止します。姓が不明な場合は「?」を使用してください,477
WrittenJFL,"The software is written and maintained by Jean-François Lamy, IWF International Technical Official Category 1.",,,"El software está escrito y mantenido por Jean-François Lamy, IWF International Technical Official Category 1.",,"El software está escrito y mantenido por Jean-François Lamy, IWF International Technical Official Category 1.","El software está escrito y mantenido por Jean-François Lamy, IWF International Technical Official Category 1.","El software está escrito y mantenido por Jean-François Lamy, IWF International Technical Official Category 1.","Le système a été écrit et est mis à jour par Jean-François Lamy, Officiel Technique IWF catégorie 1",,,"O software foi escrito e mantido por Jean-François Lamy, Categoria IWF Técnico Internacional Oficial 1.",Данная система разработана и поддерживается Жан-Франсуа Лами. IWF Судья 1-й Международной Категории.,"Die Software wird von Jean-François Lamy, IWF International Technical Official Category 1, geschrieben und gewartet.","Programvaran är skriven och underhållen av Jean-Fran√ßois Lamy, IWFs internationella tekniska officiella kategori 1.","The software is written and maintained by Jean-François Lamy, IWF International Technical Official Category 1.","Tämän ohjelman on tehnyt ja ylläpitää Jean-François Lamy, IWF International Technical Official Category 1.","Programvaren er skrevet og vedlikeholdt av Jean-François Lamy, IWF International Technical Official Category 1.","The software is written and maintained by Jean-François Lamy, IWF International Technical Official Category 1.","Ezt a szoftvert írta és karbantartja Jean-François Lamy, IWF International Technical Official Category 1.","Software-ul este scris și întreținut de Jean-François Lamy, IWF International Technical Official Categoria 1.","Oprogramowanie zostało napisane i utrzymywane przez Jean-François Lamy, międzynarodowego urzędnika technicznego IWF kategorii 1",Այս համակարգը մշակվել և աշխատում է Ժան Ֆրանսուա Լամիի կողմից: IWF 1-ին միջազգային կարգի մրցավար:,"התוכנה נכתבה ומתוחזקת על ידי ז'אן-פרנסואה לאמי, פקיד טכני בינלאומי בקטגוריה 1 של IWF.",تم كتابة البرنامج وصيانته بواسطة جان-فرانسوا لامي، مسؤول تقني دولي من الفئة 1.,"Το λογισμικό έχει γραφτεί και συντηρείται από τον Jean-François Lamy, IWF International Technical Official Category 1.",本ソフトウェアは、IWF国際テクニカルオフィシャルカテゴリー1のean-François Lamyによって開発および保守されています,478
ChangesGroupEverywhere,This changes the current session for all displays and screens associated with the platform,,,Esto cambia la tanda actual para todas los dispositivos y pantallas asociadas con la plataforma,,Esto cambia la tanda actual para todas los dispositivos y pantallas asociadas con la plataforma,Esto cambia el grupo actual para todas los dispositivos y pantallas asociadas con la plataforma,Esto cambia la tanda actual para todas los dispositivos y pantallas asociadas con la plataforma,Ceci change le plateau courant sur tous les écrans et affichages associés à ce plateau,Ceci change la session courante sur tous les écrans et affichages associés à ce plateau,,Isso mudará a sessão atual para todos os monitores e telas associadas com a plataforma,Изменение потока применится для всех экранов связанных с помостом<br>,Das ändert die Gruppe auf allen Bildschirmen und Anzeigen für diese Bohle,Detta ändrar den aktuella gruppen för alla skärmar och skärmar associerade med plattformen,Dette ændrer nuværende session for alle displays og skærme tilknyttet platformen,Kuuluttaja näyttö muuttaa kaikkien muidenkin näytöt,Dette endrer gjeldende pulje for alle skjermer og skjermer knyttet til plattformen,This changes the current session for all displays and screens associated with the platform,Megváltoztatja az aktuális csoportot a platformhoz kapcsolódó összes képernyőn és kijelzőn,"Aceasta modifică grupul curent, pentru toate afișajele și ecranele asociate cu platforma",Spowoduje to zmianę bieżącej grupy dla wszystkich wyświetlaczy i ekranów powiązanych z platformą,"Խմբի փոփոխությունը կընդունվի բոլոր էկրանների համար, որոնք կապված են <br> հարթակին ",זה משנה את המקצה הנוכחי עבור כל התצוגות והמסכים המשויכים לבמה,هذا يغير tanda الحالية لجميع الأجهزة والشاشات المرتبطة بالمنصة,Αυτό αλλάζει το τρέχων γρούπ για όλες τις οθόνες και τις οθόνες που σχετίζονται με την πλατφόρμα,これは、そのプラットフォームに関連付けられたすべての表示と画面の現在のセッションを変更します,479
Warning_GroupLifting,This session is currently lifting on platform,,,Esta tanda actualmente esta levantando en la plataforma,,Esta tanda actualmente esta levantando en la plataforma,Este grupo actualmente esta levantando en la plataforma,Esta tanda actualmente esta levantando en la plataforma,Ce plateau est actuellement en compétition sur la plateforme,Cette session est actuellement active sur la plateforme,,Esta sessão está atualmente competindo na plataforma,Соревнования потока начались,Diese Gruppe hebt momentan auf Bohle,Denna grupp lyfter på platform,Denne session løfter pt på platformen,Tätä ryhmää nostetaan parhaimmillaan lavalla,Denne puljen konkurrerer for øyeblikket på plattformen,This session is currently lifting on platform,Ez a csoport jelenleg emel a versenydobogon,Acest sesiune ridică în prezent pe platformă,Ta grupa jest obecnie na pomoście,Խմբի մրցումները սկսվեցին,מקצה זה מתנהל כעת על במה,هذه الجلسة ترفع حاليا على المنصة,Αυτή η συνεδρία βρίσκεται επί του παρόντος στην πλατφόρμα,このセッションは現在、プラットフォーム上で競技中です,480
Copyright2009,This software is Copyright © 2009-,,,Este software tiene derechos de autor © 2009-,,Este software tiene derechos de autor © 2009-,This software is Copyright © 2009-,Este software tiene derechos de autor © 2009-,Ce logiciel est sous droit d'auteur - Copyright © 2009-,,,Este software é protegido por Copyright © 2009-,Это программное обеспечение является авторским правом © 2009-,Diese Software ist Copyright 2009-,Denna programvara är upphovsrättsskyddad ¬© 2009-,This software is Copyright © 2009-,This software is Copyright © 2009-,Denne programvaren er Copyright © 2009-,This software is Copyright © 2009-,Ez a szoftver Copyright © 2009-,Acest software este Copyright © 2009-,To oprogramowanie jest objęte prawami autorskimi © 2009-,Այս ծրագիրը հանդիսանում է Հեղինակային իրավունք © 2009-,תוכנה זו מוגנת בזכויות יוצרים © 2009-,هذا البرنامج محمي بحقوق الطبع والنشر © 2009-,Αυτό το λογισμικό είναι πνευματικά δικαιώματα © 2009-,本ソフトウェアの著作権は © 2009- に帰属します,481
LicenseUsed,This software is made available under the <a href='https://opensource.org/licenses/NPOSL-3.0'>Non-Profit Open Software License 3.0</a>.,,,Este software está disponible bajo la <a href='https://opensource.org/licenses/NPOSL-3.0'> Licencia de software abierta sin fines de lucro 3.0 </a>.,,Este software está disponible bajo la <a href='https://opensource.org/licenses/NPOSL-3.0'> Licencia de software abierta sin fines de lucro 3.0 </a>.,Este software está disponible bajo la <a href='https://opensource.org/licenses/NPOSL-3.0'> Licencia de software abierta sin fines de lucro 3.0 </a>.,Este software está disponible bajo la <a href='https://opensource.org/licenses/NPOSL-3.0'> Licencia de software abierta sin fines de lucro 3.0 </a>.,Ce logiciel est disponible selon les termes de la licence <a href='https://opensource.org/licenses/NPOSL-3.0'>Non-Profit Open Software License 3.0</a>.,,,Este software é disponibilizado sob a <a href='https://opensource.org/licenses/NPOSL-3.0'> Non-Profit Open Software License 3.0</a>.,Это программное обеспечение доступно под лицензией <a href='https://opensource.org/licenses/NPOSL-3.0'>Non-Profit Open Software License 3.0</a>.,Diese Software wird bereitgestellt unter der <a href='https://opensource.org/licenses/NPOSL-3.0'>Gemeinnützigen offenen Softwarelizenz 3.0</a>.,This software is made available under the <a href='https://opensource.org/licenses/NPOSL-3.0'>Non-Profit Open Software License 3.0</a>.,This software is made available under the <a href='https://opensource.org/licenses/NPOSL-3.0'>Non-Profit Open Software License 3.0</a>.,Tämä ohjelman lisenssitiedot löytyy osoitteesta <a href='https://opensource.org/licenses/NPOSL-3.0'>Non-Profit Open Software License 3.0</a>.,Denne programvaren er gjort tilgjengelig under <a href='https://opensource.org/licenses/NPOSL-3.0'>Non-Profit Open Software License 3.0</a>.,This software is made available under the <a href='https://opensource.org/licenses/NPOSL-3.0'>Non-Profit Open Software License 3.0</a>.,Ez a szoftver elérhető ezen a címen <a href='https://opensource.org/license/NPOSL-3.0'>Non-Profit Open Software License 3.0</a>.,Acest program este disponibil aici <a href='https://opensource.org/licenses/NPOSL-3.0'>Non-Profit Open Software License 3.0</a>.,To oprogramowanie jest udostępniane na podstawie <a href='https://opensource.org/licenses/NPOSL-3.0'>Licencji Open Software 3.0</a> dla organizacji non-profit.,Այս ծրագիրը հասանելի է լիցենզիայի տակ <a href='https://opensource.org/licenses/NPOSL-3.0'>Non-Profit Open Software License 3.0</a>.,תוכנה זו זמינה תחת <a href='https://opensource.org/licenses/NPOSL-3.0'>רישיון תוכנה פתוחה ללא מטרות רווח 3.0</a>.,هذا البرنامج متاح تحت <a href='https://opensource.org/licenses/NPOSL-3.0'>رخصة البرمجيات المفتوحة غير الربحية 3.0</a>.,Αυτό το λογισμικό διατίθεται με την <a href='https://opensource.org/licenses/NPOSL-3.0'>Μη κερδοσκοπική άδεια ανοιχτού λογισμικού 3.0</a>.,本ソフトウェアは <a href='https://opensource.org/licenses/NPOSL-3.0'>Non-Profit Open Software License 3.0</a>の下で提供されています,482
TCRRCompliance,This software is meant to comply with the IWF Technical Competition Rules and Regulations (TCRR) and with the Masters Weightlifting rules,,,Este software esta destinado a cumplir con las reglas y regulaciones tecnicas de la IWF y (TCRR) y con reglas Masters,,Este software está destinado a cumplir con las reglas y regulaciones técnicas de la IWF y (TCRR) y con las reglas Masters Weightlifting,Este software está destinado a cumplir con las reglas y regulaciones técnicas de la IWF y (TCRR) y con las reglas Masters Weightlifting,Este software esta destinado a cumplir con las reglas y regulaciones tecnicas de la IWF y (TCRR) y con reglas Masters,"Ce logiciel respecte les règles techniques de compétition IWF (TCRR) en vigueur à sa publication, ainsi que les règles de la fédération Masters Weightlifting.",,,Este software destina-se a cumprir as Regras e Regulamentos de Competição Técnica da IWF (TCRR) e as regras Masters de Halterofilismo,Это программное обеспечение предназначено для соблюдения технических правил и правил соревнований IWF (TCRR) и правил тяжелой атлетики для ветеранов,Diese Software soll den Technischen Wettbewerbsregeln und -bestimmungen (TCRR) der IWF und den Masters Weightlifting-Regeln entsprechen,This software is meant to comply with the IWF Technical Competition Rules and Regulations (TCRR) and with the Masters Weightlifting rules,This software is meant to comply with the IWF Technical Competition Rules and Regulations (TCRR) and with the Masters Weightlifting rules,Tämä ohjelmisto on tarkoitettu IWF:n teknisten kilpailusääntöjen ja määräysten mukaiseksi IWF Technical Competition Rules and Regulations (TCRR) and with the Masters Weightlifting rules,Denne programvaren er ment å være i samsvar med IWFs tekniske konkurranseregler og forskrifter (TCRR) og Masters vektløftingsregler,This software is meant to comply with the IWF Technical Competition Rules and Regulations (TCRR) and with the Masters Weightlifting rules,Ennek a szoftvernek meg kell felelnie az IWF Technical Competition Rules and Regulations (TCRR) és a Masters Súlyemelés szabályainak.,Acest software este menit să respecte Regulile și regulamentele tehnice ale competiției IWF (TCRR) și regulile Masters de haltere.,To oprogramowanie ma być zgodne z Regulaminem zawodów technicznych IWF (TCRR) oraz przepisami Masters w podnoszeniu ciężarów,"Այս ծրագրային ապահովման նախատեսված է տեխնիկական կանոնների հետևման համար և մրցումների կանոնների, որը սահմանել է IWF-ն (TCRR) և վետերանների ծանրամարտի մրցումների անցկացման համար",תוכנה זו נועדה לציית לתקנון הטכני של תחרויות IWF (TCRR) ולחוקי הרמת המשקולות למאסטרס.,هذا البرنامج مصمم للامتثال لقواعد ولوائح المنافسة التقنية لـ IWF (TCRR) وقواعد رفع الأثقال للماسترز,Αυτό το λογισμικό προορίζεται να συμμορφώνεται με τους Κανονισμούς και Κανονισμούς Τεχνικού Αγώνα της IWF (TCRR) και με τους κανόνες Masters Weightlifting,本ソフトウェアは、IWF競技規則（TCRR）およびマスターズウエイトリフティング規則に準拠することを目的としています,483
Warning_ClearAthleteLifts,This will clear all lifting data for the athletes currently displayed except for initial declarations.<br>Are you sure?,,,Esto borrará los datos de levantamiento de los atletas que se muestran actualmente excepto las declaraciones iniciales.<br>¿Está seguro?,,Esto borrará los datos de levantamiento de los atletas que se muestran actualmente excepto las declaraciones iniciales.<br>¿Está seguro?,Esto borrará los datos de levantamiento de los atletas que se muestran actualmente excepto las declaraciones iniciales.<br>Estas seguro?,Esto borrará los datos de levantamiento de los atletas que se muestran actualmente excepto las declaraciones iniciales.<br>¿Está seguro?,Ceci va vider les essais pour les athlètes actuellement affichés<br>Êtes-vous certain?,,,"Isso limpará todos os dados de levantamento dos atletas atualmente exibidos, exceto as declarações iniciais.<br> Você tem certeza?","Это очистит все данные о попытках для спортсменов, которые в настоящее время отображаются, за исключением заявленных весов. <br>Вы уверены?",Dadurch werden alle Heberdaten für die aktuell angezeigten Athleten mit Ausnahme der Erstdeklarationen gelöscht.<br>Bist du sicher?,Detta kommer att rensa all lyftdata för lyftarna som visas förutom ingångsvikterna. <br> Är du säker?,Dette vil slette alle løft for de viste atleter bortset fra deres startvægte.<br>Er du sikker?,Tämä tyhjentää kaikki tällä hetkellä näytettyjen nostajien nostotiedot alkuilmoituksia lukuun ottamatta.<br>Oletko aivan varma?,Dette vil slette alle data om utførte løft for utøverne som vises for øyeblikket bortsett fra startvektene.<br>Er du sikker?,This will clear all lifting data for the athletes currently displayed except for initial declarations.<br>Are you sure?,"Ezzel törli a sportolók jelenleg megjelenített összes emelési adatát, kivéve a bemondott kezdősúlyokat .<br>Biztos benne?","Acesta va șterge toate datele de ridicare pentru sportivii afișați în prezent, cu excepția declarațiilor inițiale.<br>Sunteți sigur?","Spowoduje to usunięcie wszystkich danych dotyczących aktualnie wyświetlanych podejść zawodników, z wyjątkiem początkowych deklaracji.<br>Jesteś pewien?","Սա կջնջի մարզիկների փորձի բոլոր տվյալները, որոնք ներկայումս ցուցադրվում են ՝ չհաշված հայտարարագրված քաշը: <br> Վստա՞հ եք",זה ינקה את כל נתוני ההרמה עבור הספורטאים המוצגים כעת מלבד הצהרות ראשוניות.<br>האם אתה בטוח?,سيؤدي هذا إلى محو جميع بيانات الرفع للرياضيين المعروضين حالياً باستثناء الإعلانات الأولية.<br>هل أنت متأكد؟,Αυτό θα διαγράψει όλα τα δεδομένα ανύψωσης για τους αθλητές που εμφανίζονται αυτήν τη στιγμή εκτός από τις αρχικές δηλώσεις.<br>Είστε σίγουροι;,現在表示されている選手の試技データを、初回申告を除いてすべて消去します<br>よろしいですか？,484
Warning_DeleteAthletes,This will delete the athletes currently displayed from the database.<br>Are you sure?,,,Esto borrará los datos de levantamiento de los atletas que se muestran actualmente excepto las declaraciones iniciales.<br>¿Está seguro?,,Esto eliminará los atletas que se muestran actualmente de la base de datos.<br>¿Está Seguro?,Esto eliminara los atletas que se muestran actualmente de la base de datos.<br>Estós Seguro?,Esto borrará los datos de levantamiento de los atletas que se muestran actualmente excepto las declaraciones iniciales.<br>¿Está seguro?,Ceci va effacer les athlètes actuellement affichés<br>Êtes-vous certain?,,,Isso excluirá os atletas atualmente exibidos do banco de dados.<br> Você tem certeza?,"Это приведет к удалению спортсменов, отображаемых в настоящее время из базы данных <br>Вы уверены?",Dadurch werden die aktuell angezeigten Athleten aus der Datenbank gelöscht.<br>Bist du sicher?,Detta kommer att radera alla lyftare som visas från databasen. <br> Är du säker?,Dette vil slette de viste atleter fra databasen.<br>Er du sikker?,Tämä poistaa tällä hetkellä näytetyt nostajat tietokannasta.<br>Oletko aivan varma?,Dette vil slette utøverne som vises for øyeblikket fra databasen.<br>Er du sikker?,This will delete the athletes currently displayed from the database.<br>Are you sure?,Ezzel törli a jelenleg megjelenített sportolókat az adatbázisból.<br>Biztos benne?,Acesta va șterge sportivii afișați în prezent din baza de date.<br>Sunteți sigur?,Spowoduje to usunięcie aktualnie wyświetlanych sportowców z bazy danych.<br>Czy jesteś pewien?,"Սա կբերի մարզիկների ջնջմանը, որոնք ցուցադրված են պաշարների շտեմարանում: <br>Դուք վստա՞հ եք",זה ימחק את הספורטאים המוצגים כעת ממסד הנתונים.<br>האם אתה בטוח?,سيؤدي هذا إلى حذف الرياضيين المعروضين حالياً من قاعدة البيانات.<br>هل أنت متأكد؟,Αυτό θα διαγράψει τους αθλητές που εμφανίζονται αυτήν τη στιγμή από τη βάση δεδομένων.<br>Είστε σίγουροι;,現在表示されている選手をデータベースから削除します<br>よろしいですか？,485
PublicMsg.TimeBeforeSnatch,Time before first lift,,,Tiempo Antes del Primer Levantamiento,,Tiempo Antes del Primer Levantamiento,Tiempo Antes del Primer Levantamiento,Tiempo Antes del Primer Levantamiento,Décompte avant le premier lever,,,Tempo Antes do Primeiro Levantador,Начало упражнения рывок через:,Zeit bis zur ersten Hebung,Tid tills första lyft,Tid inden første løft,Aika ennen ensimmäistä nostoa,Tid før første løft,Time before first lift,Az első emelés előtti idő,Timp înainte de prima ridicare,Czas do pierwszego podejścia,Պոկումի սկսում:,זמן לפני ההרמה הראשונה,الوقت قبل الرفع الأول,Χρόνος πριν την πρώτη ανύψωση,第1試技までの時間,486
PublicMsg.BeforeIntroduction,Time before introduction,,,Tiempo antes de la Introducción,,Tiempo antes de la Introducción,Tiempo antes de la Introducción,Tiempo antes de la Introducción,Décompte avant la présentation,,,Contagem Regressiva Para a Apresentação,Представление спортсменов через:,Zeit bis zur Vorstellung,Tid tills defilering,Tid inden præsentation,Aika ennen esittelyä,Tid før defilering,Time before introduction,Bemutatkozás előtti idő,Timp înainte de introducere,Czas przed prezentacja,Մարզիկների ներկայացումը:,זמן לפני הצגה,الوقت قبل التقديم,Χρόνος πριν την εισαγωγή,選手紹介までの時間,487
PublicMsg.TimeBeforeCJ,Time before next lift,,,Tiempo Antes del Próximo Levantamiento,,Tiempo Antes del Próximo Levantamiento,Tiempo Antes del Próximo Levantamiento,Tiempo Antes del Próximo Levantamiento,Décompte avant le prochain lever,,,Tempo Antes do Proximo Levantador,Начало упражнения толчок через:,Zeit bis zur nächsten Hebung,Tid tills nästa lyft,Tid inden næste løft,Aika ennen ensimmäistä nostoa,Tid før neste løft,Time before next lift,A következő emelés előtti idő,Timp înainte de următoarea ridicare,Czas do następnego podejścia,Հրումի սկսում:,זמן לפני ההרמה הבאה,الوقت قبل الرفع التالي,Χρόνος πριν την επόμενη ανύψωση,次の試技までの時間,488
Timekeeper,Timekeeper,,,Cronometrista,,Cronometrador,Cronometrador,Cronometrista,Chronométreur,,,Cronômetro,Судья-хронометрист,Zeitnehmer,Tidtagare,Tidtager,Kellonkäyttäjä,Tidtaker,Timekeeper,Időmérő felügyelő,Personal cronometraj,Timekeeper,Ժամապահ,שומר זמן,مراقب الوقت,Χρονομέτρης,タイムキーパー,489
TimingStatistics,Timing Statistics,,,Estadísticas de Tiempo,,Estadísticas de Tiempo,Estadísticas de Tiempo,Estadísticas de Tiempo,Statistiques de durée,,,Estatísticas de Tempo,Статистика,Zeitstatistik,Tidsstatistik,Timing Statistik,Aikatilastot,Tidsstatistikk,Timing Statistics,Időzítési statisztika,Statistici de cronometrare,Statystyki czasowe,Ժամային արձանագր․,סטטיסטיקות תזמון,إحصائيات التوقيت,Στατιστικά χρονισμού,タイミング統計,490
Scoreboard.TopSinclair,Top Sinclair,,,Top Sinclair,,Top Sinclair,Top Sinclair,Top Sinclair,Meilleurs Sinclair,,,Top Sinclair,Результаты (Синклер),Top Sinclair,Bästa Sinclair,Top Sinclair,Sinclair Top 5,Beste Sinclair,Besta Sinclair,Top Sinclair,Top Sinclair,Najlepszy Sinclair,Թոփ Սինկլեր,מובילי סינקלייר,أفضل سينكلير,Κορυφαίος Σινκλέρ,トップシンクレア,491
Results.TopSinclair,Top Sinclair,,,Top Sinclair,,Top Sinclair,Top Sinclair,Top Sinclair,Meilleurs Sinclair,,,Top Sinclair,Результаты (Синклер),Top Sinclair,Bästa Sinclair,Top Sinclair,Paras Sinclair,Beste Sinclair,Top Sinclair,Top Sinclair,Top Sinclair,Najlepszy Sinclair,Սինկլեր արդյունք,מובילי סינקלייר,أفضل سينكلير,Κορυφαίος Σινκλέρ,トップシンクレア,492
Results.TopSinclairMen,Top Sinclair - Men,,,Mejor Sinclair; Masculino,,Mejor Sinclair; Masculino,Mejor Sinclair; Masculino,Mejor Sinclair; Masculino,Meilleurs Sinclair - Hommes,,,Melhor Sinclair; Masculino,Синклер - Мужчины,Top Sinclair - männlich,Bästa Sinclair - Herrar,Top Sinclair - Mænd,Paras Sinclair - Miehet,Beste Sinclair - Menn,Top Sinclair - Men,Top Sinclair - Férfi,Top Sinclair - Bărbați,Najlepszy Sinclair - Kobiet,Սինկլեր-տղաներ,מובילי סינקלייר - גברים,أفضل سينكلير - رجال,Top Sinclair - Άνδρες,トップシンクレア - 男子,493
Results.TopSinclairWomen,Top Sinclair - Women,,,Mejor Sinclair; Femenino,,Mejor Sinclair; Femenino,Mejor Sinclair; Femenino,Mejor Sinclair; Femenino,Meilleurs Sinclair - Femme,,,Melhor Sinclair; Feminino,Синклер - Женщины,Top Sinclair - weiblich,BästaSinclair - Damer,Top Sinclair - Kvinder,Paras sinclair - Naiset,Beste Sinclair - Kvinner,Top Sinclair - Women,Top Sinclair - Nők,Top Sinclair - Femei,Najlepszy Sinclair - Mężczyzn,Սինկլեր-աղջիկներ,מובילי סינקלייר - נשים,أفضل سينكلير - نساء,Top Sinclair - Γυναίκες,トップシンクレア - 女子,494
Scoreboard.TopSinclairMen,Top Sinclair &ndash; Men,,,Mejor Sinclair; Masculino,,Mejor Sinclair; Masculino,Mejor Sinclair; Masculino,Mejor Sinclair; Masculino,Meilleurs Sinclair &ndash; Hommes,,,Melhor Sinclair; Masculino,Синклер &ndash; Мужчины,Top Sinclair &ndash; männlich,Bästa Sinclair &ndash; Herrar,Top Sinclair &ndash; Mænd,Paras Sinclair &ndash; Miehet,Beste Sinclair &ndash; Menn,Besta Sinclair &ndash; Menn,Top Sinclair &ndash; Férfi,Top Sinclair &ndash; Bărbați,Najlepszy Sinclair &ndash; Mężczyźni,Թոփ Սինկլեր &ndash; Տղաներ,מובילי סינקלייר &ndash; גברים,أفضل سينكلير - رجال,Κορυφαία Sinclair &ndash; Ανδρες,トップシンクレア &ndash; 男子,495
Scoreboard.TopSinclairWomen,Top Sinclair &ndash; Women,,,Mejor Sinclair; Femenino,,Mejor Sinclair; Femenino,Mejor Sinclair; Femenino,Mejor Sinclair; Femenino,Meilleurs Sinclair &ndash; Femme,,,Melhor Sinclair; Feminino,Синклер &ndash; Женщины,Top Sinclair &ndash; weiblich,BästaSinclair &ndash; Damer,Top Sinclair &ndash; Kvinder,Paras Sinclair &ndash; Naiset,Beste Sinclair &ndash; Kvinner,Besta Sinclair &ndash; Kvinnur,Top Sinclair &ndash; Nők,Top Sinclair &ndash; Femei,Najlepszy Sinclair &ndash; Kobiety,Թոփ Սինկլեր &ndash; Աղջիկներ,מובילי סינקלייר &ndash; נשים,أفضل سينكلير - نساء,Κορυφαία Sinclair &ndash; Γυναίκες,トップシンクレア &ndash; 女子,496
Scoreboard.TopTeamsSinclair,Top Team Sinclair,,,El mejor equipo Sinclair,,El mejor equipo Sinclair,El mejor equipo Sinclair,El mejor equipo Sinclair,Meilleurs Sinclair par équipe,,,Melhor Sinclair Por Equipe,Команда (1-5 мест) / Синклер,Top Mannschaft Sinclair,Bästa lag Sinclair,Top Hold Sinclair,Seurakilpailupisteet- Sinclair,Beste lag Sinclair,Top Team Sinclair,Top Sinclair csapat,Echipa de top punctaj Sinclair,Najlepszy zespół Sinclair,Թիմային(1-5 տեղերը) Սինկլեր,מובילי סינקלייר קבוצתי,أفضل فريق سينكلير,Κορυφαία ομάδα Sinclair,トップチーム・シンクレア,497
Results.TopTeamsSinclair,Top Team Sinclair,,,El mejor equipo Sinclair,,El mejor equipo Sinclair,El mejor equipo Sinclair,El mejor equipo Sinclair,Meilleurs Sinclair par équipe,,,Melhor Sinclair Por Equipe,Команда (1-5 мест) / Синклер,Top Mannschaft Sinclair,Bästa lag Sinclair,Top Hold Sinclair,Seurakilpailupisteet- Sinclair,Beste lag Sinclair,Top Team Sinclair,Top Sinclair csapat,Echipa de top punctaj Sinclair,Najlepszy zespół Sinclair,Թիմային(1-5 տեղերը) Սինկլեր,מובילי סינקלייר קבוצתי,أفضل فريق سينكلير,Κορυφαία ομάδα Sinclair,トップチーム・シンクレア,498
Results.TopTeamsSinclairMen,Top Team Sinclair - Men,,,"Varones, Mejor Equipo Sinclair",,"Hombres, Mejor Equipo Sinclair","Hombres, Mejor Equipo Sinclair","Varones, Mejor Equipo Sinclair",Meilleurs Sinclair par équipe - Hommes,,,Masculino - Melhor Sinclair por equipe,Командное первенство (1-5 мест) / Синклер - Мужчины,Top Mannschaft Sinclair - männlich,Bästa lag Sinclair - Herrar,Top Hold Sinclair - Mænd,Paras Seura Sinclair - Miehet,Beste lag Sinclair - Menn,Top Team Sinclair - Men,Top Sinclair csapat - Férfi,Echipa de top Sinclair - Bărbați,Najlepszy zespół Sinclair – mężczyźni,Թիմային(1-5 տեղերը) Սինկլեր-տղաներ,מובילי סינקלייר קבוצתי - גברים,أفضل فريق سينكلير - رجال,Top Team Sinclair - Άνδρες,トップチーム・シンクレア - 男子,499
Results.TopTeamsSinclairWomen,Top Team Sinclair - Women,,,"Damas, Mejor Equipo Sinclair",,"Mujeres, Mejor Equipo Sinclair","Mujeres, Mejor Equipo Sinclair","Damas, Mejor Equipo Sinclair",Meilleurs Sinclair par équipe - Femmes,,,Feminino - Melhor Sinclair por equipe,Командное первенство (1-5 мест) / Синклер - Женщины,Top Mannschaft Sinclair - weiblich,Bästa lag Sinclair - Damer,Top Hold Sinclair - Kvinder,Paras Seura Sinclair - Naiset,Beste lag Sinclair - kvinner,Top Hold Sinclair &ndash;,Top Sinclair csapat - Nők,Echipa de top Sinclair - Femei,Najlepszy zespół Sinclair – kobiety,Թիմային(1-5 տեղերը) Սինկլեր-աղջիկներ,מובילי סינקלייר קבוצתי - נשים,أفضل فريق سينكلير - نساء,Κορυφαία Ομάδα Sinclair - Γυναίκες,トップチーム・シンクレア - 女子,500
Scoreboard.TopTeamsSinclairMen,Top Team Sinclair &ndash; Men,,,"Varones, Mejor Equipo Sinclair",,"Hombres, Mejor Equipo Sinclair","Hombres, Mejor Equipo Sinclair","Varones, Mejor Equipo Sinclair",Meilleurs Sinclair par équipe &ndash; Hommes,,,Masculino - Melhor Sinclair por equipe,Командное первенство (1-5 мест) / Синклер &ndash; Мужчины,Top Mannschaft Sinclair &ndash; männlich,Bästa lag Sinclair &ndash; Herrar,Top Hold Sinclair &ndash; Mænd,Paras Seura Sinclair &ndash; Miehet,Beste lag Sinclair &ndash; Menn,Top Hold Sinclair &ndash;,A Sinclair legjobb csapata &ndash; Férfiak,Echipa de top Sinclair &ndash; Bărbați,Najlepszy zespół Sinclair &ndash; Mężczyźni,Թիմային առաջատար(1-5 տեղեր) Սինկլեր &ndash; Տղաներ ,מובילי סינקלייר קבוצתי &ndash; גברים,أفضل فريق سينكلير - رجال,Κορυφαία ομάδα Sinclair &ndash; Ανδρες,トップチーム・シンクレア &ndash; 男子,501
Scoreboard.TopTeamsSinclairWomen,Top Team Sinclair &ndash; Women,,,"Damas, Mejor Equipo Sinclair",,"Mujeres, Mejor Equipo Sinclair","Mujeres, Mejor Equipo Sinclair","Damas, Mejor Equipo Sinclair",Meilleurs Sinclair par équipe &ndash; Femmes,,,Feminino - Melhor Sinclair por equipe,Командное первенство (1-5 мест) / Синклер &ndash; Женщины,Top Mannschaft Sinclair &ndash; weiblich,Bästa lag Sinclair &ndash; Damer,Top Hold Sinclair &ndash; Kvinder,Paras Seura Sinclair &ndash; Naiset,Beste lag Sinclair &ndash; Kvinner,Top Team Sinclair &ndash; Women,A Sinclair legjobb csapata &ndash; Nők,Echipa de top Sinclair &ndash; Femei,Najlepszy zespół Sinclair &ndash; Kobiety,Թիմային առաջատար(1-5 տեղեր) Սինկլեր &ndash; Աղջիկներ,מובילי סינקלייר קבוצתי &ndash; נשים,أفضل فريق سينكلير - نساء,Κορυφαία ομάδα Sinclair &ndash; Γυναίκες,トップチーム・シンクレア &ndash; 女子,502
Scoreboard.TopTeams,Top Teams,,,Los mejores Equipos,,Los mejores Equipos,Los mejores Equipos,Los mejores Equipos,Meilleures équipes,,,Melhor Equipe,Командный рейтинг (1-5 мест),Top Mannschaften,Bästa lag,Bedste hold,Seurapisteet,Beste lag,Top Teams,Legjobb csapatok,Echipe de top,Najlepsze zespoły,Թիմային վարկանիշ(1-5 տեղերը),קבוצות מובילות,أفضل الفرق,Κορυφαίες Ομάδες,トップチーム,503
Results.TopTeams,Top Teams,,,Los mejores Equipos,,Los mejores Equipos,Los mejores Equipos,Los mejores Equipos,Meilleures équipes,,,Melhor Equipe,Командный рейтинг (1-5 мест),Top Mannschaften,Bästa lag,Bedste hold,Parhaat Seurat,Beste lag,Top Teams,Legjobb csapatok,Echipe de top,Najlepsze zespoły,Թիմային վարկանիշ(1-5 տեղերը),קבוצות מובילות,أفضل الفرق,Κορυφαίες Ομάδες,トップチーム,504
Scoreboard.TopTeamsMen,Top Teams - Men,,,Los mejores Equipos - Varones,,Los mejores Equipos - Hombres,Los mejores Equipos - Hombres,Los mejores Equipos - Varones,Meilleures équipes - Hommes,,,Melhores Equipes - Masculino,Командный рейтинг — Мужчины,Top Mannschaften - männlich,Bästa lag - Herrar,Bedste hold - Mænd,Parhaat seurat - Miehet,Beste lag - Menn,Top Teams - Menn,Legjobb csapatok - Férfi,Echipe de top - Bărbați,Najlepsze drużyny – mężczyźni,Թիմային վարկանիշ-տղաներ,קבוצות מובילות - גברים,أفضل الفرق - رجال,Κορυφαίες Ομάδες - Άνδρες,トップチーム - 男子,505
Results.TopTeamsMen,Top Teams - Men,,,Los mejores Equipos - Varones,,Los mejores Equipos - Hombres,Los mejores Equipos - Hombres,Los mejores Equipos - Varones,Meilleures équipes - Hommes,,,Melhor Equipe - Masculino,Командный рейтинг — Мужчины,Top Mannschaften - männlich,Bästa lag - Herrar,Bedste hold - Mænd,Parhaat seurat - Miehet,Beste lag - Menn,Top Teams - Men,Legjobb csapatok - Férfi,Echipe de top - Bărbați,Najlepsze drużyny – mężczyźni,Թիմային վարկանիշ-տղաներ,קבוצות מובילות - גברים,أفضل الفرق - رجال,Κορυφαίες Ομάδες - Άνδρες,トップチーム - 男子,506
Scoreboard.TopTeamsWomen,Top Teams - Women,,,Los mejores Equipos - Damas,,Los mejores Equipos - Mujeres,Los mejores Equipos - Mujeres,Los mejores Equipos - Damas,Meilleures équipes - Femmes,,,Melhores Equipes -  Feminina,Командный рейтинг — Женщины,Top Mannschaften – weiblich,Bästa lag - Damer,Bedste hold - Kvinder,Parhaat seurat - Naiset,Beste lag - kvinner,Top Teams - Kvinnur,Legjobb csapatok - Nők,Echipe de top -Femei,Najlepsze drużyny – kobiety,Թիմային վարկանիշ-աղջիկներ,קבוצות מובילות - נשים,أفضل الفرق - نساء,Κορυφαίες Ομάδες - Γυναίκες,トップチーム - 女子,507
Results.TopTeamsWomen,Top Teams - Women,,,Los mejores Equipos - Damas,,Los mejores Equipos - Mujeres,Los mejores Equipos - Mujeres,Los mejores Equipos - Damas,Meilleures équipes - Femmes,,,Melhor Equipe -  Feminina,Командный рейтинг — Женщины,Top Mannschaften – weiblich,Bästa lag - Damer,Bedste hold - Kvinder,Parhaat seurat - Naiset,Beste lag - kvinner,Top Teams - Women,Legjobb csapatok - Nők,Echipe de top - Femei,Najlepsze drużyny – kobiety,Թիմային վարկանիշ-աղջիկներ,קבוצות מובילות - נשים,أفضل الفرق - نساء,Κορυφαίες Ομάδες - Γυναίκες,トップチーム - 女子,508
Card.total,Total,,,Total,,Total,Total,Total,Total,,,Total,Сумма,ZK,Total,Tokamp,Yhteensä,Sammenlagt,Total,Összetett,Total,Dwubój,Երկամարտ,קרב שניים,الإجمالي,Σύνολο,トータル,509
Scoreboard.Total,Total,,,Total,,Total,Total,Total,Total,,,Total,Сумма,ZK,Total,Tok.,Yht,Saml.,Tvíd.,Össz.,Total,Dwubój,Երկ,קרב שניים,الإجمالي,Σύνολο,トータル,510
Total,Total,,,Total,,Total,Total,Total,Total,,,Total,Сумма,ZK,Total,Tokamp,Yhteensä,Sammenlagt,Total,Összetett,Total,Dwubój,Երկամարտ,קרב שניים,الإجمالي,Σύνολο,トータル,511
Results.Total,Total,,,Total,,Total,Total,Total,Total,,,Total,Сумма,ZK,Total,Tok.,Yht,Total,Total,Összetett,Total,Dwubój,Երկ.,קרב שניים,الإجمالي,Σύνολο,トータル,512
TotalRank,Total Rank,,,Ubicaciones en Total,,Total Ranking,Total Ranking,Ubicaciones en Total,Rang Total,,,Classificação Total,Место (C),ZK Platzierung,Placering Total,Placering Tokamp,Sijoitus,Sammenlagt pl.,Total Rank,Összetett Rangsor,Clasament total,Total Rank,Տեղը(երկ),דירוג קרב שניים,ترتيب إجمالي,Συνολική κατάταξη,トータル順位,513
Translation,Translation,,,Traducción,,Traducción,Traducción,Traducción,Traduction,,,Tradução,Перевод,Übersetzung,Översättning,Oversættelse,Käännös,Oversettelse,Translation,Fordítás,Traducere,Tłumaczenie,Թարգմանություն,תרגום,ترجمة,Μετάφραση,翻訳,514
Unexpected_Logging,Unexpected event: {} in state {},,,Evento inesperado: {} en estado {},,Evento inesperado: {} en estado {},Evento inesperado: {} en estado {},Evento inesperado: {} en estado {},Événement inattendu: {} dans l'état {},,,Evento inesperado: {} no estado {},Неожиданное событие: {} в состоянии {},Unerwartetes Ereignis: {} im Zustand {},Unexpected event: {} in state {},Unexpected event: {} in state {},Odottamaton tapahtuma: {} in state {},Uventet hendelse: {} i tilstanden {},Unexpected event: {} in state {},Váratlan esemény: {} állapotban {},Eveniment neașteptat: {} în stare {},Nieoczekiwane wydarzenie: {} w stanie {},Անսպասելի իրադարձություն: {} վիճակ {},אירוע בלתי צפוי: {} במצב {},حدث غير متوقع: {} في الحالة {},Απροσδόκητο συμβάν: {} σε κατάσταση {},予期しないイベント: 状態 {} で {} が発生しました,515
Unexpected_Notification,Unexpected event: {0} in state {1},,,Evento inesperado: {0} en estado {1},,Evento inesperado: {0} en estado {1},Evento inesperado: {0} en estado {1},Evento inesperado: {0} en estado {1},Événement inattendu: {0} dans l''état {1},,,Evento inesperado: {0} no estado {1},Неожиданное событие: {0} в состоянии {1},Unerwartetes Ereignis: {} im Zustand {1},Unexpected event: {0} in state {1},Unexpected event: {0} in state {1},Odottamaton tapahtuma: {0} tilassa {1},Uventet hendelse: {0} i tilstanden {1},Unexpected event: {0} in state {1},Váratlan esemény: {0} állapotban {1},Eveniment neașteptat: {0} în stare {1},Nieoczekiwane zdarzenie: {0} w stanie {1},Անսպասելի իրադարձություն: {0} վիճակ {1},אירוע בלתי צפוי: {0} במצב {1},حدث غير متوقع: {0} في الحالة {1},Απροσδόκητο συμβάν: {0} στην κατάσταση {1},予期しないイベント: 状態 {1} で {0} が発生しました,516
Update,Update,,,Actualizar,,Actualizar,Actualizar,Actualizar,Modifier,,,Atualizar,Обновить,Update,Uppdatera,Opdatér,Päivitä,Oppdater,Update,Frissítés,Actualizați,Aktualizacja,Թարմացնել,עדכן,تحديث,Εκσυγχρονίζω,更新,517
Update_title,Update {0},,,Actualizar {0},,Actualizar {0},Actualizar {0},Actualizar {0},Modifier {0},,,Atualização {0},Редактировать,Update {0},Uppdatera {0},Opdatér {0},Päivitä {0},Oppdater {0},Update {0},Frissítés {0},Actualizați {0},Zaktualizuj {0},Թարմացնել {0},עדכן {0},تحديث {0},Ενημέρωση {0},{0} を更新,518
EVENT_DecisionUpdate,update a referee decision,,,Actualizar una decisión del árbitro,,Actualizar una decisión del Juez,Actualizar una decisión del árbitro,Actualizar una decisión del árbitro,mettre à jour une décision,,,Atualizar uma Decisão do Árbitro,обновить решение судей на помосте,Aktualisiere eine Kampfrichter Entscheidung,uppdatera en domares beslut,opdater en dommer afgørelse,päivitä tuomarin päätös,oppdatere en dommeravgjørelse,update a referee decision,frissítse a bírói döntést,actualizați o decizie a arbitrului,zaktualizować decyzję sędziego,Թարմացնել մրցավար որոշումը,עדכן החלטת שופט,تحديث قرار الحكم,ενημέρωση απόφασης του διαιτητή,審判の判定を更新,519
EVENT_DecisionFullUpdate,update referee decisions,,,Actualizar las decisiones del árbitro,,Actualizar las decisiones del Juez,Actualizar las decisiones del árbitro,Actualizar las decisiones del árbitro,mettre à jour les décisions,,,Atualizar as Decisões dos Árbitros,обновить решение судей на помосте,Aktualisiere Kampfrichter Entscheidung,uppdatera en domares beslut,opdater dommer afgørelse,päivitä tuomarin päätökset,oppdatere dommeravgjørelser,update referee decisions,frissítse a bírói döntést,actualizați deciziile arbitrului,zaktualizować decyzje sędziów,Թարմացնել մրցավար որոշումը,עדכן החלטות שופטים,تحديث قرارات الحكم,ενημέρωση των αποφάσεων των διαιτητών,審判の判定を更新,520
UploadRegistrations,Upload Completed Registration Spreadsheet,,,Cargar la hoja de Cálculo completa,,Cargar la hoja de cálculo completa,Carga la hoja de Calculo completa,Cargar la hoja de Cálculo completa,Charger un fichier d'inscription,,,Carregar Arquivo de Registro,Загрузить файл регистрации,Lade die fertige Registrierungstabelle hoch,Ladda upp en ifylld registreringsfil,Upload udfyldt Registrerings-Excelfil,Lataa valmis kilpailupöytäkirja,Last opp utfylt regneark for registrering,Upload Completed Registration Spreadsheet,Töltse fel a befejezett regisztrációs táblázatot,Încărcațitabelul de înregistrare finalizată,Prześlij wypełniony arkusz rejestracyjny,Բեռնել գրանցման ֆայլը,העלה גיליון רישום מלא,تحميل جدول التسجيل المكتمل,Ανεβάστε το ολοκληρωμένο αρχείου εγγραφής αθλητών,登録済みのスプレッドシートをアップロード,521
UploadRegistrationFile,Upload Registration File,,,Cargar Archivo de Registro,,Subir Archivo de Registro,Subir Archivo de Registro,Cargar Archivo de Registro,Charger le fichier d'inscription,,,Carregar Arquivo de Registro,Загрузить файл регистрации,Upload Anmelde Datei,Ladda upp registreringsfil,Upload Registreringsfil,Lataa ilmoittautuneet-tiedosto,Last opp registreringsfil,Upload Registration File,Regisztrációs fájl feltöltése,Încărcați fișierul de înregistrare,Prześlij plik rejestracyjny,Բեռնել գրանցման ֆայլը,העלה קובץ רישום,تحميل ملف التسجيل,Ανεβάστε το αρχείο εγγραφής,登録用ファイルをアップロード,522
Competition.useBirthYear,Use Birth Year Only,,,Usar solo año de Nacimiento,,Usar solo año de Nacimiento,Usar solo año de Nacimiento,Usar solo año de Nacimiento,Utiliser l'année de naissance seulement,,,Usar Apenas o Ano do Nascimento,Использовать только год рождения,Nur Geburtsjahr benutzen,Använd endast födelseår,Anvend kun fødselsår,Käytä vain syntymävuotta,Bruk kun fødselsår,Use Birth Year Only,Csak születési év használata,Folosiți numai anul nașterii,Używaj tylko roku urodzenia,Օգտագործել միայն ծննդյան տարեթիվը,השתמש בשנת לידה בלבד,استخدم سنة الميلاد فقط,Χρησιμοποιήστε μόνο το έτος γέννησης,生年のみを使用,523
UseBrowserSound,Use Browser Sound,,,Usar el sonido del Navegador,,Usar el sonido del Navegador,Usar el sonido del Navegador,Usar el sonido del Navegador,Utiliser le son des navigateurs,,,Use Som do Navegador,Использовать звук браузера,Benutze Browser Sound,Använd webläsarens ljud,Anvend browser lyd,Käytä selaimen ääntä,Bruk nettleserlyd,Use Browser Sound,Használja a Böngésző hangját,Utilizați sunetul browserului,Użyj dźwięku przeglądarki,Օգտագործել բրաուզերի ձայնը,השתמש בצליל דפדפן,استخدم صوت المتصفح,Χρησιμοποιήστε τον ήχο του προγράμματος περιήγησης,ブラウザの音声を使用,524
Button_Open_Display,Use one of the buttons below to open a display.,,,Use uno de los botones a continuación para abrir una pantalla.,,Use uno de los botones a continuación para abrir una pantalla.,Use uno de los botones a continuación para abrir una pantalla.,Use uno de los botones a continuación para abrir una pantalla.,Utilisez un bouton ci-dessous pour démarrer un affichage,,,Use um dos botões abaixo para abrir um display.,Используйте одну из кнопок расположенных ниже для открытия экрана,Benutze einen der unteren Schalter um eine Anzeige zu öffnen,Använd en av knapparna nedan för att öppna en display,Brug en af knapperne nedenfor for at åbne et display.,Avaa näyttö käyttämällä jotakin alla olevista painikkeista.,Bruk en av knappene nedenfor for å åpne en skjerm.,Use one of the buttons below to open a display.,A képernyő megnyitásához használja az alábbi gombok egyikét.,Utilizați unul dintre butoanele de mai jos pentru a deschide un afișaj.,"Aby otworzyć wyświetlacz, użyj jednego z poniższych przycisków.",Օգտագործեք ստորեւ բերված կոճակներից մեկը  էկրանը բացելու համար:,השתמש באחד הכפתורים למטה כדי לפתוח תצוגה.,استخدم أحد الأزرار أدناه لفتح عرض.,Χρησιμοποιήστε ένα από τα παρακάτω κουμπιά για να ανοίξετε μια οθόνη.,下のいずれかのボタンを使って表示画面を開いてください,525
Dropdown_Select_Platform,Use the dropdown to select the platform where the display is located.,,,Use el menú desplegable para seleccionar la plataforma donde se encuentra la pantalla.,,Usa el menú desplegable para seleccionar la tarima donde se encuentra la pantalla.,Usa el menú desplegable para seleccionar la tarima donde se encuentra la pantalla.,Use el menú desplegable para seleccionar la plataforma donde se encuentra la pantalla.,Utilisez le menu déroulant pour choisir le plateau de compétition où se trouve l'affichage,,,Use a lista suspensa para selecionar a plataforma onde o monitor está localizado.,Используйте выпадающее меню для выбора помоста на котором находится экран.,"Verwende das Dropdown-Menü, um die Bohle auszuwählen, an der sich die Anzeige befindet.",Använd rullgardinsmenyn för att välja plattformen där skärmen finns.,Brug dropdown for at vælge den platform som displayet er tilknyttet.,"Valitse avattavasta valikosta alusta, jolla näyttö sijaitsee.",Bruk rullegardinmenyen for å velge plattformen der skjermen er plassert.,Use the dropdown to select the platform where the display is located.,"A legördülő menü segítségével válassza ki azt a platformot, ahol a kijelző található.",Utilizați meniul derulant pentru a selecta platforma pe care se află afișajul.,"Użyj menu rozwijanego, aby wybrać pomost, na której znajduje się wyświetlacz.","Օգտագործեք բացվող ցանկը՝ ընտրելու հարթակը, որի վրա գտնվում է էկրանը",השתמש בתפריט הנפתח כדי לבחור את הבמה בה ממוקמת התצוגה.,استخدم القائمة المنسدلة لاختيار المنصة التي يوجد بها العرض.,Χρησιμοποιήστε το αναπτυσσόμενο μενού για να επιλέξετε την πλατφόρμα όπου βρίσκεται η οθόνη.,ドロップダウンから表示先のプラットフォームを選択してください,526
LeftMenuNavigate,Use the menu at the left to navigate to the various screens:<ul>,,,Use el menú de la izquierda para navegar en las diferentes pantallas:<ul>,,Use el menú de la izquierda para navegar a las diferentes pantallas:<ul>,Use el menú de la izquierda para navegar a las diferentes pantallas:<ul>,Use el menú de la izquierda para navegar en las diferentes pantallas:<ul>,Utilisez le menu à gauche pour naviguer,,,Use o menu à esquerda para navegar para as várias telas: <ul>,Используйте меню слева для навигации:<ul>,Benutze das Menü auf der linken Seite für die verschiedenen Anzeigen:<ul>,Använd menyn till vänster för att navigera till de olika skärmarna:<ul>,Brug menuen til venstre for at navigere til de forskellige skærme:<ul>,Käytä vasemmalla olevaa valikkoa navigoidaksesi eri näytöille:<ul>,Bruk menyen til venstre for å navigere til de ulike skjermene:<ul>,Use the menu at the left to navigate to the various screens:<ul>,A bal oldali menü segítségével navigálhat a különböző képernyőkre:<ul>,Utilizați meniul din stânga pentru a naviga la diferitele ecrane:<ul>,"Użyj menu po lewej stronie, aby przejść do różnych ekranów:<ul>",Օգտագործեք ձախ կողմի մենյուն ուղորդման համար: <ul>,השתמש בתפריט משמאל כדי לנווט למסכים השונים:<ul>,استخدم القائمة الموجودة على اليسار للتنقل بين الشاشات المختلفة:,Χρησιμοποιήστε το μενού στα αριστερά για να πλοηγηθείτε στις διάφορες οθόνες:<ul>,左側のメニューから各画面に移動できます:<ul>,527
BetweenValues,Value must be between {0} and {1} inclusively.,,,El valor debe estar entre {0} y {1} inclusive.,,El valor debe estar entre {0} y {1} inclusivo.,El valor debe estar entre {0} y {1} inclusivo.,El valor debe estar entre {0} y {1} inclusive.,La valeur doit être comprise entre {0} et {1} inclusivement.,,,O valor deve ser entre {0} e {1} inclusive.,Значение должно быть между {0} и {1} включительно.,Der Wert muss zwischen {0} und {1} liegen,Värdet måste vara mellan {0} och {1} inklusive.,Værdien skal være mellem {0} og {1} inklusiv.,Arvon on oltava {0} ja {1} välillä.,Verdien må være mellom {0} og {1} inkludert.,Value must be between {0} and {1} inclusively.,Az értéknek {0} és {1} között kell lennie.,Valoarea trebuie să fie între {0} și {1} inclusiv.,Wartość musi mieścić się w przedziale od {0} do {1} włącznie.,Արժեքը պետք է լինի {0}-ից եւ {1} ը ներառյալ:,ערך חייב להיות בין {0} ל-{1} כולל.,يجب أن تكون القيمة بين {0} و {1} شاملاً.,Η τιμή πρέπει να είναι μεταξύ {0} και {1} συμπεριλαμβανομένου.,値は {0} 以上 {1} 以下でなければなりません,528
CountdownType.INDEFINITE,Wait,,,Esperar,,Esperar,Esperar,Esperar,Attente,,,Esperar,Не определен,Warte,Vänta,Vent,Odota,Vent,Wait,Várjon,Aștepta,Czekać,Որոշված չէ,המתן,انتظر,Περιμένετε,お待ちください,529
Scoreboard.WaitingNextGroup,Waiting for next session.,,,Esperando la próxima tanda.,,Esperando la próxima tanda.,Esperando el próximo grupo.,Esperando la próxima tanda.,En attente du prochain plateau.,En attente de la prochaine session.,,Esperando Pelo Próximo Grupo.,Ждём следующий поток.,Warte auf die nächste Gruppe,Väntar på nästa grupp.,Venter på næste session.,Odotetaan seuraavaa ryhmää.,Venter på neste pulje.,Bíða eftir næsta bólki,Várjuk a következő versenyt.,Aștept urmatoarea sesiune.,Czekam na następną grupę.,Սպասում ենք հաջորդ խմբին,מחכה למקצה הבא.,في انتظار الجلسة التالية.,Αναμονή για την επόμενη συνεδρία.,次のセッションを待機中です,530
Results.WaitingNextGroup,Waiting for next session.,,,Esperando la próxima tanda.,,Esperando la próxima tanda.,Esperando el próximo grupo.,Esperando la próxima tanda.,En attente du prochain plateau.,En attente de la prochaine session.,,Esperando Pelo Próximo Grupo.,Ждём следующий поток.,Warte auf die nächste Gruppe,Väntar på nästa grupp.,Venter på næste session.,Odotetaan seuraavaa ryhmää.,Venter på neste pulje.,Waiting for next session.,Várjuk a következő versenyt.,Aștept urmatoarea sesiune.,Czekam na następną grupę.,Սպասում ենք հաջորդ խմբին,מחכה למקצה הבא.,في انتظار الجلسة التالية.,Αναμονή για την επόμενη συνεδρία.,次のセッションを待機中です,531
WaitingForSite,Waiting for updates from the competition site.,,,Esperando actualizaciones del sitio de la competencia.,,Esperando actualizaciones del sitio de la competición,Esperando actualizaciones del sitio de la competencia.,Esperando actualizaciones del sitio de la competencia.,En attente des informations du site de compétition.,,,Aguardando Atualizações do Sistema de Competição.,Ожидание обновления с сайта соревнований,Warte auf updates von der Wettkampfseite.,Väntar på uppdateringar från tävlingsplatsen.,Afventer opdatering fra konkurrence site,Odotetaan päivityksiä kilpailusta.,Venter på oppdateringer fra konkurransesiden.,Waiting for updates from the competition site.,Várom a frissítéseket a verseny oldaláról.,Așteptarea actualizărilor de pe site-ul competiției.,Czekam na aktualizacje ze strony zawodów.,Սպասում ենք թարմացման մրցումների էջից,מחכה לעדכונים מאתר התחרות.,في انتظار التحديثات من موقع المنافسة.,Αναμονή για ενημερώσεις από τον ιστότοπο του διαγωνισμού.,大会会場からの更新を待機中です,532
Upload.WarningWillReplaceAll,"Warning: Athletes, Sessions and Platforms will be erased and reloaded according to the information in this spreadsheet.",,,"Advertencia: Levantadores, Tandas y Plataformas serán borrados y vueltos a cargar de acuerdo a la información de la hoja de cálculo",,"Advertencia: Levantadores, Tandas y Plataformas serán borrados y vueltos a cargar de acuerdo a la información de la hoja de cálculo","Advertencia: Levantadores, Grupos y Plataformas serán borrados y vueltos a cargar de acuerdo a la información de la hoja de cálculo","Advertencia: Levantadores, Tandas y Plataformas serán borrados y vueltos a cargar de acuerdo a la información de la hoja de cálculo",Attention: les athlètes de la base de données seront remplacés. Les plateaux doivent être définis sur l'onglet suivant.,Attention: les athlètes de la base de données seront remplacés. Les sessions doivent être définies sur l'onglet suivant.,,"Atenção: Atletas, Grupos e Plataformas serão apagados e recarregados de acordo com as informações da planilha.","ВНИМАНИЕ: Спортсмены, потоки и др информация будет удалена и перезаписана с загружаемого файла регистрации","Warnung: Athleten, Gruppen und Bohlen werden gemäß den Informationen in der Tabelle gelöscht und neu geladen.","Varning! Lyftare, grupper och plattformar kommer att raderas och ersättas av data från excel-arket.","Advarsel: Atleter, Sessioner og Platforme vil blive slettet og erstattet med data fra Excel-arket.","Varoitus: Nostajat, istunnot ja alustat poistetaan ja ladataan uudelleen tämän laskentataulukon tietojen mukaisesti.","Advarsel: utøvere, puljer og plattformer vil bli slettet og lastet inn på nytt i henhold til informasjonen i dette regnearket.","Warning: Athletes, Sessions and Platforms will be erased and reloaded according to the information in this spreadsheet.","Figyelmeztetés: A sportolók, csoportok és a platformok törlődnek és újra töltésre kerülnek a táblázatban szereplő információk szerint.","Avertisment: sportivii, sesiunile și platformele vor fi șterse și reîncărcate conform informațiilor din această foaie de calcul.","Ostrzeżenie: sportowcy, grupy i pomosty zostaną usunięte i ponownie załadowane zgodnie z informacjami zawartymi w tym arkuszu kalkulacyjnym.","Զգուշացում. Մարզիկները, խմբերը և հարթակները կջնջվեն և վերաբեռնված կլինեն ՝ համաձայն աղյուսակի տեղեկատվության:","אזהרה: ספורטאים, מקצים ובמות יימחקו וייטענו מחדש בהתאם למידע בגיליון זה.",تحذير: سيتم مسح الرياضيين والجلسات والمنصات وإعادة تحميلها وفقًا للمعلومات الموجودة في جدول البيانات هذا.,"Προειδοποίηση: Οι αθλητές, οι συνεδρίες και οι πλατφόρμες θα διαγραφούν και θα φορτωθούν ξανά σύμφωνα με τις πληροφορίες σε αυτό το υπολογιστικό φύλλο.",警告：選手、セッション、プラットフォームのデータはこのスプレッドシートの情報に基づいて削除され、再読み込みされます,533
Registration.groupsOverwrite,Warning: the sessions and platforms listed on this sheet will replace the data currently in the database.,,,Advertencia: las tandas y plataformas enumerados en esta hoja reemplazarán los datos que se encuentran actualmente en la base de datos.,,"Advertencia: Levantadores, Tandas y Plataformas serán borrados y vueltos a cargar de acuerdo a la información de la hoja de cálculo",Advertencia: los grupos y plataformas enumerados en esta hoja reemplazarán los datos que se encuentran actualmente en la base de datos.,Advertencia: las tandas y plataformas enumerados en esta hoja reemplazarán los datos que se encuentran actualmente en la base de datos.,Attention: les données des plateaux et plateformes seront remplacées par les informations de cet onglet.,Attention: les données des plateaux et sessions seront remplacées par les informations de cet onglet.,,Aviso: os grupos e plataformas listados nesta planilha irão substituir os dados atualmente no banco de dados.,"Предупреждение: потоки и помосты, перечисленные на этом листе, заменят данные, находящиеся в настоящее время в базе данных",Warnung: Die auf diesem Blatt aufgeführten Gruppen und Bohlen ersetzen die derzeit in der Datenbank enthaltenen Daten.,Varning! Grupper och plattformar i detta ark kommer bli ersatta av data från databasen.,Advarsel: sessioner og platforme defineret i dette ark vil erstatte nuværende data i databasen.,Varoitus: tällä välilehdellä luetellut istunnot ja alustat korvaavat tietokannassa tällä hetkellä olevat tiedot.,Advarsel: puljene og plattformene som er oppført på dette arket vil erstatte dataene i databasen.,Warning: the sessions and platforms listed on this sheet will replace the data currently in the database.,Figyelmeztetés: az ezen a lapon felsorolt versenyek és platformok felváltják az adatbázisban jelenleg található adatokat.,Atenție: sesiunile și platformele enumerate pe această fișă vor înlocui datele aflate în prezent în baza de date.,Ostrzeżenie: grupy i pomosty wymienione w tym arkuszu zastąpią dane znajdujące się obecnie w bazie danych.,Ուշադրություն. Այս թերթում թվարկված խմբերը և պլատֆորմները կփոխարինեն ներկայումս տվյալների շտեմարանում գտնվող տվյալներին:,אזהרה: המקצים והבמות המפורטים בגיליון זה יחליפו את הנתונים הקיימים כעת במסד הנתונים.,تحذير: ستستبدل الجلسات والمنصات المدرجة في هذه الورقة البيانات الموجودة حاليًا في قاعدة البيانات.,Προειδοποίηση: οι περίοδοι σύνδεσης και οι πλατφόρμες που αναφέρονται σε αυτό το φύλλο θα αντικαταστήσουν τα δεδομένα που βρίσκονται αυτήν τη στιγμή στη βάση δεδομένων.,警告：このシートに記載されているセッションとプラットフォームの情報が、現在のデータベース内の情報を置き換えます,534
WeighIn,Weigh-In,,,Pesaje,,Pesaje,Pesaje,Pesaje,Pesée,,,Pesagem,Взвешивание,Wiegen,Invägning,Indvejning,Punnitus,Innveiing,Weigh-In,Mérlegelés,Cântărește,Waga,Կշռում,שקילה,الوزن,Ζύγιση,体重測定,535
WeighInTime_StartList,Weigh-in Time,,,Hora de pesaje,,Hora de pesaje,Hora de pesaje,Hora de pesaje,Heure de pesée,,,Início da Pesagem,Время взвешивания,Wiege Zeit,Invägningstid,Indvejningstidspunkt,Punnitus aika,Innveiingstidspunkt,Weigh-in Time,Mérlegelési idő,Timp de cântărire,Czas Wagi,Կշռում,זמן שקילה,وقت الوزن,Ώρα ζύγισης,体重測定時間,536
WeighInTime,Weigh-in Time,,,Hora de pesaje,,Hora de pesaje,Hora de pesaje,Hora de pesaje,Heure de pesée,,,Início da Pesagem,Время взвешивания,Wiege Zeit,Invägningstid,Indvejningstidspunkt,Punnitus aika,Innveiingstidspunkt,Weigh-in Time,Mérlegelési idő,Timp de cântărire,Czas Wagi,Կշռում,זמן שקילה,وقت الوزن,Ώρα ζύγισης,体重測定時間,537
Weighed,Weighed,,,Pesado,,Pesado,Pesado,Pesado,Pesés,,,Pesou,Прошел взвешивание,Gewogen,Invägd,Indvejet,Punnitut,Innveid,Weighed,Mérlegelve,Cântărit,Zwazony,Անցել է կշռումը,נשקל,موزون,Ζυγισμένα,体重測定済み,538
Weighed_in_p,Weighed-In?,,,Pesado?,,Pesado en?,Pesado en?,Pesado?,Pesés ?,,,Pesado?,Взвешивание,Wiegen?,Vägt in?,Indvejet?,Punnitut?,Innveid?,Weighed-In?,Mérlegelve?,Cântărit?,Ważone?,Կշռում,נשקל?,موزون؟,Ζυγισμένα;,体重測定済み?,539
Weight_change_current_athlete,Weight change for current athlete<br>{0},,,Cambio de Peso para el Atleta Actual<br>{0},,Cambio de Peso para el Atleta Actual<br>{0},Cambio de Peso para el Atleta Actual<br>{0},Cambio de Peso para el Atleta Actual<br>{0},Changement pour l''athlète courant<br>{0},,,Alteração de peso para o atleta atual<br>{0},Перезаявка для {0},Steigerung für den aktuellen Athleten<br>{0},Vikt ändring för nuvarande lyftare<br>{0},Vægtændring for nuværende atlet<br>{0},Muutos nykyiselle nostajalle<br>{0},Vektendring for nåværende utøver<br>{0},Weight change for current athlete<br>{0},Súly változtatása a jelenleg sportoló <br>{0},Modificarea greutății pentru sportivul actual<br>{0},Zmiana wagi obecnego sportowca<br>{0},Քաշի փոփոխություն {0}ի համար,שינוי משקל עבור הספורטאי הנוכחי<br>{0},تغيير الوزن للرياضي الحالي<br>{0},Αλλαγή βάρους για τον τρέχοντα αθλητή<br>{0},現在の選手の重量変更<br>{0},540
WeightLifted,Weight Lifted,,,Peso Levantado,,Peso Levantado,Peso Levantado,Peso Levantado,Poids soulevé,,,Peso Levantado,Засчитанный вес,Gewicht gehoben,Vikt lyft,Vægt løftet,Painoja nostettu,Vekt løftet,Weight Lifted,Emelt súly,Greutate ridicată,Podniesiony ciężar,Հաշվված քաշ,משקל שהורם,الوزن المرفوع,Ανύψωση Βαρών,挙上重量,541
Weight_under_350,Weight should be between 0 and 350kg,,,El peso debe estar entre 0 y 350kg,,El peso entre 0 y 350kg,El peso entre 0 y 350kg,El peso debe estar entre 0 y 350kg,Le poids doit être compris entre 0 et 350kg,,,O peso deve ser entre 0 e 350 kg,Вес должен быть между 0 и 350 кг,Gewicht sollte zwischen 0 und 350kg liegen,Vikten bör vara mellan 0 och 350 kg,Vægt skal være mellem 0 og 350 kg,Paino tulee olla 0 ja 350kg välillä,Vekten skal være mellom 0 og 350 kg,Weight should be between 0 and 350kg,A súlynak 0 és 350 kg között kell lennie,Greutatea trebuie să fie între 0 și 350 kg,Waga powinna mieścić się w przedziale od 0 do 350 kg,Քաշը պետք է լինի 0-ից 350կգ,"משקל צריך להיות בין 0 ל-350 ק""ג",يجب أن يكون الوزن بين 0 و 350 كجم,Το βάρος πρέπει να είναι μεταξύ 0 και 350 κιλά,重量は0kg以上350kg以下でなければなりません,542
dark,White on black,,,Blanco y Negro,,Blanco y Negro,Blanco y Negro,Blanco y Negro,Blanc sur noir,,,Fundo Preto,Результаты на чёрном фоне,Weiss auf Schwarz,Vitt på svart,Hvid på Sort,Valkoinen mustalla pohjalla,Hvitt på svart,White on black,Fehér feketén,Alb negru,Białe na czarnym,Արդյունքները՝ սև ֆոնի վրա,לבן על שחור,أبيض على أسود,Λευκό σε μαύρο,黒地に白文字,543
Withdrawal,Withdrawal,,,Retirar,,Retirar,Retirar,Retirar,Retrait,,,Retirada,Отказ от всех попыток,Rückzug,Utträde,Afstå (withdrawal),Vetäytyminen,Trekke seg,Withdrawal,Visszavonás,Retragere,Wycofanie,Հրաժարվել շարունակելուց,פרישה,انسحاب,Απόσυρση,棄権,544
Gender.Women,Women,,,Damas,,Femenino,Femenino,Damas,Femmes,,,Feminino,Женщины,weiblich,Damer,Kvinder,Naiset,Kvinner,Women,Nők,Femei,Kobieta,Աղջիկներ,נשים,النساء,Γυναίκες,女子,545
CompetitionBook.WCT,Women - Combined Score,,,Damas - Puntuación Combinada,,Femenino - Puntuación Combinada,Femenino - Puntuación Combinada,Damas - Puntuación Combinada,Femmes - Pointage Combiné,,,Feminino - Pontuação Combinada,Женщины - комбинированные очки,weiblich – berechnete Ergebnisse,Damer kombinerad poäng,Kvinder - Kombineret Score,Naiset - Yhdistetyt tulokset,Kvinner - Sammenlagt poengsum,Women - Combined Score,Nők - Összesített pontszám,Femei - scor combinat,Women - Combined Score,Աղջիկներ - համակցված միավորներ,נשים - ניקוד משולב,النساء - النقاط المجمعة,Γυναίκες - Μικτό Βαθμολογία,女子 - 総合得点,546
CompetitionBook.WT,Women - Total Score,,,Damas - Puntuación Total,,Femenino - Puntuación Total,Femenino - Puntuación Total,Damas - Puntuación Total,Femmes - Pointage Total,,,Feminino - Pontuação Total,Женщины - итоговые очки,weiblich - Gesamtergebnis,Damer total poäng,Kvinder - Total Score,Naiset - Yhteistulos,Kvinner - Totalscore,Women - Total Score,Nők – összpontszám,Femei - Scor total,Women - Total Score,Աղջիկներ - վերջնական միավոր,ניקוד קרב שניים - נשים,النساء - إجمالي النقاط,Γυναίκες - Συνολική Βαθμολογία,女子 - トータル重量,547
Results.WomenPerTeam,Women per Team,,,Damas por Equipos,,Mujeres por Equipo,Mujeres por Equipo,Damas por Equipos,Femmes par équipe,,,Feminino por Equipe,Women per Team,weiblich pro Team,Antal damer per lag.,Kvinder pr Hold,Naiset seuroittain,Kvinner per lag,Women per Team,Nők csapatonként,Femei pe echipă,Women per Team,Աղջիկներ՝ մեկ թիմի համար,נשים לצוות,النساء في الفريق,Γυναίκες ανά ομάδα,チームあたりの女子選手数,548
Competition.womensTeamSize,"Women's ""Top Results"" Team Size",,,"Damas ""Mejores n resultados"" Tamaño del Equipo",,"Mujeres ""Mejores n resultados"" Tamaño del Equipo","Mujeres ""Mejores n resultados"" Tamaño del Equipo","Damas ""Mejores n resultados"" Tamaño del Equipo",Utiliser n meilleurs résultats (femmes),,,"""Melhores Resultados"" Femininos - Tamanho da Equipe",Женщины/Лучший результат/Размер команды,"weiblich ""Top Ergebnisse"" Mannschaftsgröße","Damernas ""Bästa resultat"" Lagresultat","""Top Resulter"" Kvinder Holdstørrelse","Naisten ""Parhaat tulokset"" Seuran Koko","Kvinner ""Topp resultater"" lagstørrelse","Women's ""Top Results"" Team Size","Női ""Legjobb eredmények"" csapatméret",Mărimea echipei „Rezultate de top” feminin,"Women's ""Top Results"" Team Size",Աղջիկների «Լավագույն արդյունքները» կազմի չափում,גודל קבוצת נשים לחישוב ניקוד,"حجم فريق النساء ""أفضل النتائج""","Μέγεθος ομάδας γυναικών ""με τα καλύτερα αποτελέσματα""",女子「上位成績」チームの人数,549
CompetitionBook.W6,Women's Results,,,Ubicación Damas,,Clasificación Femenina,Clasificación Femenina,Ubicación Damas,Femmes 6 essais,,,Resultado Feminino,"Результаты, женщины",Ergebnisse weiblich,Damer resultat,Resultater Kvinder,Naisten tulokset,Resultater for kvinner,Women's Results,Női eredmények,Rezultatele femeilor,Women's Results,Աղջիկների Արդյունքներ,תוצאות נשים,نتائج النساء,Αποτελέσματα γυναικών,女子結果,550
CompetitionBook.WG,Women's GAMX,,,GAMX Damas,,GAMX Femenino,GAMX Femenino,GAMX Damas,Femmes GAMX,,,GAMX Feminino,"Роби, женщины",weiblich GAMX,Damer GAMX,GAMX Kvinder,Naisten GAMX,GAMX for kvinner,Women's GAMX,Női GAMX,GAMX pentru femei,Women's GAMX,"Ռոբի, Աղջիկներ",GAMX נשים,GAMX النساء,Γυναικείο GAMX,女子 GAMX ポイント,551
CompetitionBook.WR,Women's Robi,,,Robi Damas,,Robi Femenino,Robi Femenino,Robi Damas,Femmes Robi,,,Robi Feminino,"Роби, женщины",weiblich robi,Damer Robi,Robi Kvinder,Naisten Robi,Robi for kvinner,Women's Robi,Női Robi,Robi pentru femei,Women's Robi,"Ռոբի, Աղջիկներ",רובי נשים,روبي النساء,Γυναικεία Ρόμπι,女子 Robiポイント,552
CompetitionBook.WS,Women's Sinclair,,,Sinclaire Damas,,Sinclair Femenino,Sinclair Femenino,Sinclaire Damas,Femmes Sinclair,,,Sinclair Feminino,"Синклер, женщины",weiblich Sinclair,Sinclair Damer,Sinclair Kvinder,Naisten Sinclair,Sinclair for kvinner,Women's Sinclair,Női Sinclair,Sinclair pentru femei,Women's Sinclair,"Սինկլեր, Աղջիկներ",סינקלייר נשים,سينكلير النساء,Γυναικείο Sinclair,女子 シンクレアポイント,553
CompetitionBook.WSMF,Women's SMHF,,,SMHF Damas,,SMHF Femenino,SMHF Femenino,SMHF Damas,Femmes SMHF,,,SMHF Feminino,Синклер-Женщины,weiblich SMHF,SMHF  Damer,SMHF Kvinder,Naisten SMHF,Kvinners SMHF,Women's SMHF,Női SMHF,SMHF pentru femei,Women's SMHF,Սինկլեր աղջիկներ,SMF נשים,SMHF النساء,Γυναικείο SMHF,女子 SMHF ポイント,554
WorldRecord,World Record,,,Record Mundial,,Récord Mundial,Record Mundial,Record Mundial,Record du monde,,,Recorde Mundial,Мировой рекорд,Weltrekord,Världsrekord,Verdensrekord,Maailman Ennätys,Verdensrekord,World Record,Világcsúcs,Record mondial,World Record,Աշխարհի ռեկորդ,שיא עולם,رقم قياسي عالمي,Παγκόσμιο ρεκόρ,世界記録,555
YearOfBirth,Year of Birth,,,Año de Nacimiento,,Año de Nacimiento,Año de Nacimiento,Año de Nacimiento,Année de naissance,,,Ano de Nascimento,Год рождения,Geburtsjahr,Födelseår,Fødselsår,Syntymävuosi,Fødselsår,Year of Birth,Születési év,Anul nașterii,Year of Birth,Ծննդյան տարեթիվ,שנת לידה,سنة الميلاد,Έτος Γέννησης,生年,556
AgeGroup.YTH,YTH,,,PRE,,YTH,YTH,PRE,JEU.,,,YTH,YTH,JGD,UNG,UNG,17v.,UNG,YTH,IFI,YTH,YTH,ՊԱՏ․,YTH,فئة الشباب,ΥΘ,YTH,557
Scoreboard.Yth,Yth,,,Pre,,Yth,Yth,Pre,Yth,,,Yth,Yth,Jgd,Ung,Ung,17v.,Ung,Ung,Ifi,Yth,Yth,Պատ.,קדטים,فئة الشباب,Yth,Yth,558
Results.Yth,Yth,,,Pre,,Yth,Yth,Pre,Yth,,,Yth,Yth,Jgd,Ung,Ung,17v.,Ung,Yth,Ifi,Yth,Yth,Պատ.,קדטים,فئة الشباب,Yth,Yth,559
ClickOrTapToEnableSound,Tap here to enable sound,,,Toca aquí para activar el sonido.,,Toca aquí para activar el sonido.,Toca aquí para activar el sonido.,Toca aquí para activar el sonido.,Toucher ici pour activer le son,,,Clique aqui para habilitar o som,"Нажмите здесь, чтобы включить звук","Tippe hier, um den Sound zu aktivieren",Tryck här för att aktivera ljud,Tryk her for at aktivere lyden,Ota ääni käyttöön napauttamalla tätä,Trykk her for å aktivere lyd,Tap here to enable sound,Kattintson ide a hang engedélyezéséhez,Atingeți aici pentru a activa sunetul,Tap here to enable sound,Սեղմեք այստեղ ՝ ձայնն ակտիվացնելու համար,הקש כאן כדי להפעיל קול,اضغط هنا لتفعيل الصوت,Πατήστε εδώ για να ενεργοποιήσετε τον ήχο,ここをタップして音声を有効にする,560
AllowResultsEditing,Edit Lift Results,,,Editar los resultados de los levantamientos,,Editar los resultados de los levantamientos,Editar los resultados de los levantamientos,Editar los resultados de los levantamientos,Editer les résultats des levers,,,Editar Resultados,Редактировать результаты подъёма,Bearbeite Hebungen,Ändra resultat,Ret Resultater,Muokkaa nostojen tuloksia,Rediger løftresultater,Edit Lift Results,Emelési eredmények szerkesztése,Editați rezultatele ridicării,Edit Lift Results,Խմբագրել բարձրացման արդյունքները,ערוך תוצאות הרמה,السماح بتحرير النتائج,Επεξεργασία αποτελεσμάτων ανύψωσης,試技結果を編集,561
RuleViolation.valueBelowStartedClock,Value {0} too low. Clock was started with {1} kg on the bar.,,,Valor {0} demasiado bajo. El reloj comenzó con {1} kg en la barra.,,Valor {0} demasiado bajo. El reloj comenzó con {1} kg en la barra.,Valor {0} demasiado bajo. El reloj comenzó con {1} kg en la barra.,Valor {0} demasiado bajo. El reloj comenzó con {1} kg en la barra.,La demande pour {0} kg est trop basse. Le chronomètre a déjà été démarré avec {1} kg.,,,Valor {0} muito baixo. O relógio foi iniciado com {1} kg na barra.,Значение {0} слишком низкое. Часы были запущены с {1} кг на штанге,Wert {0} zu niedrig. Die Uhr wurde mit {1} kg auf der Hantel gestartet.,Värdet {0} är för lågt  Klockan startades med {1} kg kg på skivstången.,Værdien {0} er for lav. Uret er startet med {1} kg på stangen.,Arvo {0} liian pieni. Kello käynnisettiin {1} kg tangossa.,Verdien {0} for lav. Klokken ble startet med {1} kg på stangen.,Value {0} too low. Clock was started with {1} kg on the bar.,A(z) {0} érték túl alacsony. Az órát {1} kg-mal indították a rúdon.,Valoarea {0} prea mică. Ceasul a pornit cu {1} kg pe bară.,Value {0} too low. Clock was started with {1} kg on the bar.,{0} արժեքը չափազանց ցածր է: Ժամացույցը սկսվեց {1} կգ ծանրաձողով:,"ערך {0} נמוך מדי. השעון הופעל עם {1} ק""ג על המוט.",القيمة {0} منخفضة جدًا. تم بدء الساعة بـ {1} كجم على البار.,Η τιμή {0} είναι πολύ χαμηλή. Το ρολόι ξεκίνησε με {1} kg στη ράβδο.,値 {0} が低すぎます。バーに {1} kg の状態でタイマーが開始されました,562
Config.TZTitle,Time Zone,,,Zona Horaria,,Zona Horaria,Zona Horaria,Zona Horaria,Fuseau horaire,,,Fuso Horário,Часовой пояс,Zeitzone,Tidszon,Tidszone,Aika vyöhyke,Tidssone,Time Zone,Időzóna,Fus orar,Time Zone,Ժամային գոտի,אזור זמן,المنطقة الزمنية,Ζώνη ώρας,タイムゾーン,563
Config.TZ_FromServer,The default system time zone is currently {0},,,La zona horaria por defecto es actualmente {0},,La zona horaria por defecto es actualmente {0},La zona horaria por defecto es actualmente {0},La zona horaria por defecto es actualmente {0},Le fuseau horaire du système est actuellement {0},,,O fuso horário padrão do sistema é atualmente {0},Системный часовой пояс по умолчанию в настоящее время {0},Die Standardsystemzeitzone ist derzeit {0}.,The default system time zone is currently {0},The default system time zone is currently {0},Järjestelmän oletusaikavyöhyke on tällä hetkellä {0},Standard tidssone for systemet er for øyeblikket {0},The default system time zone is currently {0},Az alapértelmezett rendszeridőzóna jelenleg {0},Fusul orar implicit al sistemului este în prezent {0},The default system time zone is currently {0},Լռելյայն համակարգի ժամային գոտին ներկայումս {0} է,אזור הזמן המוגדר כברירת מחדל של המערכת הוא כעת {0},المنطقة الزمنية الافتراضية حاليًا هي {0},Η προεπιλεγμένη ζώνη ώρας του συστήματος είναι αυτήν τη στιγμή {0},現在のシステムのデフォルトタイムゾーンは {0} です,564
Config.TZ_FromBrowser,<b>In-person meet</b>: You are currently in time zone {0}. Use the button to select that time zone.,,,<b>Competencia en persona</b>: Está actualmente en la zona horaria {0}. Usa el botón para seleccionar esa zona horaria.,,<b>In-person meet</b>: Está actualmente en la zona horaria {0}. Usa el botón para seleccionar esa zona horaria.,<b>In-person meet</b>: Está actualmente en la zona horaria {0}. Usa el botón para seleccionar esa zona horaria.,<b>Competencia en persona</b>: Está actualmente en la zona horaria {0}. Usa el botón para seleccionar esa zona horaria.,<b>Compétition en personne</b> Vous êtes actuellement dans le fuseau {0}. Cliquez sur le bouton pour choisir ce fuseau.,,,<b> Encontro pessoal </b>: você está no fuso horário {0}. Use o botão para selecionar esse fuso horário.,"<b>Личная встреча</b>: В данный момент вы находитесь в часовом поясе {0}. Используйте кнопку, чтобы выбрать этот часовой пояс.","<b>Persönliches Treffen</ b>: Du befindest dich derzeit in der Zeitzone {0}. Verwende die Schaltfläche, um diese Zeitzone auszuwählen.",<b>Fysisk tävling</b>: Du befinner dig i tidszon {0}. Använd knappen för att välja tidszon.,<b>Fysisk konkurrence</b>: Du befinder dig i tidszone {0}. Brug knappen for at vælge tidszone.,<b>Fyysinen kilpailu</b>: Olet nykyään aikavyöhykkeellä {0}. Käytä painiketta valiteksesi aikavyöhykkeen.,<b>Personlig møte</b>: Du er for øyeblikket i tidssonen {0}. Bruk knappen for å velge den tidssonen.,<b>In-person meet</b>: You are currently in time zone {0}. Use the button to select that time zone.,<b>Személyes találkozó</b>: Ön jelenleg a(z) {0} időzónában tartózkodik. A gombbal válassza ki az időzónát.,<b>Întâlnire personală</b>: în prezent vă aflați în fusul orar {0}. Folosiți butonul pentru a selecta fusul orar respectiv.,<b>In-person meet</b>: You are currently in time zone {0}. Use the button to select that time zone.,<b> Անհատական մրցույթ </ b>։ Դուք ներկայումս գտնվում եք {0} ժամային գոտում: Օգտագործեք կոճակը ՝ այդ ժամային գոտին ընտրելու համար:,<b>מפגש פרונטלי</b>: אתה כעת באזור זמן {0}. השתמש בכפתור כדי לבחור את אזור הזמן הזה.,<b>اجتماع شخصي</b>: أنت حاليًا في المنطقة الزمنية {0}. استخدم الزر لاختيار تلك المنطقة الزمنية.,<b>Προσωπική συνάντηση</b>: Αυτήν τη στιγμή βρίσκεστε στη ζώνη ώρας {0}. Χρησιμοποιήστε το κουμπί για να επιλέξετε τη συγκεκριμένη ζώνη ώρας.,<b>対面(リアル)開催</b>: 現在のタイムゾーンは {0} です。ボタンを使ってそのタイムゾーンを選択してください,565
Config.TZExplain,<b>Virtual meet</b>: Use the dropdown below to select the time zone for the published schedule.,,,<b>Competencia Virtual</b>: Usa el menú desplegable inferior para seleccionar la zona horaria para el horario publicado.,,<b>Competición Virtual</b>: Usa el menú desplegable inferior para seleccionar la zona horaria para el horario publicado.,<b>Competición Virtual</b>: Usa el menú desplegable inferior para seleccionar la zona horaria para el horario publicado.,<b>Competencia Virtual</b>: Usa el menú desplegable inferior para seleccionar la zona horaria para el horario publicado.,<b>Compétition virtuelle</b>Utiliser la liste déroulante ci-dessous pour choisir un fuseau horaire qui correspond à l'horaire publié.,,,<b> Encontro virtual </b>: use o menu suspenso abaixo para selecionar o fuso horário para a programação publicada.,"<b>Витуальная встреча</b>: Используйте раскрывающийся список ниже, чтобы выбрать часовой пояс для опубликованного расписания.","<b> Virtuelles Treffen </ b>: Verwende die Dropdown-Liste unten, um die Zeitzone für den veröffentlichten Zeitplan auszuwählen.",<b>Virtuell tävling</b>: Använd gardinlistan nedan för att välja tidszon för tidsschemat,<b>Virtuel konkurrence</b>: Brug dropdown for at vælge tidszone for tidsskemaet.,<b>Virtuaali kilpailu</b>: Valitse julkaistun aikataulun aikavyöhyke alla olevasta pudotusvalikosta.,<b>Virtuelt møte</b>: Bruk rullegardinmenyen nedenfor for å velge aktuell tidssone.,<b>Virtual meet</b>: Use the dropdown below to select the time zone for the published schedule.,<b>Virtuális találkozó</b>: Az alábbi legördülő menüből válassza ki a közzétett ütemterv időzónáját.,<b>Întâlnire virtuală</b>: utilizați meniul drop-down de mai jos pentru a selecta fusul orar pentru programul publicat.,<b>Virtual meet</b>: Use the dropdown below to select the time zone for the published schedule.,<b> Վիրտուալ հանդիպում </ b>։ Օգտագործեք ստորև բերված ցանկը ՝ հրապարակված ժամանակացույցի ժամային գոտին ընտրելու համար:,<b>מפגש וירטואלי</b>: השתמש בתפריט הנפתח למטה כדי לבחור את אזור הזמן עבור לוח הזמנים שפורסם.,<b>اجتماع افتراضي</b>: استخدم القائمة المنسدلة أدناه لاختيار المنطقة الزمنية للجدول الزمني المنشور.,<b>Εικονική συνάντηση</b>: Χρησιμοποιήστε το αναπτυσσόμενο μενού παρακάτω για να επιλέξετε τη ζώνη ώρας για το δημοσιευμένο πρόγραμμα.,<b>オンライン開催</b>: 公開されるスケジュールのタイムゾーンを下のドロップダウンから選択してください,566
Config.TZ_Selection,Competition Schedule Time Zone,,,Zona Horaria de la Hora de Competencia,,Zona Horaria del Horario de la Competición,Zona Horaria del Horario de la Competición,Zona Horaria de la Hora de Competencia,Fuseau horaire de l'horaire de compétition,,,Fuso horário da programação da competição,Расписание соревнований / Часовой пояс,Wettbewerbszeitplan Zeitzone, Tidzone för tävlingen,Tidszone for konkurrence,Kilpailun Aikataulu Aika Vyöhyke,Tidssone for konkurranse,Competition Schedule Time Zone,Versenyrendi időzóna,Fusul orar al Programul competiției,Competition Schedule Time Zone,Մրցույթի ժամային գոտի,אזור זמן של לוח זמני התחרות,منطقة زمنية لجدول المسابقة,Χρονοδιάγραμμα Διαγωνισμών Ζώνη ώρας,大会スケジュールのタイムゾーン,567
RuleViolation.valueBelowStartedClock,{0} kg denied: clock was previously started at {1} kg,,,{0} kg denegados: el Reloj ya había comenzado anteriormente en {1} kg,,{0} kg denegados: el crono ya había comenzado anteriormente en {1} kg,{0} kg Denegados: el crono ya había comenzado anteriormente en {1} kg,{0} kg denegados: el Reloj ya había comenzado anteriormente en {1} kg,{0} kg refusé; chrono a déjà démarré avec {1} kg,,,{0} kg negado: o relógio foi iniciado anteriormente em {1} kg,Заявка {0} кг отказ: таймер был запущен для веса {1} кг,{0} kg verweigert: Die Uhr wurde zuvor bei {1} kg gestartet,{0} kg nekas: klockan har tidigare startats för {1} kg,{0} kg ikke tilladt: uret har tidligere været startet på {1} kg,{0} kg estetty: kello oli käynnistetty aikaisemmin {1} kg,{0} kg nektet: klokken ble tidligere startet på {1} kg,{0} kg denied: clock was previously started at {1} kg,{0} kg megtagadva: az órát korábban {1} kg-ról indították,{0} kg refuzate: ceasul a pornit anterior la {1} kg,{0} kg denied: clock was previously started at {1} kg,{0} կգ-ը մերժվեց. Ժամացույցը նախապես սկսվում էր {1} կգ-ից,"ערך {0} נמוך מדי. השעון הופעל עם {1} ק""ג על המוט.",تم رفض {0} كجم: كانت الساعة قد بدأت سابقًا عند {1} كجم,{0} kg απορρίφθηκε: το ρολόι είχε ξεκινήσει προηγουμένως με {1} kg,{0} kg は却下されました: タイマーはすでに {1} kg の状態で開始されています,568
RuleViolation.weightBelowAlreadyLifted,"{0} kg denied: athlete {1} attempted higher weight previously ({2} kg, attempt {3})",,,{0} kg denegados: el levantador {1} intentó un peso mayor {2} kg anteriormente,,{0} kg denegados: el levantador {1} intentó un peso mayor {2} kg anteriormente,{0} kg Denegados: el levantador {1} intentó un peso mayor {2} kg anteriormente,{0} kg denegados: el levantador {1} intentó un peso mayor {2} kg anteriormente,"{0} kg refusé: l'athlète {1} a essayé davantage ({2} kg, essai {3}) .",,,Anteriormente,Заявка {0} кг отказ: спортсмену {1} необходимо заявит вес не менее {2} кг,{0} kg verweigert: Athlet {1} hat zuvor ein höheres Gewicht {2} kg versuchen,{0} kg nekas: lyftare {1} har tidigare valt {2} kg,{0} kg ikke tilladt: atleten {1} bad tidligere om højere vægt {2} kg,"{0} kg estetty: nostaja {1} yritti nostaa isommat painot jo aikaisemmin ({2} kg, yritys {3})","{0} kg nektet: utøver {1} forsøkt høyere vekt tidligere ({2} kg, forsøk {3})","{0} kg denied: athlete {1} attempted higher weight previously ({2} kg, attempt {3})","{0} kg elutasítva: {1} sportoló korábban nagyobb súlyt próbált meg ({2} kg, kísérlet: {3})","{0} kg refuzat: sportivul {1} ​​a încercat anterior o greutate mai mare ({2} kg, încercare {3})","{0} kg denied: athlete {1} attempted higher weight previously ({2} kg, attempt {3})",{0} կգ մերժվեց. Մարզիկ {1}ը նախկինում պահանջել էր մեծ քաշ {2} կգ,"{0} ק""ג נדחה: ספורטאי {1} ניסה משקל גבוה יותר קודם לכן ({2} ק""ג, ניסיון {3})",تم رفض {0} كجم: حاول الرياضي {1} وزنًا أعلى سابقًا ({2} كجم، محاولة {3}),"Απορρίφθηκε {0} κιλά: ο αθλητής {1} επιχείρησε υψηλότερο βάρος στο παρελθόν ({2} κιλά, προσπάθεια {3})",{0} kg は却下されました: 選手 {1} は以前により重い重量 ({2} kg、試技 {3}) を試技しています,569
RuleViolation.attemptNumberTooLow,{0} kg denied: athlete {1} has already attempted {2} kg on higher attempt ({3}),,,{0} kg denegados: el levantador {1} ya intentó {2} kg en un intento más alto ({3}),,{0} kg denegados: el levantador {1} ya intentó {2} kg en un intento más alto ({3}),{0} kg Denegados: el levantador {1} ya intentó {2} kg en un intento más alto ({3}),{0} kg denegados: el levantador {1} ya intentó {2} kg en un intento más alto ({3}),{0} kg refusé: l'athlète {1} a déjà tenté {2} kg sur à un essai supérieur ({3}),,,{0} kg negado: o atleta {1} já tentou {2} kg na tentativa superior ({3}),Заявка {0} кг отказ: {1} уже вызван(а) к весу {2} кг попытка № {3},{0} kg verweigert: Athlet {1} hat bereits {2} kg bei einem höheren Versuch versucht ({3}),{0} kg nekas: lyftare {1} har redan gjort försök  {2} kg på ett högre försök({3}),{0} kg ikke tilladt: atleten {1} har allerede forsøgt {2} kg på et højere forsøg ({3}),"{0} kg estetty: nostaja {1} yritti nostaa isommat painot jo aikaisemmin ({2} kg, yritys {3})",{0} kg nektet: utøver {1} har allerede forsøkt {2} kg på høyere forsøk ({3}),{0} kg denied: athlete {1} has already attempted {2} kg on higher attempt ({3}),{0} kg elutasítva: {1} sportoló már megkísérelt {2} kg-ot nagyobb próbálkozással ({3}),{0} kg refuzate: sportivul {1} ​​a încercat deja {2} kg la o încercare mai mare ({3}),{0} kg denied: athlete {1} has already attempted {2} kg on higher attempt ({3}),{0} կգ մերժվեց. Մարզիկ {1}ն արդեն փորձել է {2} կգ փորձ {3}-ում,"{0} ק""ג נדחה: ספורטאי {1} כבר ניסה {2} ק""ג בניסיון גבוה יותר ({3})",تم رفض {0} كجم: لقد حاول الرياضي {1} بالفعل {2} كجم في محاولة أعلى ({3}),Απορρίφθηκε το {0} kg: ο αθλητής {1} έχει ήδη προσπαθήσει {2} kg σε υψηλότερη προσπάθεια ({3}),{0} kg は却下されました: 選手 {1} はすでにより後の試技 ({3}) で {2} kg を試技しています,570
RuleViolation.startNumberTooHigh,{0} kg denied: athlete {2} cannot lift after {1} (must respect start number),,,{0} kg denegados: el levantador {2} no puede levantar después {1} (debe respetar el número de inicio),,{0} kg denegados: el levantador {2} no puede levantar después {1} (debe respetar el número de inicio),{0} kg Denegados: el levantador {2} no puede levantar después {1} (debe respetar el número de inicio),{0} kg denegados: el levantador {2} no puede levantar después {1} (debe respetar el número de inicio),{0} kg refusé: l'athlète {2} ne peut pas lever après {1} (il faut respecter les numéros de départ),,,{0} kg negado: o atleta {2} não pode levantar após {1} (deve respeitar o número inicial),{0} кг отказ: спортсмен {2} не может поднимать после {1} (несоблюдение стартового номера),{0} kg verweigert: Athlet {2} kann nach {1} nicht mehr heben (Startnummer muss beachtet werden),{0} kg nekas: lyftare {2} får inte lyfta efter {1} (måste följa startnummerordning),{0} kg ikke tilladt: atleten {2} kan ikke løfte efter {1} (skal overholde startnummer),{0} kg estetty: nostja {2} ei voi enää nostaa {1} (pitää huomioida kilpailijanumero),{0} kg nektet: utøver {2} kan ikke løfte etter {1} (må respektere startnummer),{0} kg denied: athlete {2} cannot lift after {1} (must respect start number),{0} kg megtagadva: {2} sportoló nem tud utánna emelni {1}  (be kell tartani a rajtszámot),{0} kg refuzate: sportivul {2} nu poate ridica după {1} (trebuie să respecte numărul de start),{0} kg denied: athlete {2} cannot lift after {1} (must respect start number),{0} կգ մերժվեց. Մարզիկ {2}ը չի կարող բարձրացնել {1}-ից հետո (պետք է հաշվվի մեկնարկի համարը),"{0} ק""ג נדחה: ספורטאי {2} לא יכול להרים אחרי {1} (חייב לכבד מספר התחלה)",تم رفض {0} كجم: لا يمكن للرياضي {2} الرفع بعد {1} (يجب احترام رقم البدء),Απορρίφθηκε {0} κιλά: ο αθλητής {2} δεν μπορεί να σηκώσει μετά το {1} (πρέπει να σέβεται τον αριθμό έναρξης),{0} kg は却下されました: 選手 {2} は {1} の後に試技できません（スタート番号を遵守する必要があります）,571
RuleViolation.ignoreErrors,Ignore message and allow saving,,,Ignorar el mensaje y permitir guardar,,Ignorar el mensaje y permitir guardar,Ignorar el mensaje y permitir guardar,Ignorar el mensaje y permitir guardar,Ignorer les messages et permettre de sauver.,,,Ignorar mensagem e permitir salvar,Игнорировать ошибки с сохранением,Meldung ignorieren und speichern erlauben,Ignorera meddelandet och tillåt spara,Ignorér valideringsfejl og tillad gem,Ohita viesti ja salli tallennus,Ignorer melding og tillat lagring,Ignore message and allow saving,Az üzenet figyelmen kívül hagyása és a mentés engedélyezése,Ignorați mesajul și permiteți salvarea,Ignore message and allow saving,Անտեսեք հաղորդագրությունը և թույլ տվեք պահպանել,התעלם מההודעה ואפשר שמירה,تجاهل الرسالة والسماح بالحفظ,Αγνοήστε το μήνυμα και επιτρέψτε την αποθήκευση,このメッセージを無視して保存を許可する,572
RuleViolation.LateDeclaration,"Declaration denied: was not made within first 30 seconds ({0,number,#.#} seconds on clock)",,,"Cambio no permitido: realizado después de los primeros 30 segundos ({0,number,#.#} segundos en el crono)",,"Declaración denegada: realizado después de los primeros 30 segundos ({0,number,#.#} segundos en el crono)","Declaración denegada: realizado después de los primeros 30 segundos ({0,number,#.#} segundos en el crono)","Cambio no permitido: realizado después de los primeros 30 segundos ({0,number,#.#} segundos en el crono)","Déclaration refusée: faite après les 30 premières secondes ({0,number,#.#} au chrono)",,,"Declaração negada: feita após os primeiros 30 segundos ({0, número, #. #} Segundos no relógio)","Нарушение правил: заявка сделана после первых 30 секунд ({0,number,#.#} секунд осталось)","Meldung verweigert: nach den ersten 30 Sekunden erledigt ({0,number,#.#} Sekunden auf der Uhr)","Ändringen nekas: skedde efter 30 sekunders signalen ({0,number,#.#} kvar av tiden)","Øgning afvist: skete efter de første 30 sekunder ({0,number,#.#} sekunder tilbage)","Vahvistus evätty: ei tehty ensimmäisen 30 sekunnin aikana ({0,number,#.#} sekuntia kellossa)","Høyning avvist: ble ikke gitt innen de første 30 sekundene ({0,number,#.#} sekunder på klokken)","Declaration denied: was not made within first 30 seconds ({0,number,#.#} seconds on clock)","Nyilatkozat megtagadva: nem készült az első 30 másodpercen belül ({0,number,#.#} másodperc az órán)","Declarație respinsă: nu a fost făcută în primele 30 de secunde ({0,number,#.#} secunde pe ceas)","Declaration denied: was not made within first 30 seconds ({0,number,#.#} seconds on clock)","Հայտարարությունը մերժվել է։ Կատարվել է առաջին 30 վայրկյանից հետո ({0,number,#.#} վայրկյան)","הצהרה נדחתה: לא נעשתה בתוך 30 השניות הראשונות ({0,number,#.#} שניות על השעון)","تم رفض الإعلان: لم يتم إجراؤه خلال الثلاثين ثانية الأولى ({0,number,#.#} ثانية على الساعة)","Η δήλωση απορρίφθηκε: δεν έγινε μέσα στα πρώτα 30 δευτερόλεπτα ({0,number,#.#} δευτερόλεπτα στο ρολόι)","申告却下: 最初の30秒以内に行われませんでした({0,number,#.#} 秒:時計)",573
RuleViolation.MustChangeBeforeFinalWarning,"Change denied: was not made before final warning ({0,number,#.#} seconds on clock)",,,"Cambio no permitido: no fue realizado antes del llamado final ({0,number,#.#} segundos en el crono)",,"Cambio denegado: no fue realizado antes del aviso final ({0,number,#.#} segundos en el crono)","Cambio denegado: no fue realizado antes del aviso final ({0,number,#.#} segundos en el crono)","Cambio no permitido: no fue realizado antes del llamado final ({0,number,#.#} segundos en el crono)","Changement refusé: fait après l'avertissement final ({0,number,#.#} au chrono)",,,"Alteração Negada: não foi feita antes do aviso final ({0, número, #. #} Segundos no relógio)","Нарушение правил: перезаявка сделана после финального сигнала ({0,number,#.#} секунд осталось)","Änderung verweigert: wurde nicht vor der letzten Warnung vorgenommen ({0,number,#.#} Sekunden auf der Uhr)","Ändringen nekas: gjordes efter slutlig kallelse ({0,number,#.#} sekunder kvar)","Øgning afvist: skete efter final warning ({0,number,#.#} sekunder tilbage)","Muutos evätty: ei tehty ennen viimeistä äänimerkkiä({0,number,#.#} sekuntia kellossa)","Endring nektet: ble ikke gjort før siste advarsel ({0,number,#.#} sekunder på klokken)","Change denied: was not made before final warning ({0,number,#.#} seconds on clock)","Módosítás megtagadva: nem történt meg az utolsó figyelmeztetés előtt ({0,number,#.#} másodperc az órán)","Modificare refuzată: nu a fost făcută înainte de avertismentul final ({0,number,#.#} secunde pe ceas)","Change denied: was not made before final warning ({0,number,#.#} seconds on clock)","Փոփոխությունը մերժվեց. Չի կատարվել նախնական նախազգուշացումից առաջ ({0,number,#.#} վայրկյան)","שינוי נדחה: לא בוצע לפני האזהרה הסופית ({0,number,#.#} שניות על השעון)","تم رفض التغيير: لم يتم إجراؤه قبل التحذير النهائي ({0,number,#.#} ثانية على الساعة)","Η αλλαγή απορρίφθηκε: δεν έγινε πριν από την τελική προειδοποίηση ({0,number,#.#} δευτερόλεπτα στο ρολόι)","変更却下: 最終警告前に行われませんでした ({0,number,#.#} 秒:時計)",574
RuleViolation.MustDeclareFirst,Change denied: must do declaration first.,,,Cambio denegado: primero debe hacer la declaración.,,Cambio denegado: primero debe hacer la declaración.,Cambio denegado: primero debe hacer la declaración.,Cambio denegado: primero debe hacer la declaración.,Changement refusé: il faut faire la déclaration d'abord.,,,Mudança Negada: Primeiramente deverá ser feita a declaração.,Перезаявка отклонена: сначала необходимо сделать заявку веса,Änderung verweigert: muss zuerst erklärt werden.,Ändringen nekas: måste först begära vikt.,Øgning afvist: der skal først ske en deklarering.,Muutos evätty: pitää tehdä vahvistus ensin.,Endring nektet: må gjøre erklæring først.,Change denied: must do declaration first.,Módosítás megtagadva: először nyilatkozni kell.,Modificare refuzată: trebuie să faceți mai întâi declarația.,Change denied: must do declaration first.,Փոփոխությունը մերժվեց. Նախ պետք է հայտ ներկայացնել:,שינוי נדחה: יש לבצע הצהרה תחילה.,تم رفض التغيير: يجب إجراء الإعلان أولاً.,Η αλλαγή απορρίφθηκε: πρέπει πρώτα να γίνει δήλωση.,変更却下: 先に申告を行う必要があります,575
DisplayParameters.Silent,Sound Off (no warning sounds),,,Sonido apagado (ningún aviso sonoro),,Sonido apagado (ningún aviso sonoro),Sonido apagado (ningún aviso sonoro),Sonido apagado (ningún aviso sonoro),Silencieux (pas d'avertissements sonores),,,Som desligado (sem sons de aviso),Звук выключен (никаких предупреждающих звуков),Sound AUS (kein Sound bei Warnungen),Ljud av (inga varningar hörs),Lyd Fra (ingen advarselssignaler),Ei ääntä (ei varoitusääniä),Lyd av (ingen varsellyder),Sound Off (no warning sounds),Hang kikapcsolva (nincs figyelmeztető hang),Sunet dezactivat (fără sunete de avertizare),Sound Off (no warning sounds),Ձայնը անջատված է (առանց ձայնային ազդանշանների),השתק קול (אין צלילי אזהרה),الصوت مغلق (لا توجد أصوات تحذيرية),Sound Off (χωρίς προειδοποιητικούς ήχους),音声オフ（警告音なし）,576
DisplayParameters.SoundOn,Sound On,,,Sonido activado,,Sonido activado,Sonido activado,Sonido activado,Son activé,,,Som ligado,Звук включен,Sound AN,Ljud på,Lyd Til,Äänet päällä,Lyd på,Sound On,Hang Be,Sunet pornit,Sound On,Միացված է՝,הפעל קול,تشغيل الصوت,Ήχος ενεργοποιημένος,音声オン,577
DisplayParameters.SoundHelper,Recommended setting: enable sound on one display per room to avoid multiple warning sounds.,,,Ajuste recomendado: habilitar sonido en un dispositivo por sala para evitar múltiples sonidos de aviso.,,Ajuste recomendado: habilitar sonido en un dispositivo por sala para evitar múltiples sonidos de aviso.,Ajuste recomendado: habilitar sonido en un dispositivo por sala para evitar múltiples sonidos de aviso.,Ajuste recomendado: habilitar sonido en un dispositivo por sala para evitar múltiples sonidos de aviso.,Recommandation: activer le son sur un seul affichage par pièce pour éviter les sources sonores multiples.,,,Configuração Recomendada: ative o som em um monitor por sala para evitar vários sons de aviso.,"Рекомендуемая настройка: включите звук на одном дисплее в каждом помещении, чтобы избежать нескольких предупреждающих звуков","Empfohlene Einstellung: Aktiviere den Ton auf einem Display pro Raum, um mehrere Warntöne zu vermeiden.",Rekommenderad inställning: sätt på ljudet på en display för att undvika flera olika signaler.,Anbefalet indstilling: slå lyden til på ét display pr lokale for at undgå flere samtidige advarsler/signaler.,Suositeltu asetus: ota ääni käyttöön yhdessä näytössä per huone välttääksesi useita varoitusääniä.,Anbefalt innstilling: aktiver lyd på én skjerm per rom for å unngå flere varsellyder.,Recommended setting: enable sound on one display per room to avoid multiple warning sounds.,"Javasolt beállítás: engedélyezze a hangot helyiségekként egy kijelzőn, hogy elkerülje a többszöri figyelmeztető hangot.","Setare recomandată: activați sunetul de afișaj per cameră, pentru a evita mai multe sunete de avertizare.",Recommended setting: enable sound on one display per room to avoid multiple warning sounds.,Առաջարկվող պարամետր. Թույլատրել ձայնը մեկ դիսփլեյի համար յուրաքանչյուր սենյակում `կանխելու բազմաթիվ նախազգուշական հնչյուններ:,הגדרה מומלצת: הפעל קול בתצוגה אחת לכל חדר כדי למנוע צלילי אזהרה מרובים.,الإعداد الموصى به: تفعيل الصوت على جهاز واحد لكل غرفة لتجنب الأصوات التحذيرية المتعددة.,Προτεινόμενη ρύθμιση: ενεργοποιήστε τον ήχο σε μία οθόνη ανά δωμάτιο για να αποφύγετε πολλούς προειδοποιητικούς ήχους.,推奨設定：警告音の重複を避けるため、1部屋につき1つの表示画面のみ音声を有効にしてください,578
DisplayParameters.SoundSettings,Sound Settings,,,Ajustes de sonido,,Ajustes de sonido,Ajustes de sonido,Ajustes de sonido,Paramètres sonores,,,Configurações de som,Настройка звука,Sound Einstellungen,Ljudinställningar,Lydindstillinger,Ääniasetukset,Lydinnstillinger,Sound Settings,Hangbeállítások,Setări de sunet,Sound Settings,Ձայնային կարգավորումներ,הגדרות קול,إعدادات الصوت,Ρυθμίσεις ήχου,音声設定,579
DisplayParameters.VisualSettings,Visual Settings,,,Ajustes visuales,,Ajustes visuales,Ajustes visuales,Ajustes visuales,Paramètres visuels,,,Configurações Visuais,Визуальные настройки,Anzeige Einstellungen,Visuella inställningar,Visuelle Indstillinger,Visuaaliset asetukset,Visuelle innstillinger,Visual Settings,Vizuális beállítások,Setări vizuale,Visual Settings,Վիզուալ կարգավորում,הגדרות חזותיות,إعدادات العرض,Οπτικές ρυθμίσεις,表示設定,580
DisplayParameters.SoundsOnServer,Note: warning sounds are emitted on the main laptop sound card. No sound on this browser.,,,Nota: los avisos sonoros se emiten en la tarjeta de sonido del ordenador principal. Ningún sonido en este navegador.,,Nota: los avisos sonoros se emiten en la tarjeta de sonido del ordenador principal. Ningún sonido en este navegador.,Nota: los avisos sonoros se emiten en la tarjeta de sonido del ordenador principal. Ningún sonido en este navegador.,Nota: los avisos sonoros se emiten en la tarjeta de sonido del ordenador principal. Ningún sonido en este navegador.,Note: les avertissements sonores sont émis sur la carte audio du laptop principal. Pas de son sur ce navigateur.,,,Nota: Sons de aviso são emitidos na placa de som principal do laptop. Sem som neste navegador.,Примечание: предупреждающие звуки издаются на основной звуковой карте ноутбука. В этом браузере нет звука.,Hinweis: Auf der Hauptsoundkarte des Laptops werden Warntöne ausgegeben. Kein Ton in diesem Browser.,OBS: Varningsljud kommer från den primära datorn.Inget ljud från denna browser.,Note: advarselssignaler udsendes på den primære laptops lydkort. Ingen lyd fra denne browser.,Huom: Varoitusäänet kuuluu kannettavan tietokoneen päääänikorttiin. Ei ääntä tässä selaimessa.,Merk: varsellyder sendes ut på hovedlydkortet for den bærbare datamaskinen. Ingen lyd i denne nettleseren.,Note: warning sounds are emitted on the main laptop sound card. No sound on this browser.,Megjegyzések: figyelmeztető hangokat bocsát ki a laptop fő hangkártyája. Nincs hang ebben a böngészőben.,Notă: sunete de avertizare sunt emise de laptopul principal. Niciun sunet în acest browser.,Note: warning sounds are emitted on the main laptop sound card. No sound on this browser.,Զգուշացում. Նախազգուշական ձայները արձակվում են հիմնական նոթբուքի ձայնային քարտից: Այս բրաուզերում ձայն չկա,הערה: צלילי אזהרה מופקים מכרטיס הקול הראשי של המחשב הנייד. אין קול בדפדפן זה.,ملاحظة: يتم إصدار أصوات التحذير على بطاقة الصوت الرئيسية للكمبيوتر المحمول. لا يوجد صوت في هذا المتصفح.,Σημείωση: οι προειδοποιητικοί ήχοι εκπέμπονται στην κύρια κάρτα ήχου του φορητού υπολογιστή. Δεν υπάρχει ήχος σε αυτό το πρόγραμμα περιήγησης.,注意：警告音はメインのノートパソコンのサウンドカードから再生されます。このブラウザでは音は鳴りません,581
Close,Close,,,Cerrar,,Cerrar,Cerrar,Cerrar,Fermer,,,Fechar,Закрыть,Schliessen,Stäng,Luk,Sulje,Lukke,Close,Bezárás,Închide,Zamknij,Փակել,סגור,إغلاق,Κοντά,閉じる,582
Config.ResourceOverride,Override Resources,,,Anular Recursos,,Anular Recursos,Anular Recursos,Anular Recursos,Substitution des ressources,,,Substituir Recursos,Переопределить ресурсы,Ressourcen überschreiben,Override Resources,Overskriv Ressourcer,Ohita resurssit,Override Resources,Override Resources,Erőforrások felülbírálása,Suprascrierea resurselor,Override Resources,Խմբագրել ռեսուրսները,עקוף משאבים,تجاوز الموارد,Παράκαμψη πόρων,リソースの上書き,583
Config.Download,Download zip file,,,Descargar archivo zip,,Descargar fichero zip,Descargar fichero zip,Descargar archivo zip,Télécharger le zip,,,Baixar arquivo zip,Скачать zip-файл,Download ZIP Datei,Download zip file,Download zip fil,Lataa zip-tiedosto,Last ned zip-fil,Download zip file,zip fájl letöltése,Descărcați fișierul zip,Download zip file,Ներբեռնել zip ֆայլը,הורד קובץ zip,تنزيل ملف مضغوط,Κατεβάστε το αρχείο zip,zipファイルをダウンロード,584
Config.ClearZipLabel,Cancel stored overrides,,,Cancelar anulaciones almacenadas,,Cancelar anulaciones almacenadas,Cancelar anulaciones almacenadas,Cancelar anulaciones almacenadas,Annuler les substitutions stockées,,,Cancelar Substituições Armazenadas,Отменить сохраненные переопределения,Gespeicherte Überschreibungen abbrechen,Cancel stored overrides,Cancel gemte ressourcer,Peruuta tallennetut ohitukset,Cancel stored overrides,Cancel stored overrides,Törölje a tárolt felülírásokat,Anulați înlocuirile stocate,Cancel stored overrides,Չեղարկել պահված խմբագրումները,בטל עקיפות מאוחסנות,إلغاء التعديلات المخزنة,Ακύρωση αποθηκευμένων παρακάμψεων,保存済みの上書きをキャンセル,585
Config.ClearZip,Clear remote zip file,,,Borrar archivo zip remoto,,Borrar archivo zip remoto,Borrar archivo zip remoto,Borrar archivo zip remoto,Effacer le zip stocké,,,Limpar Arquivo zip Remoto,Очистить удаленный zip-файл,Remote-ZIP-Datei löschen,Clear remote zip file,Fjern uploaded zip fil,Tyhjennä etä-zip-tiedosto,Slett ekstern zip-fil,Clear remote zip file,Távoli zip fájl törlése,Ștergeți fișierul zip de la distanță,Clear remote zip file,Մաքրել պահված zip ֆայլը ,נקה קובץ zip מרוחק,مسح ملف مضغوط عن بُعد,Εκκαθάριση απομακρυσμένου αρχείου zip,リモートのzipファイルを削除,586
Category.QualificationTotal,Qualification Total,,,Ubicación Total,,Total de Calificación,Total de Calificación,Ubicación Total,Total de qualification,,,Qualificação Total,Квалификация по сумме,Qualifikation gesamt,Qualification Total,Kvalifikations tokamp,Karsintatulos,Kvalifisering totalt,Qualification Total,Képesítés összesen,Total calificare,Qualification Total,նվազագույն երկամարտ,העפלה קרב שניים,إجمالي التأهيل,Σύνολο προσόντων,予選合計,587
Edit,Edit,,,Editar,,Editar,Editar,Editar,Éditer,,,Editar,Редактировать,bearbeiten,Edit,Ret,Muokkaa,Redigere,Edit,Szerkesztés,Editați,Edit,Խմբագրել,ערוך,تحرير,Εκδίδω,編集,588
CategoryResults,Category Results,,,Resultados de las Divisiones,,Resultados de las Categorías,Resultados de las Categorías,Resultados de las Divisiones,Résultats par catégorie,,,Resultados Por Categoria,Результаты по категориям,Gewichtsklassen Ergebnisse,Category Results,Resultater pr kategori,Ryhmän tulokset,Resultater pr kategori,Category Results,Kategória Eredmények,Rezultate categorie,Category Results,Բաժնի արդյունքներ,תוצאות קטגוריה,نتائج الفئات,Αποτελέσματα Κατηγορίας,カテゴリー結果,589
EndOfCompetitionDocuments,Category Results and Final Package,,,Documento Final de Competencia,,Documento Final de la Competición,Documento Final de la Competición,Documento Final de Competencia,Résultats par catégorie et documents de compétition,,,Resultados Finais da Competição ,Документы по окончании соревнований,Wettkampf Dokumente,Slut på tävlingsdokument,Resultater pr kategori og Samlet resultatpakke,Ryhmän lopulliset tulokset ja Lopullinen Paketti,Resultater og sluttpakke hver kategori,Category Results and Final Package,A kategória eredményei és a végső csomag,Rezultatele categoriei și pachetul final,Category Results and Final Package,Մրցույթի ավարտի փաստաթղթեր,תוצאות קטגוריה וחבילה סופית,نتائج الفئات وحزمة النتائج النهائية,Αποτελέσματα κατηγορίας και τελικό πακέτο,カテゴリー結果および最終パッケージ,590
Config.Select,Select zip file,,,Seleccionar archivo zip,,Seleccionar fichero zip,Seleccionar fichero zip,Seleccionar archivo zip,Choisir le zip,,,Selecione o Arquivo zip,Выберите zip-файл,ZIP Datei asuwählen,Välj en zip file,Vælg zip fil,Valitse zip-tiedosto,Velg zip-fil,Select zip file,Válassza ki a zip fájlt,Selectați fișierul zip,Select zip file,Տեղադրեք zip ֆայլ,בחר קובץ zip,اختر ملف مضغوط,Επιλέξτε αρχείο zip,zipファイルを選択,591
TeamMembership.Title,Team Membership,,,Pertenencia al Equipo,,Pertenencia al Equipo,Pertenencia al Equipo,Pertenencia al Equipo,Équipes,,,Equipes,Членство в команде,Teammitgliedschaft,Välj lag,Udvælg hold,Seurakohtaiset nostaja-määrät ja tulokset,Lagoversikt,Team Membership,Csapattagság,Apartenența la echipă,Team Membership,Թիմի անդամակցություն,חברות בקבוצה,عضوية الفريق,Σύνθεση ομάδων,チーム所属,592
TeamMembership.TeamMember,Team Member,,,Miembro del equipo,,Miembro del equipo,Miembro del equipo,Miembro del equipo,Membre de l'équipe,,,Membro da Equipe,Член команды,Team Mitglied,Lagmedlem,Holddeltager,Seuran jäseniä,Lagmedlem,Team Member,Csapat tagja,Membru al echipei,Team Member,Թիմի անդամ,חבר צוות,عضو الفريق,Μέλος της ομάδας,チームメンバー,593
Config.Title,Language and System Settings,,,Idioma y Parámetros del Sistema,,Idioma y Parámetros del Sistema,Idioma y Parámetros del Sistema,Idioma y Parámetros del Sistema,Langue et paramètres,,,Configurações de Idioma e Sistema,Язык и системные настройки,Sprach- und Systemeinstellungen,Språk och systeminställningar,Tekniske indstillinger,Kieli ja järjestelmäasetukset,Språk og systeminnstillinger,Language and System Settings,Nyelvi és rendszerbeállítások,Limbă și setări de sistem,Language and System Settings,Լեզու եւ համակարգի կարգավորումներ,הגדרות שפה ומערכת,الإعدادات اللغوية ونظام,Ρυθμίσεις γλώσσας και συστήματος,言語とシステム設定,594
CompetitionInformation,Competition Information and Rules,,,Información de la Competencia y Reglas,,Información de la Competición y Reglas,Información de la Competición y Reglas,Información de la Competencia y Reglas,Information et règles de la compétition,,,Informações e Regras da Competição,Информация и правила соревнований,Wettbewerbsinformationen und Regeln,Tävlingsregler och information,Stævne Information og Regler,Kilpailun tiedot ja säännöt,Konkurranseinformasjon og regler,Competition Information and Rules,Versenyinformációk és szabályok,Informații și reguli de competiție,Competition Information and Rules,Մրցույթի տեղեկատվություն և կանոններ,מידע וחוקי תחרות,معلومات وقواعد المسابقة,Πληροφορίες και Κανόνες Αγώνα,大会情報とルール,595
EditCompetitionInformation,Edit Information and Rules,,,Editar Información y Reglas,,Editar Información y Reglas,Editar Información y Reglas,Editar Información y Reglas,Éditer les informations et règles,,,Editar Informações e Regras,Редактирование информации и правил,Informationen und Regeln bearbeiten,Ändra tävlingsinformation,Ret data om konkurrencen,Muokkaa tietoja ja sääntöjä,Rediger informasjon og regler for konkurransen,Edit Information and Rules,Információk és szabályok szerkesztése,Editați informații și reguli,Edit Information and Rules,Խմբագրել տեղեկատվությունը և կանոնները,ערוך מידע וחוקים,تحرير معلومات وقواعد المسابقة,Επεξεργασία πληροφοριών και κανόνων,情報とルールを編集,596
CompetitionBook.MWCT,Men+Women - Combined Team Points,,,Damas + Varones - Puntos de equipo combinados,,Hombres + Mujeres - Puntos de equipo combinados,Hombres + Mujeres - Puntos de equipo combinados,Damas + Varones - Puntos de equipo combinados,Hommes+Femmes - Pointage combiné,,,Masculino + Feminino - Pontos de Equipe Combinados,Men+Women - Combined Team Points,männlich+weiblich - Kombinierte Teampunkte,Men+Women - Combined Team Points,Mænd+Kvinder - Kombinerede Hold point,Miehet+Naiset - Yhdistetyt seurapisteet,Menn+Kvinner – Kombinerte lagpoeng,Men+Women - Combined Team Points,Férfi+Nők – Kombinált csapatpontok,Bărbați+Femei - Puncte echipe combinate,Men+Women - Combined Team Points,Տղաներ+Աղջիկներ - Համակցված թիմային միավորներ,גברים+נשים - נקודות קבוצתיות משולבות,الرجال + النساء - نقاط الفريق المجمعة,Άνδρες+Γυναίκες - Πόντοι συνδυασμένων ομάδων,男子＋女子 - 合算チームポイント,597
Reserve,Reserve,,,Reserva,,Reserva,Reserva,Reserva,Substitut,,,Reserva,Reserve,Reserve,Reserve,Reserve,Varalla,Reserve,Reserve,Lefoglal,rezervă,Reserve,Պահեստային,עתודה,احتياطي,Απόθεμα,リザーブ (控え/予備),598
ExcelFormat,(Enter using Excel Format),,,(Ingrese usando formato Excel),,(Ingrese usando formato Excel),(Ingrese usando formato Excel),(Ingrese usando formato Excel),(utiliser le format Excel),,,(Insira usando o formato Excel),(Enter using Excel Format),(Eingabe im Excel-Format),(Enter using Excel Format),(Indtast i Excel Format),(Syötä Excel-muodossa),(Skriv inn med Excel-format),(Enter using Excel Format),(Enter használata Excel formátumban),(Intrați folosind formatul Excel),(Enter using Excel Format),(Մուտքագրեք Excel ֆորմատի միջոցով),(הזן באמצעות פורמט Excel),تنسيق Excel,(Εισαγωγή χρησιμοποιώντας μορφή Excel),（Excel形式で入力）,599
ExportDatabase.ExportImport,Export and Import Database,,,Exportar e importar base de datos,,Exportar e importar base de datos,Exportar e importar base de datos,Exportar e importar base de datos,Exporter et importer la base de données,,,Exportar e Importar Banco de Dados,Экспорт и импорт базы данных,Export und Import der Datenbank,Exportera och importera Databas,Eksport og Import af Database,Vie ja tuo tietokanta,Eksporter og importer database,Export and Import Database,Adatbázis exportálása és importálása,Exportați și importați baza de date,Export and Import Database,Արտահանել և ներմուծել տվյալների բազան,ייצא וייבא מסד נתונים,تصدير واستيراد قاعدة البيانات,Εξαγωγή και εισαγωγή βάσης δεδομένων,データベースのエクスポートとインポート,600
ExportDatabase.DownloadJson,Export Database,,,Exportar base de datos,,Exportar base de datos,Exportar base de datos,Exportar base de datos,Exporter la base de données,,,Exportar Banco de Dados,Экспорт базы данных,Datenbank exportieren,Exportera Databas,Eksportér Database,Vie tietokanta,Eksporter database,Export Database,Adatbázis exportálása,Exportați baza de date,Export Database,Արտահանել տվյալների բազան,ייצא מסד נתונים,تصدير قاعدة البيانات,Εξαγωγή βάσης δεδομένων,データベースをエクスポート,601
ExportDatabase.DownloadLabel,Export database content as a a JSON file,,,Exportar el contenido de la base de datos como un archivo JSON,,Exportar el contenido de la base de datos como un archivo JSON,Exportar el contenido de la base de datos como un archivo JSON,Exportar el contenido de la base de datos como un archivo JSON,Exporter le contenu de la base de données en format JSON,,,Exportar o conteúdo do banco de dados como um arquivo JSON,Экспорт содержимого базы данных в виде файла JSON,Export des Datenbankinhalts als JSON Datei,Exportera databas innehåll som en JSON fil,Eksport database indhold som JSON fil,Vie tietokannan sisältö JSON-tiedostona,Eksporter databaseinnhold som en JSON-fil,Export database content as a a JSON file,Exportálja az adatbázis tartalmát JSON-fájlként,Exportați conținutul bazei de date ca fișier JSON,Export database content as a a JSON file,Արտահանել տվյալների բազայի բովանդակությունը որպես JSON ֆայլ,ייצא תוכן מסד נתונים כקובץ JSON,تصدير محتوى قاعدة البيانات كملف JSON,Εξαγωγή περιεχομένου βάσης δεδομένων ως αρχείο JSON,データベース内容をJSONファイルとしてエクスポート,602
ExportDatabase.UploadJson,Import Database,,,Importar base de datos,,Importar base de datos,Importar base de datos,Importar base de datos,Importer une exportation de base de données,,,Importar Banco de Dados,Импорт базы данных,Datenbank Import,Importera Databas,Importér Database,Tuo tietokanta,Importer database,Import Database,Adatbázis importálása,Importă baza de date,Import Database,Ներմուծել տվյալների բազան,ייבא מסד נתונים,استيراد قاعدة البيانات,Εισαγωγή βάσης δεδομένων,データベースをインポート,603
ExportDatabase.UploadLabel,Replace database content using an exported JSON file,,,Reemplazar el contenido de la base de datos con un archivo JSON exportado,,Reemplazar el contenido de la base de datos con un archivo JSON exportado,Reemplazar el contenido de la base de datos con un archivo JSON exportado,Reemplazar el contenido de la base de datos con un archivo JSON exportado,Remplacer le contenu de la base de données en utilisant un fichier d'export,,,Substitua o conteúdo do banco de dados usando um arquivo JSON exportado,Замените содержимое базы данных с помощью экспортированного файла JSON,Ersetze den Datenbankinhalt mit einer exportierten JSON Datei,Byta ut databas innehåll mot en exporterad JSON fil,Erstat database indhold vha eksporteret JSON fil,Korvaa tietokannan sisältö viedyllä JSON-tiedostolla,Erstatt databaseinnhold med en eksportert JSON-fil,Replace database content using an exported JSON file,Cserélje le az adatbázis tartalmát egy exportált JSON-fájl használatával,Înlocuiți conținutul bazei de date folosind un fișier JSON exportat,Replace database content using an exported JSON file,Փոխարինեք տվյալների բազայի բովանդակությունը՝ օգտագործելով արտահանված JSON ֆայլ,החלף תוכן מסד נתונים באמצעות קובץ JSON מיוצא,استبدال محتوى قاعدة البيانات باستخدام ملف JSON تم تصديره,Αντικαταστήστε το περιεχόμενο της βάσης δεδομένων χρησιμοποιώντας ένα εξαγόμενο αρχείο JSON,エクスポートしたJSONファイルでデータベース内容を置き換え,604
ExportDatabase.WarningWillReplaceAll,WARNING: This will erase and replace all the data in the database,,,ADVERTENCIA: Esto borrará y reemplazará todos los datos en la base de datos.,,ADVERTENCIA: Esto borrará y reemplazará todos los datos en la base de datos.,ADVERTENCIA: Esto borrará y reemplazará todos los datos en la base de datos.,ADVERTENCIA: Esto borrará y reemplazará todos los datos en la base de datos.,ATTENTION: Ceci va effacer et remplacer toutes les données de la base de données.,,,AVISO: Isso apagará e substituirá todos os dados no banco de dados,ПРЕДУПРЕЖДЕНИЕ: Это приведет к удалению и замене всех данных в базе данных,WARNUNG: Das wird alle Daten in der Datenbank löschen und ersetzen,WARNING: This will erase and replace all the data in the database,WARNING: This will erase and replace all the data in the database,VAROITUS: Tämä poistaa ja korvaa kaikki tietokannan tiedot,ADVARSEL: Dette vil slette og erstatte alle dataene i databasen,WARNING: This will erase and replace all the data in the database,FIGYELMEZTETÉS: Ez törli és cseréli az adatbázisban lévő összes adatot,AVERTISMENT: Acest lucru va șterge și va înlocui toate datele din baza de date,WARNING: This will erase and replace all the data in the database,ԶԳՈՒՇԱՑՈՒՄ. Սա կջնջի և կփոխարինի տվյալների բազայի բոլոր տվյալները,אזהרה: זה ימחק ויחליף את כל הנתונים במסד הנתונים,تحذير: سيؤدي هذا إلى مسح واستبدال جميع البيانات في قاعدة البيانات,ΠΡΟΕΙΔΟΠΟΙΗΣΗ: Αυτό θα διαγράψει και θα αντικαταστήσει όλα τα δεδομένα στη βάση δεδομένων,警告：これによりデータベース内のすべてのデータが消去・置き換えられます,605
PlatesCollarBarbell,"Plates, collar and barbell",,,"Discos, collarín, barra",,"Discos, collarines y barra","Discos, Collarin, Barra","Discos, collarín, barra","Haltère, disques et bagues","Barre, plaques et collet",,"Anilhas, Presilha e Barra",Количество дисков и вес грифа,"Scheiben, Verschluss und Hantel","Skivor, klovar och skivstång","Skiver, lås og stang","Levypainot, lukot ja tanko","Skiver, lås og stang","Plates, collar and barbell","Tárcsák, szorító és rúd","Discuri, bucșe și bară","Plates, collar and barbell","Կշռաքարեր, փականներ և ծանրաձող","פלטות, סוגר ומוט",الأقراص، الطوق والبار,"Κιλά, ασφάλειες και μπάρα",プレート、カラー、バーベル,606
Coach,Coach,,,Entrenador,,Entrenador,Entrenador,Entrenador,Entraîneur,,Coach,Treinador,Тренер,Trainer,Coach,Træner,Valmentaja,Trener,Coach,Edző,Antrenor,Trener,Մարզիչ,מאמן,المدرب,Προπονητής,コーチ,607
Custom1.Title,Additional Info 1,,,Información adicional 1,,Información adicional 1,Información adicional 1,Información adicional 1,Info 1,,,Informação Adicional 1,Отчество,Zusatzinfo 1,Ytterligare Info 1,Yderligere Info 1,Lisätieto 1,Ytterligere informasjon 1,Additional Info 1,További információ 1,Informații suplimentare 1,Additional Info 1,Մարզական կարգ,מידע נוסף 1,معلومات إضافية 1,Πρόσθετες πληροφορίες 1,追加情報1,608
Custom2.Title,Additional Info 2,,,Información adicional 2,,Información adicional 2,Información adicional 2,Información adicional 2,Info 2,,,Informação Adicional 2,Разряд (звание),Zusatzinfo 2,Ytterligare Info 2,Yderligere Info 2,Lisätieto 2,Ytterligere informasjon 2,Additional Info 2,További információ 2,Informații suplimentare 2,Additional Info 2,Այլ տեղեկություն,מידע נוסף 2,معلومات إضافية 2,Πρόσθετες πληροφορίες 2,追加情報2,609
SelectTemplate,Select Template,,,Seleccionar plantilla,,Seleccionar plantilla,Seleccionar plantilla,Seleccionar plantilla,Choisir le modèle de document,,,Selecione o Modelo,Выберите шаблон,Vorlage auswählen,Välj mall,Vælg skabelon,Valitse malli,Velg Mal,Select Template,Válasszon Sablont,Selectați șablon,Select Template,Ընտրել շաբլոնը,בחר תבנית,اختر قالب,Επιλέξτε Πρότυπο,テンプレートを選択,610
Download,Download,,,Descargar,,Descargar,Descargar,Descargar,Télécharger,,,Download,Скачать,Download,Download,Download,Lataa,Last ned,Download,Letöltés,Descarca,Download,Ներբեռնել,הורד,تنزيل,Λήψη,ダウンロード,611
NoAthletes,No Athletes,,,Sin Levantadores,,Sin levantadores,Sin Levantadores,Sin Levantadores,Aucun athlète,,,Nenhum Atleta,Нет спортсменов,Keine Athleten,Inga lyftare,Ingen atleter,Ei nostajia,Ingen utøvere,No Athletes,Nincsenek versenyzők,Fără sportivi,No Athletes,Մարզիկներ չկան,אין ספורטאים,لا رياضيين,Όχι Αθλητές,選手なし,612
GroupSize,Size,,,Tamaño,,Tamaño,Tamaño,Tamaño,Taille,,,Tamanho,Кол-во человек в потоке,Größe,Storlek,Størrelse,Koko,Størrelse,Size,Méret,Mărimea,Size,Չափ,גודל,الحجم,Μέγεθος,サイズ,613
Default,Default,,,Por Defecto,,Defecto,Defecto,Por Defecto,Défaut,,,Padrão,Default,Standard,Default,Default,Oletusarvo,Standard,Default,Alapértelmezett,Mod implicit,Default,Լռելյայն,ברירת מחדל,افتراضي,Αθέτηση,デフォルト,614
CeremonyType.MEDALS,Medals,,,Medallas,,Medallas,Medallas,Medallas,Médailles,,,Medalhas,Награждение,Medaillen,Medaljer,Medaljer,Mitalit,Medaljer,Heiðursmerkir,Érmek,Medalii,Medals, Պարգևատրում,מדליות,الميداليات,Μετάλλια,メダル,615
PublicMsg.Medals,Medal Ceremony,,,Entrega de Medallas,,Entrega de Medallas,Entrega de Medallas,Entrega de Medallas,Remise de médailles,,,Cerimônia de Premiação,Церемония награждения,Siegerehrung,Prisceremoni,Præmieoverrækkelse,Mitaliseremonia,Medaljeseremoni,Medal Ceremony,Éremátadási ceremónia,Ceremonia de medaliere,Medal Ceremony,🏆🏅ՊԱՐԳԵւԱՏՐՈւՄ🏅🏆,טקס הענקת מדליות,مراسم توزيع الميداليات,Τελετή Μεταλλίων,表彰式,616
OBS.MonitoringButton,Status Monitor,,,Monitoreo del Estado,,Monitoreo del Estado ,Monitoreo del Estado,Monitoreo del Estado,Suivre le statut courant,,,Monitor de Status,Монитор состояния,Status Monitor,Monitorstatus,Status Monitor,Tilanne näyttö,Status Monitor,Status Monitor,Állapotfigyelő,Monitor de stare,Status Monitor,Կարգավիճակի էկրան,צג סטטוס,زر مراقبة الحالة,Παρακολούθηση κατάστασης,ステータスモニター,617
BreakType.GROUP_DONE,Session Done,,,Tanda Lista,,Tanda Lista,Grupo Listo,Tanda Lista,Plateau terminé,Session terminée,,Sessão Encerrada,Выступление завершено,Gruppe fertig,Gruppen är klar.,Session afsluttet,Ryhmä valmis,Pulje ferdig,Session Done,Csoport kész,Sesiunea gata,Group Done,Մրցելույթը ավարտված է,מקצה הסתיים,الجلسة مكتملة,Η συνεδρία ολοκληρώθηκε,セッション終了,618
Group.Description,Description,,,Descripción,,Descripción,Descripción,Descripción,Description,Description,,Descrição,Описание потока,Beschreibung,Beskrivning,Beskrivelse,Kuvaus,Beskrivelse,Description,Leírás,Descriere,Description,Խմբի նկարագրություն,תיאור,الوصف,Περιγραφή,説明,619
SelectAgeGroup,Select Age Group,,,Seleccionar Grupo de Edad,,Seleccionar Grupo de Edad,Seleccionar Grupo de Edad,Seleccionar Grupo de Edad,Groupe d'âge,Groupe d'âge,,Selecionar a faixa etária,Выберите возрастную группу,Alterklasse auswählen,Select Age Group,Vælg aldersgruppe,Valitse Ikäryhmä,Velg Aldersgruppe,Select Age Group,Válassza a Korcsoport lehetőséget,Selectați Grup de vârstă,Select Age Group,Ընտրել տարիքային խումբը,בחר קבוצת גיל,اختر المجموعة العمرية,Επιλέξτε Ηλικιακή ομάδα,年齢区分を選択,620
Settings.TurnOnSound,Emit warning sounds,,,Emitir sonidos de advertencia,,Emitir sonidos de advertencia,Emitir sonidos de advertencia,Emitir sonidos de advertencia,Émettre avertissements sonores,,,Emite sons de advertência,Включить предупреждающие звуки,Warntöne ausgeben,Emit warning sounds,Udsend lyd (signaler),Lähettää varoitusääniä,Send ut varsellyder,Emit warning sounds,Adjon ki figyelmeztető hangokat,Emite sunete de avertizare,Emit warning sounds,Միացնել զգուշացնող ազդանշաններ,הפק צלילי אזהרה,تفعيل أصوات التحذير,Εκπέμπουν προειδοποιητικούς ήχους,警告音を鳴らす,621
Settings.TurnOffSound,Turn off warning sounds,,,Desactivar sonidos de advertencia,,Desactivar sonidos de advertencia,Desactivar sonidos de advertencia,Desactivar sonidos de advertencia,Ne pas émettre d'avertissements sonores,,,Desativar sons de advertência,Отключить предупреждающие звуки,Warntöne ausschalten,Stänger av varningsljud,Slå lyd (signaler) fra,Sammuta varoitusäänet,Slå av varsellyder,Turn off warning sounds,Kapcsolja ki a figyelmeztető hangokat,Oprește sunetul de avertizare,Turn off warning sounds,Անջատել զգուշացնող ազդանշանները,השתק צלילי אזהרה,إيقاف أصوات التحذير,Απενεργοποιήστε τους προειδοποιητικούς ήχους,警告音を消す,622
NoGroup,No Session,,,Sin Tanda Seleccionada,,Sin Tanda Seleccionada,Sin Grupo Seleccionado,Sin Tanda Seleccionada,Pas de plateau,Pas de session,,Nenhuma Sessão,Без потока,Keine Gruppe,Ingen grupp,Ingen session,Ei Ryhmää,Ingen pulje,No Session,Nincs csoport,Fără sesiune,No Group,Առանց խմբի,אין מקצה,لا توجد جلسة محددة,Καμία συνεδρία,セッションなし,623
BreakButton.SummonReferees,Call Referee(s),,,Llamar Árbitro(s),,Llamar juez (jueces),Llamar árbitro(s),Llamar Árbitro(s),Appeler arbitre(s),,,Chamar Árbitro(s),Вызов судей на помосте к столу жюри,Kampfrichter rufen,Kalla på domare,Kald på dommer(-e),Kutsu tuomari(-t),Tilkall dommer(e),Call Referee(s),Bíró(k) hívása,Apelați arbitrul(ii),Call Referee(s),Կանչել մրցավարներին ժյուրիի սեղան,קרא לשופט/ים,استدعاء الحكم,Κλήση διαιτητή(ων),審判を呼び出す,624
Competition.decisionRequestDelayLabel,Referee Decision Reminder Delay (ms),,,Retardo del recordatorio de la decisión del árbitro (ms),,Recordatorio de retrasoe en la decisión del Juez (ms),Retraso del recordatorio de la decisión del árbitro (ms),Retardo del recordatorio de la decisión del árbitro (ms),Délai pour sonnerie de rappel de décision (ms),,,Atraso do Lembrete de Decisão do Árbitro (ms),Задержка напоминания о решении судьи (в миллисекундах),Verzögerung der Kampfrichterentscheidungserinnerung (ms),Domarbeslut Reminder Delay (ms),Referee Decision Reminder Delay (ms),Erotuomarin päätösmuistutuksen viive (ms),Påminnelse for dommeravgjørelse (ms),Referee Decision Reminder Delay (ms),Bírók döntésre emlékeztető késleltetés (ms),Întârziere pentru reamintirea deciziei arbitrului (ms),Referee Decision Reminder Delay (ms),Մրցավարի որոշման հիշեցման ուշացում (միկրովայրկյաններով),השהיית תזכורת להחלטת שופט (ms),تأخير تذكير قرار الحكم (بالمللي ثانية),Υπενθύμιση απόφασης κριτή (ms),審判判定リマインダー遅延（ミリ秒）,625
JuryNotification.END_CALL_REFEREES,End of referee discussion. Competition resumes.,,,Fin de la discusión con los árbitros. Se reanuda la competencia.,,Fin de la discusión con los jueces. Se reanuda la competición.,Fin de la discusión del árbitro. Se reanuda la competencia.,Fin de la discusión con los árbitros. Se reanuda la competencia.,Discussion terminée. Reprise de la compétition.,,,Os árbitros são chamados para a mesa do Júri,Соревнования продолжаются,Kampfrichter werden an den Jury-Tisch gerufen,Domarna kallas till Jurybordet.,Konkurrencen genoptages,Tuomarikeskustelun loppu. Kilpailu jatkuu.,Dommerdiskusjon avsluttet. Konkurransen gjenopptas.,End of referee discussion. Competition resumes.,A Bírói tanácskozás vége. A verseny folytatódik.,Sfârșitul discuției arbitrilor. Competiția se reia.,End of referee discussion. Competition resumes.,ՄՐՑՈՒՄՆԵՐԸ ՇԱՐՈՒՆԱԿՎՈՒՄ ԵՆ,סוף דיון ועדת שופטים. התחרות מתחדשת.,انتهاء مناقشة الحكم. استئناف المنافسة.,Τέλος συζήτησης διαιτησίας. Συνεχίζεται ο διαγωνισμός.,審判の協議が終了しました。試合を再開します,626
JuryNotification.START_DELIBERATION,Jury Deliberation Started,,,Se inició la deliberación del jurado,,Se inició la deliberación del jurado,Se inició la deliberación del jurado,Se inició la deliberación del jurado,Délibération du jury.,,,Deliberação do Júri Iniciada,Жюри стоп,Juryberatung gestartet,Juryn har påbörjat diskussion,Jury votering startet,Jury käsittely alkoi,Jurydiskusjon startet,Jury Deliberation Started,Elkezdődött a zsűri tanácskozása,Deliberarea juriului a început,Jury Deliberation Started,Ժյուրիի քննարկումը սկսվեց,התחיל דיון ועדת השופטים,بدء تداول الهيئة التحكيمية,Ξεκίνησε η συζήτηση της κριτικής επιτροπής,ジュリーの協議を開始しました,627
JuryNotification.END_DELIBERATION,End of Jury Deliberation,,,Fin de la deliberación del jurado,,Fin de la deliberación del jurado,Fin de la deliberación del jurado,Fin de la deliberación del jurado,Fin de la délibération.,,,Fim da Deliberação do Júri,Соревнования продолжаются,Ende der Jury-Beratung,Juryn har diskuterat klart.,Jury votering afsluttet,Juryn käsittely päättyi,Slutt på jurydiskusjon,End of Jury Deliberation,A zsűri tanácskozásának vége,Sfârșitul deliberării juriului,End of Jury Deliberation,Ժյուրիի քննարկման ավարտը,סוף דיון ועדת השופטים,انتهاء تداول الهيئة التحكيمية,Τέλος συζήτησης της κριτικής επιτροπής,ジュリーの協議が終了しました,628
JuryNotification.TECHNICAL_PAUSE,Jury Technical Break,,,Inconveniente Técnico,,Pausa técnica del Jurado,Inconveniente Técnico,Inconveniente Técnico,Pause technique (Jury),,,Problema Técnico,Техническая пауза,Technischer Fehler,Tekniska problem,Tekniske problemer,Jury Tekninen tauko,Teknisk jury pause,Jury Technical Break,Zsűri technikai szünet,Pauza tehnică a juriului,Jury Technical Break,Տեխնիկական դադար,הפסקה טכנית של ועדת השופטים,استراحة فنية للجنة التحكيم,Τεχνικό διάλειμμα της κριτικής επιτροπής,ジュリーによるテクニカルブレイク,629
JuryNotification.END_TECHNICAL_PAUSE,End of Jury Technical Break. Competition resumes.,,,Fin de la pausa técnica,,Fin de la pausa técnica,Fin de la pausa técnica,Fin de la pausa técnica,Fin de la pause technique du Jury. Reprise de la compétition.,,,Fim do Intervalo Técnico,Соревнования продолжаются,Ende der technischen Unterbrechung,Slut på teknisk paus,Technical Break er afsluttet,Juryn teknisen tauon päättyminen. Kilpailu jatkuu.,Slutt på teknisk pause. Konkurransen gjenopptas.,End of Jury Technical Break. Competition resumes.,Vége a zsűri technikai szünetének. A verseny folytatódik.,Sfârșitul pauzei tehnice a juriului. Competiția se reia.,End of Jury Technical Break. Competition resumes.,Տեխնիկական դադարի ավարտը,סוף הפסקה טכנית של ועדת השופטים. התחרות מתחדשת.,انتهاء الاستراحة الفنية. استئناف المنافسة.,Τέλος του τεχνικού διαλείμματος της κριτικής επιτροπής. Συνεχίζεται ο διαγωνισμός.,テクニカルブレイクが終了しました。試合を再開します,630
JuryNotification.END_JURY_BREAK,Resume Competition,,,Reanudar la competencia,,Reanudar la competición,Reanudar la competencia,Reanudar la competencia,Reprendre la compétition,,,Retomar a Competição,Обсуждение жюри и судей на помосте завершено,Wettkampf fortsetzen,Sätt igång tävlingen igen,Genoptag konkurrencen,Kilpailu jatkuu,Gjenoppta konkurransen,Resume Competition,Verseny folytatása,Reluați competiția,Resume Competition,Վերսկսել մրցույթը,חדש את התחרות,استئناف المنافسة,Βιογραφικό Διαγωνισμό,試合を再開,631
JuryNotification.PleaseSeeJury,Please see Jury,,,Por favor ver Jurado,,Por favor ver Jurado,Por favor vea Jurado,Por favor ver Jurado,SVP voir Jury,,,"Por favor, olhar para o Júri",Вас вызывает жюри,Siehe Jury,Gå till juryn,Konsultér Juryen,Katso Jury,Se juryen,Please see Jury,"Kérjük, konzultáljon a zsűrivel",Vă rugăm să consultați juriul,Please see Jury,Ժյուրին կանչում է ձեզ,אנא ראה ועדת שופטים,يرجى مراجعة الهيئة التحكيمية,Δείτε την κριτική επιτροπή,ジュリーに確認してください,632
JuryNotification.PleaseEnterDecision,Waiting for decision,,,Esperando decisión,,Esperando decisión,Esperando decisión,Esperando decisión,Décision attendue,,,Aguardando decisão,Ожидание решения,Warten auf Entscheidung,Väntar på beslut,Afventer afgørelse,Odottaa päätöstä,Venter på avgjørelse,Waiting for decision,Döntésre várva,În așteptarea deciziei,Waiting for decision,Սպասում է որոշման,מחכה להחלטה,في انتظار القرار,Εν αναμονή της απόφασης,判定を待っています,633
JuryNotification.Confirmed,Jury Confirmation,,,Confirmación del Jurado,,Confirmación del Jurado,Confirmación del Jurado,Confirmación del Jurado,Décision confirmée,,,Confirmação do Júri,Решение жюри,Bestätigung der Jury,Bekräftelse från Juryn,Jury bekræftelse,Jury vahvistus,Jurybekreftelse,Jury Confirmation,A zsűri döntés megerősítése,Confirmarea juriului,Jury Confirmation,Ժյուրիի հաստատում,אישור ועדת השופטים,تأكيد الهيئة التحكيمية,Επιβεβαίωση κριτικής επιτροπής,ジュリーの確認,634
JuryNotification.Reversal,Jury REVERSAL,,,REVERSIÓN DEL Jurado,,REVOCACIÓN DEL Jurado,REVERSIÓN DEL Jurado,REVERSIÓN DEL JURADO,Décision RENVERSÉE,,,Reversão do Júri,Решение жюри,Die Jury ändert die Entscheidung,Juryn ändrar beslutet.,Juryen OMSTØDER,Jury MUUTOS,Juryen REVERSERING,Jury REVERSAL,Zsűri döntés VISSZAVONÁS,JURII ANULARE,Jury REVERSAL,Ժյուրիի ՎԵՐԱՆԱՅՈւՄ,ביטול ועדת השופטים,عكس قرار الهيئة التحكيمية,ΑΝΤΙΣΤΡΟΦΗ κριτικής επιτροπής,ジュリーの判定変更,635
JuryNotification.CallTechnicalController,Technical Controller is called to Jury table,,,El controlador técnico es llamado a la mesa del jurado,,El controlador técnico es llamado a la mesa del jurado,El controlador técnico es llamado a la mesa del jurado,El controlador técnico es llamado a la mesa del jurado,Le contrôleur technique est demandé à la table du jury,,,Controlador Técnico é chamado à mesa do Júri,Жюри вызывает технического контролера,Technischer Kontrolleur wird an den Jury-Tisch gerufen,Tekniska kontrollanten kallas till Jurybordet.,Technical Controller kaldt til Juryen,Tekninen tarkastaja on kutsuttu Jury-pöydälle,Teknisk kontrollør kalles til jurybordet,Technical Controller is called to Jury table,A technikai ellenőrt a zsűri az asztalához hívja,Controlorul tehnic este chemat la masa juriului,Technical Controller is called to Jury table,Ժյուրիի սեղան հրավիրվում է տեխնիկական հսկիչը,בקר טכני נקרא לשולחן ועדת השופטים,تم استدعاء المراقب الفني إلى طاولة الهيئة التحكيمية,Ο Τεχνικός Ελεγκτής καλείται στο τραπέζι της κριτικής επιτροπής,テクニカルコントローラーをジュリー席に呼び出し,636
JuryNotification.GoodLift,{0}: Good Lift for {1} on attempt #{2},,,{0}: levantamiento válido para {1} en el intento n. ° {2},,{0}: levantamiento válido para {1} en el intento n. ° {2},{0}: levantamiento válido para {1} en el intento n. ° {2},{0}: Levantamiento válido para {1} en el intento n. ° {2},"{0}: Lever accepté pour {1}, essai #{1}",,,{0}: Movimento Válido Para {1} na Tentativa #{2},{0}: Подъем засчитан для {1} попытка №{2},{0}: Gültig für {1} auf Versuch #{2},{0}: Godkänt lyft för {1} i försök #{2},{0}: Løft godkendt for {1} i forsøg nr {2},{0}: Hyväksytty nosto {1} yritys #{2},{0}: Godkjent løft for {1} ved forsøk #{2},{0}: Good Lift for {1} on attempt #{2},{0}: Jó emelkedés {1} számára a {2} számú kísérletnél,{0}: Încercare reușită pentru {1} la încercarea #{2},{0}: Good Lift for {1} on attempt #{2},{0}: {1}ի  №{2} մոտեցումը հաշվվում է,{0}: ניסיון מוצלח עבור {1} בניסיון #{2},رفع مقبول لـ {1} في المحاولة رقم {2},{0}: Καλή ανύψωση για {1} στην προσπάθεια #{2},{0}: {1} の第 #{2}試技は「成功」です,637
JuryNotification.BadLift,{0}: No Lift for {1} on attempt #{2},,,{0}: levantamiento nulo para {1} en el intento n.º {2},,{0}: levantamiento nulo para {1} en el intento n.º {2},{0}: levantamiento nulo para {1} en el intento n.º {2},{0}: Levantamiento nulo para {1} en el intento n.º {2},"{0}: Lever refusé pour {1}, essai #{1}",,,{0}: Movimento Inválido para {1} na Tentativa nº {2},{0}: Подъем не засчитан для {1} попытка №{2},{0}: Ungültig für {1} auf Versuch #{2},{0}: Icke godkänt lyft {1} i försök #{2},{0}: Løft underkendt for {1} i forsøg nr {2},{0}: Hylätty nosto {1} yritys #{2},{0}: Ingen løft for {1} ved forsøk #{2},{0}: No Lift for {1} on attempt #{2},{0}: Sikertelen gyakorlat az {1} kísérlet # {2},{0}: Încercare nereușită pentru {1} Încercare #{2},{0}: No Lift for {1} on attempt #{2},{0}: {1}ի  №{2} մոտեցումը չի հաշվվում,{0}: ניסיון לא מוצלח עבור {1} בניסיון #{2},رفع مرفوض لـ {1} في المحاولة رقم {2},{0}: Χωρίς ανύψωση για {1} στην προσπάθεια #{2},{0}: {1} の第 #{2}試技は「失敗」です,638
JuryNotification.LoadingError,Loading Error Decision Procedure,,,Procedimiento de decisión por error de carga,,Procedimiento de decisión de error de carga,Procedimiento de decisión de error de carga,Procedimiento de decisión por error de carga,Procédure de décision en cas d'erreur de chargement,,,Procedimento de decisão de erro de carregamento,Loading Error Decision Procedure,Fehlerentscheidungsverfahren laden,Klovningsfel! Beslutsprocess.,Loader Error Decision Procedure,Latausvirheen päätösmenettely,Laster feilbeslutningsprosedyre,Loading Error Decision Procedure,Betöltési hibával kapcsolatos döntési eljárás,Procedura de decizie a eroarii de încărcare,Loading Error Decision Procedure,Որոշման կայացման գործընթացի բեռնման սխալ,נוהל החלטה על שגיאת טעינה,إجراء قرار خطأ التحميل,Σφάλμα φόρτωσης Διαδικασία απόφασης,装填ミス判定手続き,639
JuryNotification.Confirmed,Jury Confirmation,,,Confirmación del Jurado,,Confirmación del Jurado,Confirmación del Jurado,Confirmación del Jurado,Décision confirmée,,,Confirmação do Júri,Решение жюри,Bestätigung der Jury,Bekräftelse från Juryn,Jury bekræftelse,Jury Vahvistus,Jurybekreftelse,Jury Confirmation,Zsűridöntés megerősítése,Confirmare decizie juriului,Jury Confirmation,ԺՅՈւՐԻԻ ՀԱՍՏԱՏՈւՄ,אישור ועדת השופטים,تأكيد الهيئة التحكيمية,Επιβεβαίωση κριτικής επιτροπής,ジュリーの確認,640
JuryNotification.Reversal,Jury REVERSAL,,,REVERSIÓN DEL JURADO,,REVERSIÓN DEL JURADO,REVERSIÓN DEL JURADO,REVERSIÓN DEL JURADO,Décision RENVERSÉE,,,Reversão do Júri,Решение жюри,Jury ÜBERSTIMMUNG,Juryn ändrar beslutet.,Juryen OMSTØDER,Jury MUUTOS,Juryen REVERSERING,Jury REVERSAL,Zsűridöntés VISSZAVONÁS,ANULARE DECIZIE JURIU,Jury REVERSAL,ԺՅՈւՐԻԻ ՎԵՐԱՆԱՅՈւՄ,ביטול ועדת השופטים,عكس قرار الهيئة التحكيمية,ΑΝΤΙΣΤΡΟΦΗ κριτικής επιτροπής,ジュリーの判定変更,641
JuryNotification.CallTechnicalController,Technical Controller is called to Jury table,,,El controlador técnico es llamado a la mesa del jurado,,El controlador técnico es llamado a la mesa del jurado,El controlador técnico es llamado a la mesa del jurado,El controlador técnico es llamado a la mesa del jurado,Le contrôleur technique est demandé à la table du jury,,,Controlador Técnico é chamado à mesa Júri,Жюри вызывает технического контролера,Technischer Kontrolleur wird an den Jury-Tisch gerufen,Tekniska kontrollanten kallas till Jurybordet.,Technical Controller kaldt til Juryen,Tekninen tarkastaja on kutsuttu Jury-pöydälle,Teknisk kontrollør kalles til jurybordet,Technical Controller is called to Jury table,A technikai ellenőrt a zsűri asztalához hívják,Controlorul tehnic este chemat la masa juriului,Technical Controller is called to Jury table,ԺՅՈւՐԻՆ ԿԱՆՉՈւՄ Է ՏԵԽՆԻԿԱԿԱՆ ՀՍԿԻՉԻՆ,בקר טכני נקרא לשולחן ועדת השופטים,تم استدعاء المراقب الفني إلى طاولة الهيئة التحكيمية,Ο Τεχνικός Ελεγκτής καλείται στο τραπέζι της κριτικής επιτροπής,テクニカルコントローラーをジュリー席に呼び出し,642
JuryNotification.GoodLift,{0}: Good Lift for {1} on attempt #{2},,,{0}: levantamiento válido para {1} en el intento n. ° {2},,{0}: buen incremento para {1} en el intento n. ° {2},{0}: buen incremento para {1} en el intento n. ° {2},{0}: levantamiento válido para {1} en el intento n. ° {2},"{0}: Lever accepté pour {1}, essai #{1}",,,{0}: Movimento Válido para {1} na Tentativa #{2},{0}: Подъем засчитан для {1} попытка №{2},{0}: Gültig für {1} auf Versuch #{2},{0}: Godkänt lyft för {1} i försök #{2},{0}: Løft godkendt for {1} i forsøg nr {2},{0}: Hyväksytty nosto {1} yritys #{2},{0}: Godkjent løft for {1} ved forsøk #{2},{0}: Good Lift for {1} on attempt #{2},{0}: Sikeres gyakorlat az {1} kísérlet # {2},{0}: Încercare reușită pentru {1} Încercare #{2},{0}: Good Lift for {1} on attempt #{2},{0}: {1}ի  №{2} մոտեցումը հաշվվում է,{0}: ניסיון מוצלח עבור {1} בניסיון #{2},رفع مقبول لـ {1} في المحاولة رقم {2},{0}: Καλή ανύψωση για {1} στην προσπάθεια #{2},{0}: {1} の第 #{2}試技は「成功」です,643
JuryNotification.BadLift,{0}: No Lift for {1} on attempt #{2},,,{0}: levantamiento nulo para {1} en el intento n.º {2},,{0}: sin aumento para {1} en el intento n.º {2},{0}: sin aumento para {1} en el intento n.º {2},{0}: levantamiento nulo para {1} en el intento n.º {2},"{0}: Lever refusé pour {1}, essai #{1}",,,{0}: Movimento Inválido para {1} na Tentativa nº {2},{0}: Подъем не засчитан для {1} попытка №{2},{0}: Ungültig für {1} auf Versuch #{2},{0}: Icke godkänt lyft {1} i försök #{2},{0}: Løft underkendt for {1} i forsøg nr {2},{0}: Hylätty nosto {1} yritys #{2},{0}: Ingen løft for {1} ved forsøk #{2},{0}: No Lift for {1} on attempt #{2},{0}: Sikertelen gyakorlat az {1} kísérlet # {2},{0}: Încercare nereușită pentru {1} Încercare #{2},{0}: No Lift for {1} on attempt #{2},{0}: {1}ի  №{2} մոտեցումը չի հաշվվում,{0}: ניסיון לא מוצלח עבור {1} בניסיון #{2},رفع مرفوض لـ {1} في المحاولة رقم {2},{0}: Χωρίς ανύψωση για {1} στην προσπάθεια #{2},{0}: {1} の第 #{2}試技は「失敗」です,644
JuryDialog.NoCurrentAthlete,No Decision to Review,,,No hay decisión para revisar,,No hay decisión de revisar,No hay decisión de revisar,No hay decisión para revisar,Pas de décision à réviser,,,Nenhuma Decisão para Revisar,Нет спортсмена,Keine Entscheidung zur Überprüfung,No Decision to Review,No Decision to Review,Ei päätöstä tarkistettavaksi,Ingen avgjørelse å vurdere,No Decision to Review,Nincs döntés felülvizsgálatra,Nicio decizie de revizuit,No Decision to Review,ՄԱՐԶԻԿԸ ԲԱՑԱԿԱՅՈւՄ Է,אין החלטה לבדיקה,لا توجد قرارات للمراجعة,Καμία απόφαση για επανεξέταση,審議対象の判定はありません,645
JuryDialog.ResumeCompetition,Resume Competition,,,Reanudar la competencia,,Reanudar la competición,Reanudar la competencia,Reanudar la competencia,Reprendre la compétition,,,Retomar a Competição,Продолжить соревнования,Wettkampf fortsetzen,Sätt igång tävlingen igen,Genoptag konkurrencen,Kilpailu jatkuu,Gjenoppta konkurransen,Resume Competition,Verseny folytatása,Reluați competiția,Resume Competition,ՎԵՐՍԿՍԵԼ ՄՐՑՈւՄԸ,חדש את התחרות,استئناف المنافسة,Βιογραφικό Διαγωνισμό,試合を再開します,646
JuryDialog.AllReferees,All,,,Todos,,Todos,Todos,Todos,Tous,,,Todos,Все судьи на помосте,Alle,All,Alle,Kaikki,Alle,All,Minden,Tot,All,ԲՈԼՈՐԸ,כולם,الكل,Ολοι,すべて,647
JuryDialog.SummonRefereesLabel,Call Referee(s),,,Llamar Árbitro(s),,Llamada a los jueces,Llamar árbitro(s),Llamar Árbitro(s),Appeler arbitre(s),,,Chamar Árbitro(s),Вызов судей на помосте,Kampfrichter rufen,Kalla på domare,Kald på dommer(-e),Kutsu tuomari(-t),Tilkall dommer(e),Call Referee(s),Bíró(k) felhívása,Apelați arbitrul(i),Call Referee(s),ԿԱՆՉԵԼ ՄՐՑԱՎԱՐ(ՆԵՐ)ԻՆ,קרא לשופט/ים,استدعاء الحكم,Κλήση διαιτητή(ων),審判を呼び出す,648
JuryDialog.BadLiftLabel,No Lift,,,Levantamiento NULO,,Levantamiento Nulo,Sin Levantar,Levantamiento NULO,Lever refusé,,,Movimento Inválido,Подъем не засчитан,Ungültig,Underkänt lyft,Underkendt løft,Hylätty nosto,Ikke godkjent løft,No Lift,Gyakorlat sikertelen,Încercare nereușită,NIe zaliczone,ՔԱՇԸ ՉԻ ՀԱՇՎՎՈւՄ,ניסיון לא מוצלח,رفع مرفوض,Χωρίς ανελκυστήρα,失敗,649
JuryDialog.GoodLiftLabel,Good Lift,,,Levantamiento VÁLIDO,,Levantamiento Válido,Buen Levantamiento,Levantamiento VÁLIDO,Lever accepté,,,Movimento Válido,Подъем засчитан,Gültig,Godkänt lyft,Godkendt løft,Hyväksytty nosto,Godkjent løft,Good Lift,Sikeres gyakorlat,Încercare reușită,Zaliczone,ՔԱՇԸ ՀԱՇՎՎՈւՄ Է,ניסיון מוצלח,رفع مقبول,Καλή ανύψωση,成功,650
JuryDialog.LoadingErrorLabel,Signal Loading Error,,,Señal de error de carga,,Señal de error de carga,Error de carga de señal,Señal de error de carga,Signaler une erreur de chargement,,,Erro de Carregamento de Sinal,Ошибка загрузки сигнала,Signalladefehler,Signal Loading Error,Signal Loading Error,Signaalin latausvirhe,Signalinnlastingsfeil,Signal Loading Error,Jelbetöltési hiba,Eroare de încărcare a semnalului,Signal Loading Error,Ազդանշանի բեռնման սխալ,אות שגיאת טעינה,إشارة خطأ التحميل,Σφάλμα φόρτωσης σήματος,装填ミスを通知,651
JuryDialog.LoadingError,Call Technical Controller,,,Llamar al controlador técnico,,Llamar al controlador técnico,Llame al controlador técnico,Llamar al controlador técnico,Appeler le contrôleur technique,,,Ligue para o Controlador Técnico,Вызов технического контролера,Technischen Kontrolleur rufen,Kalla på Teknisk kontrollant,Tilkald Technical Controller,Kutsu Tekninen Tarkastaja,Tilkall teknisk kontrollør,Call Technical Controller,Hívja a műszaki ellenőrt,Sunați controlorul tehnic,Call Technical Controller,Կանչել տեխնիկական հսկիչին,קרא לבקר טכני,اتصل بالمراقب الفني,Καλέστε τον Τεχνικό Ελεγκτή,テクニカルコントローラーを呼び出す,652
JuryDialog.CallControllerLabel,Call Technical Controller,,,Llamar al controlador técnico,,Llamar al controlador técnico,Llame al controlador técnico,Llamar al controlador técnico,Appeler le contrôleur technique,,,Ligue para o Controlador Técnico,Вызов технического контролера,Technischen Kontrolleur rufen,Kallla på Teknisk kontrollant,Tilkald Technical Controller,Kutsu Tekninen Tarkastaja,Tilkall teknisk kontrollør,Call Technical Controller,Hívja a műszaki ellenőrt,Sunați controlorul tehnic,Call Technical Controller,Կանչել տեխնիկական հսկիչին,קרא לבקר טכני,اتصل بالمراقب الفني,Καλέστε τον Τεχνικό Ελεγκτή,テクニカルコントローラーを呼び出す,653
JuryDialog.CallController,Call Technical Controller,,,Llamar al controlador técnico,,Llamar al controlador técnico,Llame al controlador técnico,Llamar al controlador técnico,Appeler le contrôleur technique,,,Ligue para o Controlador Técnico,Вызов технического контролера,Technischen Kontrolleur rufen,Kalla på Teknisk kontrollant,Tilkald Technical Controller,Kutsu Tekninen Tarkastaja,Tilkall teknisk kontrollør,Call Technical Controller,Hívja a műszaki ellenőrt,Sunați controlorul tehnic,Call Technical Controller,Կանչել տեխնիկական հսկիչին,קרא לבקר טכני,اتصل بالمراقب الفني,Καλέστε τον Τεχνικό Ελεγκτή,テクニカルコントローラーを呼び出す,654
JuryDialog.RefGoodLift,Good Lift,,,Levantamiento VÁLIDO,,Levantamiento Válido,Buen Levantamiento,Levantamiento VÁLIDO,Lever accepté,,,Movimento Válido,Подъем засчитан,Gültig,Godkänt lyft,Godkendt løft,Onnistunut nosto,Godkjent løft,Good Lift,Sikeres gyakorlat,Încercare reușită,Zaliczone,ՔԱՇԸ ՀԱՇՎՎՈւՄ Է,ניסיון מוצלח,رفع مقبول,Καλή ανύψωση,成功,655
JuryDialog.RefBadLift,No Lift,,,Levantamiento NULO,,Levantamiento Nulo,Sin Levantar,Levantamiento NULO,Lever refusé,,,Movimento Inválido,Подъем не засчитан,Ungültig,Underkänt lyft,Underkendt løft,Hylätty nosto,Ikke godkjent løft,No Lift,Gyakorlat sikertelen,Încercare nereușită,NIe zaliczone,ՔԱՇԸ ՉԻ ՀԱՇՎՎՈւՄ,ניסיון לא מוצלח,رفع مرفوض,Χωρίς ανελκυστήρα,失敗,656
JuryDialog.Accept,Confirm Decision,,,Decisión confirmada,,Decisión confirmada,Confirmar decisión,Decisión confirmada,Confirmer la décision,,,Confirmar Decisão,Подтвердить решение,Entscheidung bestätigen,Bekräfta domarbeslut,Bekræft afgørelse,Vahvista päätös,Bekreft avgjørelsen,Confirm Decision,Határozat megerősítése,Confirmați decizia,Confirm Decision,Հաստատեք որոշումը,אשר החלטה,تأكيد القرار,Επιβεβαιώστε την Απόφαση,判定を確定,657
JuryDialog.Reverse,Reverse Decision,,,Decisión revertida,,Decisión revocada,Decisión inversa,Decisión revertida,Renverser la décision,,,Reverter Decisão,Изменить решение,Entscheidung Rückgängig,Ändra domarbeslut,Omgør afgørelse,Käänteinen päätös,Endre dommeravgjørelse,Reverse Decision,Határozat visszavonva,Decizie revocată,Reverse Decision,Փոխել որոշումը,בטל החלטה,عكس القرار,Αντίστροφη απόφαση,判定を変更,658
JuryDialog.NotLiftedYet,Athlete has not lifted yet.,,,El atleta aún no ha levantado.,,El atleta aún no ha levantado.,El atleta aún no ha levantado.,El atleta aún no ha levantado.,L''athlète n''a pas encore levé,,,O Atleta ainda Não Levantou.,Спортсмен еще не поднимал,Athlet hat noch keine Hebung,Lyftaren har inte lyft ännu.,Atleten har endnu ikke løftet.,Nostaja ei ole vielä nostanut.,Utøver har ikke løftet seg ennå.,Athlete has not lifted yet.,A versenyző még nem emelte fel.,Concurentul nu a ridicat încă.,Athlete has not lifted yet.,Մարզիկը դեռ չի բարձրացրել:,הספורטאי עדיין לא הרים.,لم يرفع الرياضي بعد.,Ο αθλητής δεν έχει σηκώσει ακόμα.,選手はまだ試技を行っていません,659
JuryDialog.START_DELIBERATION,Jury Deliberation,,,Deliberación del Jurado,,Deliberación del Jurado,Deliberación del Jurado,Deliberación del Jurado,Délibération du jury,,,Reunião do Júri,Обсуждение жюри,Jury Beratung,Juryns diskussion,Jury stop,Jury käsittely,Juryens behandling,Jury Deliberation,Zsűri tanácskozás,Deliberarea juriului,Jury Deliberation,Ժյուրիի քննարկում,דיון ועדת השופטים,تداول الهيئة التحكيمية,Συζήτηση της κριτικής επιτροπής,ジュリーの協議中,660
JuryDialog.TECHNICAL_PAUSE,Jury Technical Break,,,Pausa técnica del Jurado,,Pausa técnica del Jurado,Inconveniente Técnico,Pausa técnica del Jurado,Pause technique (Jury),,,Problema Técnico,Техническая пауза,Technischer Fehler,Tekniska problem,Tekniske problemer,Jury Tekninen tauko,Teknisk jury pause,Jury Technical Break,Zsűri technikai szünet,Pauza tehnică a juriului,Jury Technical Break,ՏԵԽՆԻԿԱԿԱՆ ԴԱԴԱՐ,הפסקה טכנית של ועדת השופטים,استراحة فنية للجنة التحكيم,Τεχνικό διάλειμμα της κριτικής επιτροπής,ジュリーのテクニカルブレイク,661
JuryDialog.CALL_REFEREES,Referee Discussion,,,Discusión con el Juez,,Discusión con el Juez,Discusión con el Juez,Discusión con el Juez,Discussion avec arbitre(s),,,Discussão do Árbitro,Обсуждение жюри и судей на помосте,Kampfrichter Beratung,Domardiskussion,Dommervotering,Tuomari keskustelu,Dommerdiskusjon,Referee Discussion,Bírói megbeszélés,Consultație Între arbitrii,Referee Discussion,ԺՅՈւՐԻԻ Եւ ՄՐՑԱՎԱՐՆԵՐԻ ՔՆՆԱՐԿՈւՄ,דיון שופטים,مناقشة مع الحكم,Συζήτηση Διαιτητή,審判の協議中,662
Scoreboard.Medals,Medal Ceremony,,,Ceremonia de Premiación,,Entrega de Medallas,Entrega de Medallas,Ceremonia de Premiación,Remise de médailles,,,Cerimônia de Premiação,Церемония награждения,Siegerehrung,Prisceremoni,Præmieoverrækkelse,Mitaliseremonia,Medaljeseremoni,Heiðurshandan,Éremátadási ceremónia,Ceremonia de medaliere,Medal Ceremony,ՊԱՐԳԵւԱՏՐՈւՄ,טקס הענקת מדליות,مراسم توزيع الميداليات,Τελετή Μεταλλίων,表彰式,663
Scoreboard.NoMedalCategories,No medal results at this time.,,,Sin resultados de Medallas actualmente,,No hay resultados de medallas en este momento.,No hay resultados de medallas en este momento.,Sin resultados de Medallas actualmente,Pas de classement de médailles en ce moment.,,,Nenhum resultado de medalhas neste momento.,На данный момент результатов для награждения нет,Keine Medaillenergebnisse zu diesem Zeitpunkt.,Inga medaljresultat ännu,Ingen medalje resultater på dette tidpunkt,Tällä hetkellä ei mitalituloksia.,Ingen medaljeresultater for øyeblikket.,Eingin heiðursmerkir enn,Jelenleg nincs érem.,Niciun rezultat pentru medalii în acest moment.,No medal results at this time.,Այս պահին մեդալների արդյունք չկա:,אין תוצאות מדליות כרגע.,لا توجد نتائج ميداليات في هذا الوقت.,Δεν υπάρχουν αποτελέσματα για μετάλλια αυτή τη στιγμή.,現在、メダル結果はありません,664
Scoreboard.Group,Session,,,Tanda,,Tanda,Grupo,Tanda,Plateau,Session,,Sessão,Поток,Gruppe,Grupp,Session,Ryhmä,Pulje,Bólkur,Verseny,Sesiunea ,Group,Խումբ,מקצה,الجلسة,Συνεδρίαση,セッション,665
BreakMgmt.startIntro,Start Introduction,,,Comienza la presentación,,Comienza la presentación,Inicio Introducción,Comienza la presentación,Début de  la présentation,,,Iniciar a Apresentação,Начать представление,Vorstellung beginnen,Start av defilering,Start Præsentation,Aloita esittely,Start defilering,Start Introduction,Bevezetés Indítása,Start introducerea,Start Introduction,Սկսել ներկայացումը,התחל הצגה,بدء المقدمة,Έναρξη Εισαγωγή,選手紹介を開始,666
BreakMgmt.endIntro,End Introduction,,,Finaliza la presentación,,Finaliza la presentación,Introducción final,Finaliza la presentación,Fin de la présentation,,,Fim da Apresetação,Закончить представление,Vorstellung beenden,Slut på defilering,Afslut Præsentation,Esittely päättyy,Avslutt defilering,End Introduction,Bevezetés vége,Introducere Încheiată,End Introduction,Ավարտել ներկայացումը,סיים הצגה,انتهاء المقدمة,Τέλος Εισαγωγή,選手紹介を終了,667
BreakMgmt.startMedals,Start Medal Ceremony,,,Comienza la ceremonia de premiación,,Comienza la entrega de Medallas,Ceremonia de entrega de medallas de inicio,Comienza la ceremonia de premiación,Débuter la remise,,,Iniciar cerimônia de entrega de medalhas,Начать награждение,Siegerehrung beginnen,Start av medaljceremoni,Start præmieoverrækkelse,Aloita Mitaliseremonia,Start medaljeseremoni,Start Medal Ceremony,Éremátadó ünnepséget kezdése,Începe ceremonia de medalie,Start Medal Ceremony,Սկսել պարգևատրման արարողությունը,התחל טקס הענקת מדליות,بدء مراسم توزيع الميداليات,Έναρξη Τελετής Μεταλλίων,表彰式を開始,668
BreakMgmt.endMedals,End Medal Ceremony,,,Finaliza la ceremonia de premiación,,Finaliza la entrega de Medallas,Ceremonia final de entrega de medallas,Finaliza la ceremonia de premiación,Fin de la remise,,,Fim da Cerimônia de Medalhas,Закончить награждение,Siegerehrung beenden,Slut av medaljceremoni,Afslut præmieoverrækkelse,Päätä Mitaliseremonia,Avslutt medaljeseremoni,End Medal Ceremony,Éremátadó ünnepség Vége,Sfîrșitul ceremoniei de medalie,End Medal Ceremony,Ավարտել պարգևատրման արարողությունը,סיים טקס הענקת מדליות,انتهاء مراسم توزيع الميداليات,Τελετή λήξης μεταλλίων,表彰式を終了,669
BreakMgmt.Ceremonies,Introduction and Medals,,,Presentación y Entrega de Medallas,,Presentación y Entrega de Medallas,Introducción y Medallas,Presentación y Entrega de Medallas,Présentation et médailles,,,Apresentação e Medalhas,Представление и награждение,Vorstellung und Medaillen,Defilering och medaljer,Præsentation & Præmieoverrækkelse,Esittely ja mitalit,Defilering og medaljer,Introduction and Medals,Bemutatás és érmek átadása,Prezentarea și predarea medaliilor,Introduction and Medals,Ներկայացում և մեդալներ,הצגה ומדליות,المقدمات والميداليات,Εισαγωγή και μετάλλια,紹介および表彰,670
BreakMgmt.Countdowns,Countdowns and Breaks,,,Cuenta regresiva y descansos,,Cuenta atrás y descansos,Cuenta atrás y pausas,Cuenta regresiva y descansos,Décomptes et pauses,,,Contagens Regressivas e Pausas,Countdowns and Breaks,Countdowns und Pausen,Nedräkning och pauser,Nedtælling & Pauser,Ajanotto ja tauot,Nedtellinger og pauser,Countdowns and Breaks,Visszaszámlálások és szünetek,Numărătoare inversă și pauze,Countdowns and Breaks,Հետհաշվարկներ և ընդմիջումներ,ספירות לאחור והפסקות,العد التنازلي والاستراحات,Αντίστροφες μετρήσεις και διαλείμματα,カウントダウンおよび休憩,671
BreakMgmt.IntroductionOfAthletes,Introduction of Athletes,,,Presentación de los Atletas,,Presentación de los Atletas,Introducción de los Atletas,Presentación de los Atletas,Présentation des athlètes,,,Apresentação dos Atletas,Представление спортсменов,Vorstellung der Athleten,Defilering av lyftare,Præsentation af atleter,Nostajien esittely,Defilering utøvere,Introduction of Athletes,Versenyzők bemutassa,Prezentarea concurenților,Introduction of Athletes,Մարզիկների ներկայացում,הצגת ספורטאים,مقدمة الرياضيين,Εισαγωγή Αθλητών,選手紹介,672
BreakMgmt.IntroductionOfOfficials,Introduction of Officials,,,Presentación de los Oficiales Técnicos,,Presentación de los Jueces,Introducción de Oficiales,Presentación de los Oficiales Técnicos,Présentation des officiels,,,Apresentação dos Juízes,Представление судей,Vorstellung der Offiziellen,Defilering av domare,Pæsentation af Officials,Toimihenkilöiden esittely,Introduksjon av tjenestemenn,Introduction of Officials,Tisztviselők bemutatkozása,Prezentarea oficialilor,Introduction of Officials,Պաշտոնյաների ներկայացում,הצגת שופטים,مقدمة المسؤولين الفنيين,Εισαγωγή Αξιωματούχων,公式役員の紹介,673
BreakMgmt.startOfficials,Start Officials,,,Inicio de los Oficiales Técnicos,,Inicio de los Jueces,Inicio Introducción,Inicio de los Oficiales Técnicos,Début Officiels,,,Iniciar Apresentação dos Oficiais,Начать представление,Offizielle starten,Start Domarpresentation,Start præsentation af Officials,Aloita toimihenkilöt,Start introduksjon funksjonærer,Start Officials,Technikai tisztviselők kezdése,Începeți oficialii,Start Officials,Սկսել ներկայացումը,התחל שופטים,بدء المسؤولين الفنيين,Επίσημοι εκκίνησης,公式役員紹介を開始,674
BreakMgmt.endOfficials,End Officials,,,Final de los Oficiales Técnicos,,Final de los Jueces,Introducción final,Final de los Oficiales Técnicos,Fin Officiels,,,Fim da Apresentação dos Oficiais,Закончить представление,Offizielle beenden,Slut Domarpresentation,Afslut præsentation af Officials,Päätä toimihenkilöt,Slutt introduksjon funksjonærer,End Officials,Technikai tisztviselők zárása,Încheiați oficialii,End Officials,Ավարտել ներկայացումը,סיים שופטים,انتهاء المسؤولين الفنيين,Τελικοί Επίσημοι,公式役員紹介を終了,675
CeremonyType.OFFICIALS_INTRODUCTION,Introduction of Officials,,,Presentación de los Oficiales Técnicos,,Presentación de los Jueces,Introducción de Oficiales,Presentación de los Oficiales Técnicos,Présentation des officiels,,,Apresentação dos Oficiais,Представление судей,Vorstellung der Offiziellen,Defilering av domare,Præsentation af Officials,Toimihenkilöiden esittelyt,Introduksjon av funksjonærer,Introduction of Officials,Tisztviselők bemutatkozása,Prezentarea oficialilor,Introduction of Officials,Պաշտոնյաների ներկայացում,הצגת שופטים,مقدمة المسؤولين الفنيين,Εισαγωγή Αξιωματούχων,公式役員の紹介,676
Results.Medals,Medals,,,Medallas,,Medallas,Medallas,Medallas,Médailles,,,Medalhas,Награждение,Medaillen,Medaljer,Medaljer,Mitalit,Medaljer,Medals,Érmek,Medalii,Medals, Պարգևատրում,מדליות,الميداليات,Μετάλλια,メダル,677
Competition.snatchCJTotalMedals,"Medals for snatch, clean&jerk, total",,,"Medallas de Arranque, Envión y Total Olímpico.",,"Medallas de Arrancada, Dos Tiempos y Total Olímpico","Medallas de Arrancada, Dos Tiempos y Total Olímpico","Medallas de Arranque, Envión y Total Olímpico.","Médailles pour arraché, épaulé-jeté, total",,,"Medalhas para Arranco, Arremesso e Total","Награждение в рывке, толчке и сумме двоеборья","Medaillen für Reissen, Stossen, ZK","Medaljer i Ryck, Stör och Sammanlagt","Medaljer for træk, stød, tokamp","Tempauksen, työnnön ja yhteistuloksen mitalit","Medaljer for rykk, støt, total","Medals for snatch, clean&jerk, total","Érmek szakítás, lökés és összetettre","Medalii pentru Smuls, aruncat și total","Medals for snatch, clean&jerk, total","Մեդալներ՝ պոկում, հրում, երկամարտ","מדליות עבור הנפה, דחיקה, קרב שנייים",الميداليات للخطف، النتر، والإجمالي,"Μετάλλια για αρασέ, ζετέ, σύνολο",スナッチ、クリーン＆ジャーク、トータルの各メダル,678
DisplayParameters.PublicDisplay,Public Scoreboard,,,Marcador Público,,Marcador Público,Marcador Público,Marcador Público,Tableau public,,,Placar Público,Табло с переключением на награждение,Öffentliche Anzeigetafel,Scoreboard för publiken,Public Scoreboard,Yleisön tulostaulu,Resultatskjerm for publikum,Public Scoreboard,Nézők eredménytáblája,Tabloul de bord public,Public Scoreboard,Արդյունքների աղյուսակ՝ պարգևատրումով,לוח תוצאות ציבורי,لوحة النتائج العامة,Δημόσιος πίνακας αποτελεσμάτων,観客用スコアボード,679
DisplayParameters.WarmupDisplay,Warmup Scoreboard,,,Marcador Sala de Calentamiento,,Marcador Sala de Calentamiento,Marcador Sala de Calentamiento,Marcador Sala de Calentamiento,Salle de réchauffement,,,Placar de Aquecimento,Табло без переключения на награждение,Anzeigetafel zum Aufwärmen,Scoreboard för uppvärmningen,Opvarmning Scoreboard,Lämmittelyalueen tulostaulut,Resultatskjerm for oppvarming,Warmup Scoreboard,Bemelegítő kijelző,Monitor la încalzire,Warmup Scoreboard,Արդյունքների աղյուսակ՝ առանց պարգևատրման,לוח תוצאות חימום,لوحة نتائج منطقة الإحماء,Πίνακας αποτελεσμάτων προθέρμανσης,ウォームアップ用スコアボード,680
DisplayParameters.SwitchableSettings,Ceremony Settings,,,Ajustes de la Ceremonia,,Ajustes de la Ceremonia,Ajustes de la Ceremonia,Ajustes de la Ceremonia,Paramètres de cérémonies,,,Preparação da cerimônia,Настройка для церемонии награждения,Zeremonie-Einstellungen,Ceremoniinställningar,Indstillinger for præmieoverrækkelse,Seremonia asetukset,Seremoniinnstillinger,Ceremony Settings,Ceremónia beállításai,Setări de ceremonie,Ceremony Settings,Մրցանակաբաշխության կարգավորումներ,הגדרות טקס,إعدادات الحفل,Ρυθμίσεις τελετής,表彰式の設定,681
DisplayParameters.SwitchableHelper,Public scoreboards switch to medals during ceremony. Use Warmup to prevent switching.,,,"Las pantallas del ""Público"" cambian a ""Medallas"" durante la Ceremonia. Utilizar el de Calentamiento para evitar el cambio.",,Los Marcadores Públicos cambian al de Medallas durante la Ceremonia. Utilizar el de Calentamiento para evitar el cambio.,Los Marcadores Públicos cambian al de Medallas durante la Ceremonia. Utilizar el de Calentamiento para evitar el cambio.,"Las pantallas del ""Público"" cambian a ""Medallas"" durante la Ceremonia. Utilizar el de Calentamiento para evitar el cambio.","Les tableaux publics affichent les médaillés durant la cérémonie. Chosir ""réchauffement"" pour éviter le changement d'affichage.",,,Placares públicos mudam para medalhas durante a cerimônia. Use de aquecimento para evitar a troca.,"Табло переключается на награждение во время церемонии. Используйте настройки, чтобы предотвратить переключение","Öffentliche Anzeigetafeln wechseln während der Zeremonie zu Medaillen. Verwende Warmup, um ein Umschalten zu verhindern",Scoreboard för publik byter till medaljer under medaljceremonin. Använd uppvärmningsscoreboard för att undvika detta.,Public scoreboards skifter under præmieoverrækkelse. Brug Opvarmning for at undgå skift.,Julkiset tulostaulut vaihtuvat mitaleihin seremonian aikana. Käytä Lämmittely-toimintoa vaihtamisen estämiseksi.,Resultatskjermer for publikum bytter til medaljersermoni under seremonien. Bruk oppvarming for å forhindre bytte.,Public scoreboards switch to medals during ceremony. Use Warmup to prevent switching.,A nyilvános eredményjelző táblák éremre váltanak az ünnepség alatt. Használja a Bemelegítés funkciót a váltás elkerülésére.,Tablourile de bord publice trec la medalii în timpul ceremoniei. Utilizați Warmup pentru a preveni comutarea.,Public scoreboards switch to medals during ceremony. Use Warmup to prevent switching.,Մրցանակաբաշխության ժամանակ արդյունքների աղյուսակն անցնում է պարգևատրման էկրանի: Անցումը կանխելու համար օգտագործեք կարգավորումները,לוחות תוצאות ציבוריים עוברים למדליות במהלך הטקס. השתמש בחימום כדי למנוע מעבר.,تتحول لوحات النتائج العامة إلى الميداليات خلال الحفل. استخدم لوحة الإحماء لمنع التبديل.,Οι δημόσιοι πίνακες αποτελεσμάτων αλλάζουν σε μετάλλια κατά τη διάρκεια της τελετής. Χρησιμοποιήστε το Warmup για να αποτρέψετε την εναλλαγή.,表彰式中は観客用スコアボードがメダル表示に切り替わります。切り替えを防ぐにはウォームアップ用を使用してください,682
Card.Signature,Signature,,,Firma,,Firma,Firma,Firma,Signature,,,Assinatura,Подпись,Unterschrift,Underskrift,Signature,Allekirjoitus,Signatur,Signature,Aláírás,Semnătură,Signature,Ստորագրություն,חתימה,التوقيع,Υπογραφή,署名,683
BreakType.MARSHAL,Marshal Issue,,,Problema del Marshal,,Problema del Marshal,Problema del Marshall,Problema del Marshal,Pause Marshal,Pause - Changements,,Pausa - Mudanças,Проблема маршала,Steigerung Entscheidung,Marshal Issue,Marshal Issue,Yhdyshenkilön asia,Marshall problem,Marshal Issue,Vezetőbírói probléma,Problema Marșalului,Marshal Issue,Մարշալի խնդիր,בעיה בסדרן,مشكلة المشرف,Ζήτημα Στρατάρχη,マーシャル関連の問題,684
Config.FeatureSwitchesTitle,Feature Toggles,,,Alterna las características,,Alterna las características,Alterna las características,Alterna las características,Fonctionalités sur demande,,,Alternar Recursos,Переключение функций,Funktionsschalter,Feature Toggles,Skift Funktion,Vaihda ominaisuuksia,Funksjonsvelger,Feature Toggles,Funkcióváltások,Comutări de funcții,Feature Toggles,Ֆունկցիոնալ անջատիչներ,הפעלת תכונות,تبديل الميزات,Εναλλαγή λειτουργιών,機能切り替え（トグル）,685
Config.FeatureSwitchesLabel,Comma-separated list of option names to selectively enable features,,,Lista CSV de nombres de opciones para habilitar funciones de forma selectiva,,Lista separada por comas de nombres de opciones para habilitar funciones de forma selectiva,Lista separada por comas de nombres de opciones para habilitar funciones de forma selectiva,Lista CSV de nombres de opciones para habilitar funciones de forma selectiva,Liste (séparée par des virgules) de fonctionalités activables sur demande,,,Lista separada por vírgulas de nomes de opções para habilitar recursos seletivamente,Разделенный запятыми список имен опций для выборочного включения функций,Durch Kommas getrennte Liste von Optionsnamen zum selektiven Aktivieren von Funktionen,Comma-separated list of option names to selectively enable features,Komma separeret liste af optioner til selektiv aktivering af funktioner,Pilkuilla eroteltu luettelo vaihtoehtojen nimistä ominaisuuksien käyttöön ottamiseksi,Kommaseparert liste over alternative navn for å aktivere funksjoner selektivt,Comma-separated list of option names to selectively enable features,Az opciónevek vesszővel elválasztott listája a funkciók szelektív engedélyezéséhez,"Listă de nume de opțiuni, separate prin virgulă, pentru a activa selectiv funcțiile",Comma-separated list of option names to selectively enable features,Ընտրանքների անունների ցուցակ՝ բաժանված ստորակետերով՝ հնարավորությունները ընտրողաբար միացնելու համար,רשימה מופרדת בפסיקים של שמות אפשרויות להפעלה סלקטיבית של תכונות,قائمة مفصولة بفواصل لأسماء الخيارات لتمكين الميزات بشكل انتقائي,Λίστα ονομάτων επιλογών διαχωρισμένη με κόμματα για επιλεκτική ενεργοποίηση λειτουργιών,カンマ区切りのオプション名リストで、機能を選択的に有効化します,686
PlatesPerSide,(number of plates is for one side of the barbell),,,(el número de discos es para uno de los lados de la barra),,(el número de discos es para uno de los lados de la barra),(el número de discos es para uno de los lados de la barra),(el número de discos es para uno de los lados de la barra),(le nombre de disques est pour un côté de l'haltère),(le nombre de plaques est pour un côté de l'haltère),,(O número de anilhas é apenas de um lado da barra),(указано количество дисков для одной стороны штанги),(Anzahl der Scheiben gilt für eine Seite der Langhantel),(number of plates is for one side of the barbell),(antallet af skiver er for én side af stangen),(levyjen määrä on tangon toiselle puolelle),(antall skiver er for den ene siden av stangen),(number of plates is for one side of the barbell),(a tárcsák száma a súlyzó egyik oldalára vonatkozik),(numărul de discuri este pentru o parte a barei),(number of plates is for one side of the barbell),(քարերը նախատեսված են ծանրաձողի մի կողմի համար),(מספר הפלטות הוא לצד אחד של המוט),عدد الأقراص هو لجهة واحدة من البار,(ο αριθμός των πιάτων είναι για τη μία πλευρά της μπάρα),（プレートの枚数はバーベルの片側分です）,687
RuleViolation.liftedEarlier,"{0} kg denied: athlete {2} should already have lifted {0} before {1}<br>(same weight, but {2} had previous attempt before {1})",,,{0} kg denegados: el levantador {2} debería haber levantado {0} antes {1}<br>(mismo peso pero {2} hizo su intento anterior primero {1}),,{0} kg denegados: el levantador {2} debería haber levantado {0} antes {1}<br>(mismo peso pero {2} hizo su intento anterior primero {1}),{0} kg denegados: el levantador {2} debería haber levantado {0} antes {1}<br>(mismo peso pero {2} hizo su intento anterior primero {1}),{0} kg denegados: el levantador {2} debería haber levantado {0} antes {1}<br>(mismo peso pero {2} hizo su intento anterior primero {1}),{0} kg refusé: l'athlète {2} ne peut pas lever après {1}<br> (même poids mais {2} avait son essai précédent avant {1}),,,{0} Kg Negado: O Atleta {2} não pode levantar depois de {1} (tentou uma tentativa anterior),{0} кг отказ: спортсмен {2} должен был заявить (перезаявить) {0} кг до попытки {1}<br> (у {2} предыдущая попытка была раньше чем у 1}),{0} kg verweigert: Athlet {2} kann nach {1} nicht heben (früherer Versuch vorher unternommen),{0} kg nekas: lyftaren {2} kan inte lyfta efterr {1} (tog tidigare försök innan),{0} kg ikke tilladt: atleten {2} kan ikke løfte efter {1} (tog tidligere forsøg inden),"{0} kg estetty: nostajan {2} pitäsi olla jo nostanut {0} ennen {1}<br>(samaa painoa, mutta {2} on jo nostanut aikaisemmin {1})","{0} kg nektet: utøver {2} burde allerede ha løftet {0} før {1}<br>(samme vekt, men {2} hadde tidligere forsøk før {1})","{0} kg denied: athlete {2} should already have lifted {0} before {1}<br>(same weight, but {2} had previous attempt before {1})","{0} kg elutasítva: versenyző{2} már előtte fel kellett volna emelnie {0} mielőtt {1}<br> (ugyanolyan súlyt, de {2} előző próbálkozása előtt volt {1})","{0} kg refuzate: sportivul {2} ar fi trebuit să ridice deja {0} înainte de {1}<br>(aceeași greutate, dar {2} a avut o încercare anterioară înainte de {1})","{0} kg denied: athlete {2} should already have lifted {0} before {1}<br>(same weight, but {2} had previous attempt before {1})","{0} կգ ՄԵՐԺՈւՄ. ՄԱՐԶԻԿ {2}ը ՊԵՏՔ Է ՀԱՅՏԱՐԱՐԻ(ՓՈՓՈԽԻ) {0} կգ ՄԻՆՉԵւ {1} ՄՈՏԵՑՈւՄ<br> ({2} ՆԱԽՈՐԴ ՓՈՐՁԸ ԱՎԵԼԻ ՇՈւՏ ԷՐ, ՔԱՆ {1}-ինը)","{0} ק""ג נדחה: ספורטאי {2} כבר היה צריך להרים {0} לפני {1}<br>(אותו משקל, אבל ל-{2} היה ניסיון קודם לפני {1})",تم رفض {0} كجم: كان يجب على الرياضي {2} أن يرفع {0} قبل {1}<br>(نفس الوزن، لكن {2} كانت لديه محاولة سابقة قبل {1}),"Απορρίφθηκε {0} κιλά: ο αθλητής {2} θα έπρεπε να έχει ήδη σηκώσει {0} πριν από το {1}<br>(το ίδιο βάρος, αλλά ο {2} είχε προηγούμενη προσπάθεια πριν από τις {1})",{0} kgは却下されました: 選手{2}は{1}より前にすでに{0} kgを挙げているはずです<br>(同じ重量ですが、{2}は{1}より前に試技を行っています),688
DeleteConfirmation,Delete {0}?,,,Eliminar {0}?,,Eliminar {0}?,Eliminar {0}?,Eliminar {0}?,Détruire {0}\u0020?,,,Excluir {0}?,Удалить {0}?,Lösche {0}?,Radera {0}?,Slet {0}?,Poista {0}?,Slette {0}?,Delete {0}?,Törli a következőt: {0}?,Ștergeți {0}?,Delete {0}?,Ջնջե՞լ {0},מחק את {0}?,هل تريد حذف {0}؟,Διαγραφή {0};,{0} を削除しますか？,689
TechnicalController1,Technical Controller 1,,,Controlador Técnico 1,,Controlador Técnico 1,Controlador Técnico 1,Controlador Técnico 1,Contrôleur Technique 1,,,Controlador Técnico 1,Технический контролер 1,Technischer Kontrolleur 1,Teknisk kontrollant 1,Teknisk kontrollant 1,Tekninen tarkastaja 1,Teknisk kontrollør 1,Technical Controller 1,Technikai ellenőr 1,Controlor tehnic 1,Technical Controller 1,Տխնիկական հսկիչ 1,בקר טכני 1,المراقب الفني 1,Τεχνικός ελεγκτής 1,テクニカルコントローラー 1,690
TechnicalController2,Technical Controller 2,,,Controlador Técnico 2,,Controlador Técnico 2,Controlador Técnico 2,Controlador Técnico 2,Contrôleur Technique 2,,,Secretário de Competição,Технический контролер 2,Technischer Kontrolleur 2,Teknisk kontrollant 2,Teknisk kontrollant 2,Tekninen tarkastaja 2,Teknisk kontrollør 2,Technical Controller 2,Technikai ellenőr 2,Controlor tehnic 2,Technical Controller 2,Տխնիկական հսկիչ 2,בקר טכני 2,المراقب الفني 2,Τεχνικός ελεγκτής 2,テクニカルコントローラー 2,691
Marshal1,Marshal 1,,,Marshal 1,,Marshal 1,Marshall 1,Marshal 1,Changements 1,,,Marshal 1,Судья на перезаявках 1,Steigerung 1,CM 1,Marshal 1,Yhdyshenkilö 1,Marshal 1,Marshal 1,Vezetőbíró 1,Marșal 1,Marshal 1,Մարշալ 1,סדרן 1,المشرف 1,Στρατάρχης 1,マーシャル 1,692
Marshal2,Marshal 2,,,Marshal 2,,Marshal 2,Marshall 2,Marshal 2,Changements 2,,,Marshal 2,Судья на перезаявках 2,Steigerung 2,CM 2,Marshal 2,Yhdyshenkilö 1,Marshal 2,Marshal 2,Vezetőbíró 2,Marșal 2,Marshal 2,Մարշալ 2,סדרן 2,المشرف 2,Στρατάρχης 2,マーシャル 2,693
Weighin1,Weigh-In 1,,,Oficial de pesaje 1,,Juez de Pesaje 1,Oficial de pesaje 1,Oficial de pesaje 1,Pesée 1,,,Pesagem Oficial 1,Секретарь 1,Offizielles Wiegen 1,Invägningsdomarel 1,Indvejningsofficial 1,Punnitus 1,Innveiingsansvarlig 1,Weigh-In 1,Mérlegelés 1,Cântărire 1,Weigh-In 1,Կշռող 1,שקילה 1,وزن 1,Ζύγιση 1,計量 1,694
Weighin2,Weigh-In 2,,,Oficial de pesaje 2,,Juez de Pesaje 2,Oficial de pesaje 2,Oficial de pesaje 2,Pesée 2,,,Pesagem Oficial 2,Секретарь 2,Offizielles Wiegen 2,Invägningsdomare 2,Indvejningsofficial 2,Punnitus 2,Innveiingsansvarlig 2,Weigh-In 2,Mérlegelés 2,Cântărire 2,Weigh-In 2,Կշռող 2,שקילה 2,وزن 2,Ζύγιση 2,計量 2,695
Notification.WeightToBeLoaded,{0} kg needed on the bar.,,,{0} kg a cargar en la barra.,,{0} kg a cargar en la barra.,{0} kg a cargar en la barra.,{0} kg a cargar en la barra.,{0} kg requis sur la barre.,,,{0} kg Necessários na barra.,Вес штанги: {0} кг ,{0} kg werden auf der Hantel benötigt.,minst {0} kg på stången.,mindst {0} kg på stangen.,{0} kg tarvitaan tankoon.,{0} kg nødvendig på stangen.,{0} kg needed on the bar.,{0} kg Kérek a rúdra.,{0} Kg cerem pe bară.,{0} kg needed on the bar.,Ձողի վրա անհրաժեշտ է {0} կգ:,"{0} ק""ג נדרש על המוט.",يجب تحميل {0} كجم على البار.,Απαιτούνται {0} κιλά στη μπάρα.,バーベルに{0} kgが必要です,696
DisplayParameters.FontSizeLabel,Font Size ('em' units),,,Tamaño de fuente ('em' units),,Tamaño de fuente ('em' units),Tamaño de fuente ('em' units),Tamaño de fuente ('em' units),Taille de police ('em'),,,Tamanho da fonte ('em' units),Размер шрифта ('em' единицы),Schriftgröße ('em' Einheiten),Font Size ('em' units),Font Størrelse ('em' units),Fontin koko ('em' units),Skriftstørrelse ('em'-enheter),Font Size ('em' units),"Betűméret (""em"" egység)",Dimensiunea fontului (unități „em”),Font Size ('em' units),Տառատեսակի չափը («em» միավոր),גודל גופן (יחידות 'em'),حجم الخط,Μέγεθος γραμματοσειράς (μονάδες 'em'),フォントサイズ（'em'単位）,697
CategoryChange_MustForce,"Category change - was ""{0}"". Use checkbox at bottom to force acceptance if change is allowed; check session assignment.",,,"Cambio de división - era ""{0}"". Utilizar el checkbox al final para forzar la aceptación si el cambio está permitido; comprobar la asignación de tanda.",,"Cambio de división - era ""{0}"". Utilizar el checkbox al final para forzar la aceptación si el cambio está permitido; comprobar la asignación de tanda.","Cambio de división - era ""{0}"". Utilizar el checkbox al final para forzar la aceptación si el cambio está permitido; comprobar la asignación del grupo.","Cambio de división - era ""{0}"". Utilizar el checkbox al final para forzar la aceptación si el cambio está permitido; comprobar la asignación de tanda.","Changement de catégorie - était ""{0}"".  Utiliser la case à cocher au bas du formulaire pour forcer l'acceptation si les règles le permettent; vérifier l'attribution du plateau.","Changement de catégorie - était ""{0}"".  Utiliser la case à cocher au bas du formulaire pour forcer l'acceptation si les règles le permettent; vérifier l'attribution de la session.",,"Mudança de categoria - era ""{0}"". Use a caixa de seleção na parte inferior para forçar a aceitação se a alteração for permitida; verifique a atribuição da sessão.","Изменение весовой категории - было ""{0}"". Используйте флажок внизу, чтобы принудительно принять, если изменение разрешено.","Gewichtsklasse Änderung - war ""{0}"". Verwende das Kontrollkästchen unten, um die Annahme zu erzwingen, wenn Änderungen zulässig sind; Gruppenzuordnung prüfen.","Category change - was ""{0}"". Use checkbox at bottom to force acceptance if change is allowed; check group assignment.","Vægtklasse ændring  - var ""{0}"". Brug checkbox for neden for at gennemtvinge hvis ændringen skal tillades; kontrollér sessionstildeling.","Painoluokan muutos - oli ""{0}"". Käytä alareunassa olevaa valintaruutua pakottaaksesi hyväksynnän, jos muutos on sallittu; tarkista ryhmän tehtävä.","Kategoriendring - var ""{0}"". Bruk avmerkingsboksen nederst for å tvinge aksept for endringen; sjekk puljeoppsett.",698,"Kategória változás – ez volt: „{0}”. Használja az alján található jelölőnégyzetet az elfogadás kényszerítéséhez, ha a módosítás megengedett; szessziók hozzárendelés ellenőrzése.","Modificarea categoriei - a fost „{0}”. Utilizați tabelul de selectare de jos pentru a forța acceptarea, dacă modificarea este permisă; verificați atribuirea sesiunii.","Category change - was ""{0}"". Use checkbox at bottom to force acceptance if change is allowed; check group assignment.","Քաշի կարգի փոփոխություն, եղել է «{0}»: Օգտագործեք ներքևի վանդակը, որպեսզի հաստատեք, եթե փոփոխությունը թույլատրված է:","שינוי קטגוריה - היה ""{0}"". השתמש בתיבת הסימון למטה כדי לכפות קבלה אם השינוי מותר; בדוק הקצאת מקצה.","تغيير الفئة - كان ""{0}"". استخدم خانة الاختيار في الأسفل لفرض القبول إذا كان التغيير مسموحًا به؛ تحقق من تعيين الجلسة.","Αλλαγή κατηγορίας - ήταν ""{0}"". Χρησιμοποιήστε το πλαίσιο ελέγχου στο κάτω μέρος για να επιβάλετε την αποδοχή εάν επιτρέπεται η αλλαγή. έλεγχος ανάθεσης συνεδρίας.",階級変更 - 以前は「{0}」でした。変更が許可されている場合は、下部のチェックボックスで強制承認してください。セッション割当も確認してください,698
Competition.fixedRoundRobinOrder,Fixed order for lifting in a round (lot number),,,Fijado el orden para levantar en una tanda (número de sorteo),,Fijado el orden para levantar en una tanda (número de sorteo),Fijado el orden para levantar en una tanda (número de sorteo),Fijado el orden para levantar en una tanda (número de sorteo),Ordre prédéterminé de passage pour chaque tour (tirage au sort),,,Ordem fixa para levantamento em uma rodada (número do lote),Фиксированный порядок на подъем в раунде (номер жребия),Feste Reihenfolge für das Heben in einer Runde (Losnummer),Fixed order for lifting in a round (lot number) World Cup system,Fast afvikling af løft i hver runde (lodtrækningsnummer),Kiinteä nostojärjestys kierroksella (lottonumero),Fast rekkefølge for løft i en runde (lotnummer),Fixed order for lifting in a round (lot number),Rögzített sorrend emelés körben (tételszám),Ordin fix de ridicare într-o rundă (număr lot),Fixed order for lifting in a round (lot number),Ֆիքսված պատվեր բարձրացման ռաունդով (վիճակահանության համար),סדר קבוע להרמה בסבב (מספר הגרלה),ترتيب ثابت للرفع في جولة (رقم السحب),Σταθερή εξέλιξη αγώνα (αριθμός κλήρωσης),ラウンド内のリフティング順固定（抽選番号順）,699
Competition.fixedRoundRobinOrderExplanation,"Within a round-robin round, athletes lift according to their lot number",,,"Dentro de una tanda round-robin, los levantadores levantan en función de su número de sorteo en lugar del peso ascendente",,"Dentro de una tanda round-robin, los levantadores levantan en función de su número de sorteo en lugar del peso ascendente","Dentro de un grupo round-robin, los levantadores levantan en función de su número de sorteo en lugar del peso ascendente","Dentro de una tanda round-robin, los levantadores levantan en función de su número de sorteo en lugar del peso ascendente","Dans une compétition par rondes, ordre de passage par numéro de tirage au lieu de poids ascendant",,,"Dentro de um round-robin, os atletas levantam de acordo com seu número de sorteio em vez de aumentar o peso","В круговом раунде спортсмены поднимают вес в соответствии с номером жребия, а не по возрастанию веса",Innerhalb einer Round-Robin-Runde heben die Athleten nach ihrer Losnummer anstatt nach aufsteigendem Gewicht,"Within a round-robin round, athletes lift according to their lot number instead of ascending weight",Under en round-system runde bliver atleternes løft kaldt efter lodtræningsnummer i stedet for stigende vægt,Round-robin-kierroksella urheilijat nostavat lottonumeronsa mukaan,Ved rundesystem løfter utøvere i henhold til lotnummeret sitt,"Within a round-robin round, athletes lift according to their lot number",Egy körmérkőzésen belül a sportolók a tételszámuk szerint emelnek,"În cadrul unei runde round-robin, sportivii ridică în funcție de numărul lor de lot","Within a round-robin round, athletes lift according to their lot number",Շրջանաձև ռաունդի ընթացքում մարզիկները բարձրացնում են իրենց վիճակահանության համարի համաձայն՝ բարձրացող քաշի փոխարեն,"בתוך סבב רובין, הספורטאים מרימים לפי מספר ההגרלה שלהם",داخل جولة round-robin، يرفع الرياضيون وفقًا لرقم سحبهم,Οι αθλητές σηκώνουν ανάλογα με τον αριθμό της κλήρωσης τους,ラウンドロビン方式のラウンドでは、選手は抽選番号順に試技を行います,700
Scoreboard.recordS,S,,,A,,A,A,A,A,,,Arranco,Р,R,S,T,Te,R,T,Sz,Sm,R,ՊՈԿՈւՄ,הנפה,س,μικρό,S,701
Scoreboard.recordCJ,CJ,,,E,,DT,E,E,É-J,,,Arremesso,Т,S,C&J,S,Ty,S,V&S,L,Ar,P,ՀՐՈւՄ,דחיקה,CJ,CJ,CJ,702
Scoreboard.recordT,T,,,T,,TO,T,T,T,,,Total,С,ZK,T,Tok.,Yht,Tot,Tvíd.,Össz,T,D,ԵՐԿ,קרב שניים,ت,Τ,T,703
Scoreboard.records,RECORDS,,,RECORDS,,RÉCORDS,RECORDS,RECORDS,RECORDS,,,RECORDES,Рекорды,REKORDE,REKORD  ,REKORDER,ENNÄTYKSET,REKORDER,Slag av met,CSÚCSOK,RECORDURI,RECORDS,ՌԵԿՈՐԴՆԵՐ,שיאים,السجلات,ΑΡΧΕΙΑ,記録,704
DisplayParameters.ShowRecords,Show Records,,,Mostrar los Récords,,Mostrar los Récords,Mostrar los Récords,Mostrar los Récords,Afficher les records,,,Mostrar Recordes,Показывать рекорды,Rekorde anzeigen,Visa REKORD,Vis rekorder,Näytä Ennätykset,Vis rekorder,Show Records,Feljegyzések megjelenítése,Afișați înregistrări,Show Records,Ցուցադրել ռեկորդները,הצג שיאים,عرض السجلات,Εμφάνιση εγγραφών,記録を表示,705
DisplayParameters.ContentSettings,Content Settings,,,Ajustes del Contenido,,Ajustes del Contenido,Ajustes del Contenido,Ajustes del Contenido,Paramètres de contenu,,,Definições de conteúdo,Настройки отображения рекордов,Inhaltseinstellungen,Content Settings,Indholdsparametre,Sisältöasetukset,Innholdsinnstillinger,Content Settings,Tartalmi beállítások,Setari de continut,Content Settings,Ռեկորդների ցուցադրման կարգավորումներ,הגדרות תוכן,إعدادات المحتوى,Ρυθμίσεις περιεχομένου,内容設定,706
Record.NewNotification,New {0} {2} {3} {1} record: {4}\u00A0kg,,,Nuevo {0} {2} {3} {1} récord: {4}\u00A0kg,,Nuevo {0} {2} {3} {1} récord: {4}\u00A0kg,Nuevo {0} {2} {3} {1} récord: {4}\u00A0kg,Nuevo {0} {2} {3} {1} récord: {4}\u00A0kg,Nouveau record {0} {1} {2} {3} : {4}\u00A0kg,,,Novo Recorde {0} {2} {3} {1}: {4}\u00A0kg,Установлен новый рекорд {0} в {1} {4}\u00A0кг в весовой категории {3} кг,Neuer {0} {2} {3} {1} Rekord: {4}\u00A0kg,New {0} {2} {3} {1} record: {4}\u00A0kg,Ny {0} {2} {3} {1} rekord: {4}\u00A0kg,Uusi {0} {2} {3} {1} ennätys: {4}\u00A0kg,Ny {0} {2} {3} {1}-rekord: {4}\u00A0kg,New {0} {2} {3} {1} record: {4}\u00A0kg,Új {0} {2} {3} {1} feljegyzés: {4}\u00A0kg,New {0} {2} {3} {1}înregistrare: {4}\u00A0kg,New {0} {2} {3} {1} record: {4}\u00A0kg,"Սահմանվել է {1} Ի {3} կգ քաշային կարգի {2} տարիքային խմբի {0}ի  ՆՈՐ ՌԵԿՈՐԴ՝ {4}\u00A0 կգ, ","שיא {0} {2} {3} {1} חדש: {4} ק""ג",رقم قياسي جديد: {4} كجم,Νέο ρεκόρ {0} {2} {3} {1}: {4}\u00A0kg,新しい{0} {2} {3} {1}記録: {4}\u00A0kg,707
Record.AttemptNotification,Attempt for {0} {2} {3} {1} record: currently {4}\u00A0kg,,,Intento para {0} {2} {3} {1} récord: actual {4}\u00A0kg,,Intento para {0} {2} {3} {1} récord: actual {4}\u00A0kg,Intento para {0} {2} {3} {1} récord: actual {4}\u00A0kg,Intento para {0} {2} {3} {1} récord: actual {4}\u00A0kg,Tentative de record {0} {1} {2} {3} : actuellement {4}\u00A0kg,,,Tentativa de Recorde {0} {2} {3} {1} : Recorde Atual é de {4}\u00A0kg,В случае успешной попытки будет установлен рекорд {0} в {1} в весовой категории {3} кг {2} (действующий рекорд {4}\u00A0кг),Versuch für {0} {2} {3} {1} Rekord: aktuell {4}\u00A0kg,Attempt for {0} {2} {3} {1} record: currently {4}\u00A0kg,Forsøg på {0} {2} {3} {1} rekord: nuværende {4}\u00A0kg,Ennätys {0} {2} {3} {1} yritys: nykyinen {4}\u00A0kg,Forsøk på {0} {2} {3} {1} rekord: for øyeblikket {4}\u00A0kg,Attempt for {0} {2} {3} {1} record: currently {4}\u00A0kg,Kísérlet a {0} {2} {3} {1} Feljegyzés: aktuális {4}\u00A0kg,Încercarea pentru {0} {2} {3} {1} înregistrare: actual {4}\u00A0kg,Attempt for {0} {2} {3} {1} record: currently {4}\u00A0kg,"Հաջող փորձի դեպքում կսահմանվի {1}Ի, {3} կգ քաշային կարգի, {2} տարիքային խմբի {0}ի ՆՈՐ ՌԵԿՈՐԴ (ներկայիս ռեկորդն է {4}\u00A0կգ)","ניסיון לשיא {0} {2} {3} {1}: כרגע {4} ק""ג",محاولة لتحطيم الرقم القياسي: الحالي {4} كجم,Προσπάθεια για ρεκόρ {0} {2} {3} {1}: αυτήν τη στιγμή {4}\u00A0kg,{0} {2} {3} {1}記録の挑戦: 現在の記録は {4}\u00A0kg,708
Record.CategoryTitle,{0} {1},,,{0} {1},,{0} {1},{0} {1},{0} {1},{0} {1},,,{0} {1},{0} {1} кг,{0} {1},{0} {1},{0} {1},{0} {1},{0} {1},{0} {1},{0} {1},{0} {1},{0} {1},{0} {1},{0} {1},عنوان الفئة,{0} {1},{0} {1},709
Record.SNATCH,Snatch,,,Arranque,,Arrancada,Arranque,Arranque,ARRACHÉ,,,Arranco,рывке,Reissen,Ryck,Træk,Tempaus,Rykk,Snatch,Szakítás,Smuls,Rwanie,Պոկում,הנפה,خطف,Αρπάζω,Snatch,710
Record.CLEANJERK,Clean & Jerk,,,Envión,,Dos Tiempos,Envión,Envión,ÉPAULÉ-JETÉ,,,Arremesso,толчке,Stossen,Stöt,Stød,Työntö,Støt,Clean & Jerk,Lökés,Aruncat,Podrzut,Հրում,דחיקה,نتر,Clean & Jerk,Clean & Jerk,711
Record.TOTAL,Total,,,Total,,Total Olímpico,Total,Total,TOTAL,,,Total,сумме двоеборья,ZK,Sammanlagt,Tokamp,Yhteensä,Total,Total,Összetett,Total,Dwubój,Երկամարտ,קרב שניים,الإجمالي,Σύνολο,トータル（合計）,712
OBS.MonitoringTitle,Video Streaming,,,Video Streaming,,Video Streaming,Video Streaming,Video Streaming,Diffusion vidéo,,,Transmissão de vídeo,Потоковое видео,Video Streaming,Videostreaming,Videostreaming,Video Striimaus,Videostreaming,Video Streaming,Video Streaming,Video Streaming,Video Streaming,Հոսքային տեսանյութ,הזרמת וידאו,بث الفيديو,Ροή βίντεο,動画配信,713
Scoreboard.NewRecord,New Record!,,,¡NUEVO RÉCORD!,,¡Nuevo Récord!,¡NUEVO RÉCORD!,¡NUEVO RÉCORD!,Nouveau record !,,,Novo Recorde!,Новый рекорд,Neuer Rekord!,Nytt REKORD!,Ny rekord!,Uusi Ennätys!,NY REKORD!,NÝTT MET!,Új csúcs!,Un nou record!,Nowy Rekord!,ՆՈՐ ՌԵԿՈՐԴ,שיא חדש!,رقم قياسي جديد!,Νέο ρεκόρ!,新記録！,714
Scoreboard.Custom1,Additional Info 1,,,Información adicional 1,,Información adicional 1,Información adicional 1,Información adicional 1,Info 1,,,Informação Adicional 1,Отчество,Zusatzinfo 1,Ytterligare Info 1,Yderligere Info 1,Lisätieto 1,Ytterligere informasjon 1,Additional Info 1,További információ 1,Informații suplimentare 1,Additional Info 1,Կարգ,מידע נוסף 1,معلومات إضافية 1,Πρόσθετες πληροφορίες 1,追加情報 1,715
Scoreboard.Custom2,Additional Info 2,,,Información adicional 2,,Información adicional 2,Información adicional 2,Información adicional 2,Info 2,,,Informação Adicional 2,Разряд (звание),Zusatzinfo 2,Ytterligare Info 2,Yderligere Info 2,Lisätieto 2,Ytterligere informasjon 2,Additional Info 2,További információ 2,Informații suplimentare 2,Additional Info 2,Այլ տեղեկություն,מידע נוסף 2,معلومات إضافية 2,Πρόσθετες πληροφορίες 2,追加情報 2,716
Scoreboard.RecordAttempt,Record Attempt,,,INTENTO DE RÉCORD,,Intento de Récord,INTENTO DE RÉCORD,INTENTO DE RÉCORD,Tentative de record,,,Tentativa de Recorde,Попытка на рекорд,Rekord Versuch,REKORD Försök,Rekordforsøg,Ennätys Yritys,REKORDFORSØK,ROYND EFTIR METIÐ!,Csúcs kísérlet,Încercare de record,Record Attempt,Հաջող փորձի դեպքում մարզիկը կսահմանի ռեկորդ,ניסיון לשיא,محاولة لتحطيم الرقم القياسي,Προσπάθεια εγγραφής,記録挑戦,717
DisplayParameters.Content,Content Displayed,,,Contenido Mostrado,,Contenido Mostrado,Contenido Mostrado,Contenido Mostrado,Contenu affiché,,,Conteúdo exibido,Настройки отображения дополнительных параметров,Inhalt angezeigt,Innehåll visas,Indhold vises,Näytetty sisältö,Innhold vist,Content Displayed,Megjelenített tartalom,Conținut afișat,Content Displayed,Ընդլայնված պարամետրերի ցուցադրման կարգավորումներ,תוכן מוצג,المحتوى المعروض,Περιεχόμενο που εμφανίζεται,表示内容,718
DisplayParameters.ShowLeaders,Category Leaders,,,Líderes,,Líderes de Categorías,Lideres de Categorías,Líderes,Meneurs de la catégorie,,,Líderes da categoria,Показать лидеров весовой категории,Gewichtsklassen führende,Ledare per viktklass,Førende pr vægtklasse,Painoluokan parhaat,Ledere pr kategori,Category Leaders,Kategória Legjobbjai,Lideri de categorie,Category Leaders,Ցույց տալ քաշային կարգի առաջատարներին,מובילי קטגוריות,قادة الفئة,Αρχηγοί κατηγορίας,階級別リーダー,719
Decision_PF_,Decision (Public-Facing),,,Decisión (de cara al público),,Decisión (de cara al público),Decisión (de cara al público),Decisión (de cara al público),Decision (face au public),,,Decisão (Público),Решение (лицом к спортсмену),Entscheidung (öffentlich),Decision (Public-Facing),Afgørelse (Publikumsvendt),Päätös (Yleisöä-Päin),Dommeravgjørelse (vendt mot publikum),Decision (Public-Facing),Döntés (nyilvánosság előtt),Decizie (față de public),Decision (Public-Facing),որոշում(դեմքով դեպի հանդիսատես),החלטה (פונה לציבור),قرار (موجه للجمهور),Απόφαση (Δημόσια Αντιμετώπιση),判定（観客向け）,720
minutes,minutes,,,minutos,,Minutos,Minutos,minutos,minutes,,,Minutos,минут,Minuten,minuter,minutter,minuutit,minutter,minutes,Percek,minute,minutes,րոպե,דקות,دقائق,πρακτικά,分,721
Config.LocalTemplateLabel,Select which Excel templates are shown,,,Seleccione qué plantillas de Excel se muestran,,Seleccione qué plantillas de Excel se muestran,Seleccione qué plantillas de Excel se muestran,Seleccione qué plantillas de Excel se muestran,Choisir les modèles Excel disponibles,Choisir les gabarits Excel disponibles,,Selecione quais modelos do Excel serão mostrados,"Выберите, какие шаблоны Excel будут отображаться","Wähle, welche Excel-Vorlagen angezeigt werden",Välj vilka Excel-templates som ska visas,Vælg hvilke Excel templates der vises,Valitse näytettävät Excel-mallit,Velg hvilke Excel-maler som skal vises,Select which Excel templates are shown,"Válassza ki, hogy mely Excel-sablonok jelenjenek meg",Selectați ce șabloane Excel sunt afișate,Select which Excel templates are shown,"Ընտրեք, թե որ Excel շաբլոնները կցուցադրվեն",בחר אילו תבניות Excel יוצגו,اختر قوالب Excel التي سيتم عرضها,Επιλέξτε ποια πρότυπα Excel εμφανίζονται,表示するExcelテンプレートを選択,722
Config.LocalTemplate,Show only local templates (exclude default templates),,,Mostrar sólo plantillas locales (excluyendo las predeterminadas),,Mostrar sólo plantillas locales (excluyendo las predeterminadas),Mostrar sólo plantillas locales (excluyendo las predeterminadas),Mostrar sólo plantillas locales (excluyendo las predeterminadas),Montrer uniquement les modèles locaux (exclure les modèles de défaut),Montrer uniquement les gabarits locaux (exclure les gabarits de défaut),,Mostrar apenas modelos locais (excluir modelos padrão),Показывать только локальные шаблоны (исключить шаблоны по умолчанию),Nur lokale Vorlagen anzeigen (Standardvorlagen ausschließen),Show only local templates (exclude default templates),Vis kun lokale templates (ekludér default templates),Näytä vain paikalliset mallit (sulje pois oletusmallit),Vis bare lokale maler (ekskluder standardmaler),Show only local templates (exclude default templates),Csak saját sablonok megjelenítése (az alapértelmezett sablonok kizárása),Afișați numai șabloanele locale (excludeți șabloanele implicite),Show only local templates (exclude default templates),Ցույց տալ միայն local շաբլոնները (բացառել լռելյայն շաբլոնները),הצג רק תבניות מקומיות (אל תכלול תבניות ברירת מחדל),عرض القوالب المحلية فقط (استبعاد القوالب الافتراضية),Εμφάνιση μόνο τοπικών προτύπων (εξαιρουμένων των προεπιλεγμένων προτύπων),ローカルテンプレートのみ表示（デフォルトを除く）,723
App.ResetWarning,Demonstration site will be reset and restarted in {0} minutes.,,,El sitio de demostración se restablecerá y será reiniciado en {0} minutos.,,El sitio de demostración se restablecerá y será reiniciado en {0} minutos.,El sitio de demostración se restablecerá y será reiniciado en {0} minutos.,El sitio de demostración se restablecerá y será reiniciado en {0} minutos.,Le site de démonstration sera réinitialisé dans {0} minutes.,,,O local de demonstração será redefinido e reiniciado em {0} minutos.,Демонстрационный сайт будет сброшен и перезапущен через {0} минут.,Die Demonstrationsseite wird in {0} Minuten zurückgesetzt und neu gestartet.,Demonstration site will be reset and restarted in {0} minutes.,Demonstrations site bliver reset og genstartet om {0} minutter.,Demosivusto nollataan ja käynnistetään uudelleen {0} minuutin kuluttua.,Demonstrasjonsnettstedet vil tilbakestilles og startes på nytt om {0} minutter.,Demonstration site will be reset and restarted in {0} minutes.,"A bemutató oldal alaphelyzetbe áll, és {0} percen belül újraindul.",Site-ul demonstrativ va fi resetat și repornit în {0} minute.,Demonstration site will be reset and restarted in {0} minutes.,Ցուցադրական կայքը կվերակայվի և կվերագործարկվի {0} րոպեից:,אתר הדגמה יאופס ויפעל מחדש תוך {0} דקות.,سيتم إعادة تعيين موقع العرض التوضيحي وإعادة تشغيله في غضون {0} دقيقة.,Ο ιστότοπος επίδειξης θα επαναφερθεί και θα επανεκκινηθεί σε {0} λεπτά.,デモサイトは{0}分後にリセットおよび再起動されます,724
App.Closing,Demonstration site will be back in about a minute.,,,El sitio de demostración estará de vuelta en aproximadamente un minuto.,,El sitio de demostración estará de vuelta en aproximadamente un minuto.,El sitio de demostración estará de vuelta en aproximadamente un minuto.,El sitio de demostración estará de vuelta en aproximadamente un minuto.,Le site de démonstration sera de retour dans environ une minute.,,,O local de demonstração estará de volta em cerca de um minuto.,Демонстрационный сайт вернется примерно через минуту.,Die Demonstrationsseite ist in etwa einer Minute wieder verfügbar,Demonstration site will be back in about a minute.,Demonstrations site vil være tilbage om ca et minut.,Demopaikka palaa noin minuutin kuluttua.,Demonstrasjonssiden kommer tilbake om et minutt.,Demonstration site will be back in about a minute.,A bemutatóhely körülbelül egy percen belül újra elérhető lesz.,Locul de demonstrație va reveni în aproximativ un minut.,Demonstration site will be back in about a minute.,Ցուցադրական կայքը կվերադառնա մոտ մեկ րոպեից:,אתר ההדגמה יחזור תוך דקה בערך.,سيعود موقع العرض التوضيحي بعد حوالي دقيقة.,Ο χώρος επίδειξης θα επιστρέψει σε περίπου ένα λεπτό.,デモサイトは約1分後に復旧します,725
EVENT_CeremonyStarted,start ceremony,,,Ceremonia de inicio,,Ceremonia de inicio,Ceremonia de inicio,Ceremonia de inicio,commencer la cérémonie,,,Cerimônia de início,Начать награждение,Start Zeremonie,Starta ceremonin,Begynd ceremoni,aloita seremonia,Start seremoni,start ceremony,Kezdési ceremónia,începe ceremonia,start ceremony,սկսել արարողությունը,התחל טקס,بدء الحفل,τελετή έναρξης,表彰式を開始,726
EVENT_CeremonyDone,end ceremony,,,Ceremonia de clausura,,Ceremonia final,Ceremonia final,Ceremonia de clausura,terminer la cérémonie,,,Fim da Cerimônia,Завершить награждение,Ende Zeremonie,Avsluta ceremonin,Afslut ceremoni,päätä seremonia,Avslutt seremoni,end ceremony,Befejező ceremónia,ceremonie de încheiere,end ceremony,ավարտել արարողությունը,סיים טקס,انتهاء الحفل,τελετή λήξης,表彰式を終了,727
SnatchWithdrawal,Withdraw from Snatch,,,Retirar del Arranque,,Retirado de Arrancada,Retirado de Arrancada,Retirar del Arranque,Retrait de l'arraché,,,Retirar do Arranco,Отказ от рывка,Rückzug vom Reissen,Avstå ryck,Afstå fra træk,Vetäydy tempausnostoista,Trekk utøver fra rykk,Withdraw from Snatch,Visszalépés a Szakítástól,Retragere din Smuls,Withdraw from Snatch,Հրաժարվել պուկումի շարունակումը,פרישה מהנפה,انسحاب من الخطف,Αποχώρηση από το Snatch,スナッチから棄権,728
AllGroups,All Sessions,,,Todas las tandas,,Todas las tandas,Todos los Grupos,Todas las tandas,Tous les plateaux,Toutes les sessions,,Todas as Sessões,Все потоки,Alle Gruppen,Alla grupper,Alle sessioner,Kaikki ryhmät,Alle puljer,All Sessions,Minden verseny,Toate Sesiunile,All Groups,Բոլոր խմբերը,כל המקצים,جميع الجلسات,Όλες οι συνεδρίες,すべてのセッション,729
Results.NewRecords,Export New Records,,,Exportar Nuevos Récords,,Exportar Nuevos Récords,Exportar Nuevos Récords,Exportar Nuevos Récords,Exporter Nouveaux Records,,,Exportar novos Recordes,Протокол рекордов,Neue Rekorde exportieren,Exportera nya rekord,Exportér nye rekorder,Vie kilpailussa syntyneet uudet ennätykset,Eksporter nye rekorder,Export New Records,Új csúcsok exportálása,Exportați noile recorduri,Export New Records,Ռեկորդների ամփոփագիր,ייצא שיאים חדשים,تصدير سجلات جديدة,Εξαγωγή νέων εγγραφών,新記録をエクスポート,730
Results.RecordsAreProvisional,"Note: The eligibility of the athletes to set records is NOT verified.  Each federation is responsible for verifying citizenship, membership, suspensions and any other criteria they require.",,,"Nota: NO se verifica la elegibilidad de los atletas para establecer récords. Cada federación es responsable de verificar la ciudadanía, membresía, suspensiones y cualquier otro criterio que se requiera.",,"Nota: NO se verifica la elegibilidad de los atletas para establecer récords. Cada federación es responsable de verificar la ciudadanía, membresía, suspensiones y cualquier otro criterio que requiera.","Nota: NO se verifica la elegibilidad de los atletas para establecer récords. Cada federación es responsable de verificar la ciudadanía, membresía, suspensiones y cualquier otro criterio que requiera.","Nota: NO se verifica la elegibilidad de los atletas para establecer récords. Cada federación es responsable de verificar la ciudadanía, membresía, suspensiones y cualquier otro criterio que se requiera.","Note: L'éligibilité des athlètes à briser les records n'est PAS vérifiée.  Chaque fédération est responsable de vérifier les critères de citoyenneté, appartenance, suspensions ou autres critères pertinents.",,,"Nota: A elegibilidade dos atletas para bater recordes NÃO é verificada. Cada Federação é responsável por verificar a cidadania, filiação, suspensões e quaisquer outros critérios que requeiram.","Примечание: Право спортсменов устанавливать рекорды НЕ проверяется.  Каждая федерация несет ответственность за проверку гражданства, членства, отстранений и любых других критериев, которые они требуют.","Hinweis: Die Rekordberechtigung der Athleten wird NICHT überprüft. Jeder Verband ist dafür verantwortlich, Staatsbürgerschaft, Mitgliedschaft, Suspendierungen und alle anderen erforderlichen Kriterien zu überprüfen.","Note: The eligibility of the athletes to set records is NOT verified.  Each federation is responsible for verifying citizenship, membership, suspensions and any other criteria they require.","Note: Validiteten af nye rekorder er IKKE verificeret. Hvert enkelt forbund er selv ansvarlig for at bekræfte nationalitet, medlemskab, evt udelukkelser o.lign.","Huomautus: Nostajien kelpoisuutta ennätysten tekemiseen EI ole vahvistettu. Jokainen liitto on vastuussa kansalaisuuden, jäsenyyden, erotusten ja muiden vaatimiensa kriteerien tarkistamisesta.","Merk: Utøvere kvalifisert til å sette rekorder er IKKE bekreftet.  Hvert forbund er ansvarlig for å bekrefte statsborgerskap, medlemskap, suspensjoner og andre kriterier de krever.","Note: The eligibility of the athletes to set records is NOT verified.  Each federation is responsible for verifying citizenship, membership, suspensions and any other criteria they require.","Megjegyzés: A versenyzők rekordok felállítására való jogosultsága NEM ellenőrzött. Minden egyes szövetség felelős az állampolgárság, a tagság, a felfüggesztések és minden egyéb általuk megkövetelt kritérium ellenőrzéséért.","Notă: Eligibilitatea sportivilor de a stabili recorduri NU este verificată. Fiecare federație este responsabilă pentru verificarea cetățeniei, apartenenței, suspendărilor și a oricăror alte criterii pe care le solicită.","Note: The eligibility of the athletes to set records is NOT verified. Each federation is responsible for verifying citizenship, membership, suspensions and any other criteria they require.","ՆՇՈւՄ. Ռեկորդներ սահմանելու մարզիկների իրավասությունը ՉԻ ՍՏՈւԳՎՈւՄ: Յուրաքանչյուր ֆեդերացիա պատասխանատվություն է կրում քաղաքացիության, անդամակցության, կասեցումների և նրանց պահանջած ցանկացած այլ չափանիշների ստուգման համար:","הערה: כשירות הספורטאים לקביעת שיאים אינה מאומתת. כל התאחדות אחראית לאימות אזרחות, חברות, השעיות וכל קריטריון אחר שהיא דורשת.",ملاحظة: لم يتم التحقق من أهلية الرياضيين لتحطيم الأرقام القياسية. كل اتحاد مسؤول عن التحقق من الجنسية، العضوية، الإيقافات وأي معايير أخرى يتطلبونها.,"Σημείωση: ΔΕΝ επαληθεύεται η καταλληλότητα των αθλητών να καταγράψουν ρεκόρ.  Κάθε ομοσπονδία είναι υπεύθυνη για την επαλήθευση της υπηκοότητας, της ιδιότητας μέλους, των αναστολών και οποιωνδήποτε άλλων κριτηρίων απαιτούν.",注意：選手の記録樹立資格は確認されていません。各連盟が国籍、会員資格、資格停止およびその他の要件を確認する責任を負います,731
Results.EndOfCompetition,End of Competition,,,Fin de la competencia,,Fin de la Competición,Fin de la Competencia,Fin de la competencia,Fin de compétition,,,Resultados Finais,Документы по окончании соревнований,Ende des Wettkampfs,Slut på tävlingen,Slut protokol,Kilpailu lopputulokset,Slutt på konkurransen,End of Competition,Verseny vége,Sfârșitul competiției,End of Competition,Մրցումների ավարտի փաստաթղթեր,סוף התחרות,نهاية المنافسة,Λήξη Διαγωνισμού,大会終了,732
Preparation.ClearNewRecords,Clear Provisional Records,,,Borrar los Nuevos Récords,,Borrar los Nuevos Récords,Borrar los Nuevos Récords,Borrar los Nuevos Récords,Effacer les records provisoires,,,Limpar novos Recordes,Очистить обновленные рекорды,Lösche neue Rekorde,Ta bort nya rekord,Ryd nye rekorder,Tyhjennä väliaikaiset ennätykset,Slett nylige rekorder,Clear Provisional Records,Törölje az ideiglenes nyilvántartásokat,Ștergeți înregistrările provizorii,Clear Provisional Records,Ջնջել թարմացված ռեկորդները,נקה שיאים זמניים,مسح السجلات المؤقتة,Εκκαθάριση προσωρινών αρχείων,仮記録をクリア,733
Preparation.Records,Records,,,Récords,,Récords,Récords,Récords,Records,,,Recordes,Рекорды,Rekorde,Rekord,Rekorder,Ennätykset,Rekorder,Records,Adatok,Records,Records,Ռեկորդ,שיאים,السجلات,Εγγραφές,記録,734
Config.DisplayPIN,Password for Displays,,,Contraseñas para las Pantallas,,Contraseñas para las Pantallas,Contraseñas para Pantallas,Contraseñas para las Pantallas,Mot de passe pour affichages,,,Senha para Monitores,Пароль для дисплеев,Passwort für Anzeigen,Lösenord för displayer,Password til Displays,Salasana näytöille,Passord for skjermer,Password for Displays,Jelszó a kijelzőkhöz,Parola pentru monitoare,Hasło do monitorów,Էկրանների գաղտնաբառ,סיסמה לתצוגות,كلمة مرور للشاشات,Κωδικός πρόσβασης για οθόνες,表示画面のパスワード,735
Config.DisplayAccessList,IP Addresses Authorized to Access Displays,,,Direcciones IP autorizadas para acceder a las Pantallas,,Direcciones IP autorizadas para acceder a las Pantallas,Direcciones IP autorizadas para acceder a las pantallas,Direcciones IP autorizadas para acceder a las Pantallas,Adresses IP autorisées à accéder aux affichages,,,Endereços IP autorizados a acessar monitores,Авторизированные IP- адреса для дисплеев,IP Adressen mit Zugang zu den Anzeigen,IP Addresses Authorized to Access Displays,IP Addresses med adgang til Displays,IP Addresses Authorized to Access Displays,IP-adresser godkjent for å få tilgang til skjermer,IP Addresses Authorized to Access Displays,A kijelzők eléréséhez engedélyezett IP-címek,Adrese IP autorizate pentru a accesa display-uri,IP Addresses Authorized to Access Displays,"IP հասցեներ, որոնք լիազորված են տեսնել էկրանները",כתובות IP מורשות לגישה לתצוגות,عناوين IP المصرح بها للوصول إلى الشاشات,Διευθύνσεις IP εξουσιοδοτημένες για πρόσβαση σε οθόνες,表示画面へのアクセス許可IPアドレス,736
Config.AccessList,Authorized IP addresses for Officials,,,Direcciones IP autorizadas,,Direcciones IP autorizadas,Direcciones IP Autorizadas,Direcciones IP autorizadas,Adresses IP permises pour officiels,,,Endereços IP Autorizados,Авторизированные IP- адреса для страниц судей,Erlaubte IP Adressen,Auktoriserade IP addresser,Authoriserede IP adresser,Vahvistettu IP-osoite,Autoriserte IP-adresser for funksjonærer,Authorized IP addresses for Officials,Engedélyezett IP-címek a képviselők részére,Adrese IP autorizate pentru oficiali,Authorized IP addresses for Officials,Լիազորված IP հասցեները,כתובות IP מורשות לשופטים,عناوين IP المصرح بها للمسؤولين,Εξουσιοδοτημένες διευθύνσεις IP για Αξιωματούχους,公式役員用許可IPアドレス,737
Config.PasswordOrPIN,Password for Officials,,,Contraseña,,Contraseña,Contraseña,Contraseña,Mot de passe pour officiels,,,Senha,Пароль для страниц судей,Passwort,Lösenord,Password,Salasana toimihenkilöille,Passord for funksjonærer,Password for Officials,Jelszó tisztviselők számára,Parola pentru oficiali,Hasło dla sędziów,Գաղտնաբառ,סיסמה לשופטים,كلمة مرور للمسؤولين,Κωδικός πρόσβασης για αξιωματούχους,公式役員用パスワード,738
RuleViolation.StartingWeightCurrent,Starting weight rule violation: Missing {0} kg.,,,Violación de la regla de peso inicial: Falta {0} kg.,,Violación de la regla de peso inicial: Falta {0} kg.,Violación de la regla de peso inicial: Falta {0} kg.,Violación de la regla de peso inicial: Falta {0} kg.,Violation de la règle des poids initiaux: Il manque {0} kg.,,,Violação da regra de peso inicial: Faltando {0} kg.,Нарушение правила стартового веса: не хватает {0} кг,Anfangslast Regelverletzung: Vermisse {0} kg.,Totalviktsregel brott: Saknar {0} kg.,Overtrædelse af reglen om indledende vægte: Der mangler {0} kg.,Sääntörike aloituspainot: Puuttuu {0} kg.,Brudd på regelen for startvekt: Mangler {0} kg.,Starting weight rule violation: Missing {0} kg.,A kezdősúly szabályának megsértése: {0} kg hiányzik.,Încălcarea regulii de greutate inițială: lipsesc {0} kg.,Starting weight rule violation: Missing {0} kg.,"Սկսման քաշի կանոնի խախտում, չի հերիքում {0} կգ:","הפרת חוק משקל התחלתי: חסרים {0} ק""ג.",انتهاك قاعدة الوزن الابتدائي: الوزن المفقود {0} كجم.,Παραβίαση αρχικού κανόνα βάρους: Λείπουν {0} κιλά.,開始重量ルール違反: {0} kg不足しています,739
Registration.FederationCodes,Federations where athlete can break records (no restrictions if empty),,,Federaciones donde el atleta puede batir récords (ninguna restricción si está vacío),,Federaciones donde el atleta puede batir récords (ninguna restricción si está vacío),Federaciones donde el atleta puede batir récords (ninguna restricción si está vacío),"Récords que el atleta puede batir: Nacional, Sudamericano, Panamericano, Mundial, de Juegos, etc. (ninguna restricción si está vacío)",Fédérations où l'athlète peut briser un record (sans restrictions si vide),,,Federações onde o Atleta pode quebrar recordes (sem restrições se vazio),"Федерации, где спортсмен может побивать рекорды (без ограничений, если пусто)","Verbände, in denen Athleten Rekorde brechen können (keine Einschränkungen, wenn leer)",Federations where athlete can break records (no restrictions if empty),Forbund for hvilke atleten kan slå rekord (hvis blank ingen begrænsninger),"Liitot, joissa urheilija voi rikkoa ennätyksiä (ei rajoituksia, jos ne ovat tyhjiä)",Forbund/region hvor utøvere kan slå rekorder (ingen restriksjoner hvis tomme),Federations where athlete can break records (no restrictions if empty),"Szövetségek, ahol a sportoló rekordokat dönthet (nincs korlátozás, ha üres)",Federații în care sportivul poate doborî recorduri (fără restricții dacă sunt vacante),Federations where athlete can break records (no restrictions if empty),"Ֆեդերացիաներ, որտեղ մարզիկը կարող է ռեկորդներ սահմանել (առանց արգելքի, եթե դատարկ է)",התאחדויות בהן ספורטאי יכול לשבור שיאים (אין הגבלות אם ריק),الاتحادات التي يمكن للرياضي تحطيم الأرقام القياسية فيها (لا قيود إذا كانت فارغة),Ομοσπονδίες όπου ο αθλητής μπορεί να σπάσει ρεκόρ (χωρίς περιορισμούς εάν είναι κενό),選手が記録を樹立できる連盟（空欄の場合は制限なし）,740
Registration.FederationCodesShort,Record Eligibility Federations,,,Récords elegibles,,Récords elegibles,Récords elegibles,Récords elegibles,Fédérations éligibles pour records,,,Federação Elegível por Recordes,"Федерации, имеющие право на рекорд","Verbände, die für die Rekorde in Frage kommen",Record Eligibility Federations,Forbund der kan sættes rekord for,Ennätyskelpoisuusliitot,Forbund/region det kan settes rekord for,Record Eligibility Federations,A csúcsok hiteles joga az MSSZ-é,Eligibilitatea Federațiilor de Înregistrare a recordurilor,Record Eligibility Federations,Ռեկորդային իրավասության ֆեդերացիաներ,התאחדויות כשירות לשיאים,اتحادات الأرقام القياسية,Ρεκόρ Ομοσπονδιών Επιλεξιμότητας,記録樹立資格連盟,741
EVENT_SummonReferee,summon referees,,,Llamar a los Árbitros,,Llamar a los Jueces,Llamar a los Jueces,Llamar a los Árbitros,appeler les arbitres,,,Convocar Árbitros,вызвать судью на помосте,Kampfrichter rufen,summon referees,Kald dommerne sammen,kutsua tuomarit,Tilkall dommere,summon referees,Bírók összehívása,Convocarea arbitrilor,summon referees,կանչել մրցավարներին,זמן שופטים,استدعاء الحكام,καλούν διαιτητές,審判を召集,742
Preparation.PrecompDocsTitle,Pre-competition Documents,,,Documentos pre competencia,,Documentos previos a la Competición,Documentos previos a la Competición,Documentos pre competencia,Documents pré-compétition,,,Documentos Pré-Competição,Предсоревновательная документация,Unterlagen vor dem Wettbewerb,Pre-competition Documents,Præ-konkurrence Dokumenter,Kilpailua edeltävät asiakirjat,Dokumenter før konkurransen,Pre-competition Documents,Verseny előtti dokumentumok,Documente pre-concurs,Pre-competition Documents,Նախամրցումային փաստաթղթեր,מסמכים לפני תחרות,وثائق ما قبل المنافسة,Έγγραφα προαγωνισμού,大会前印刷用ドキュメント,743
ShortTitle.Displays,Displays,,,Pantallas,,Marcadores,Marcadores,Pantallas, Affichages,,,Exibe, Экраны, Anzeigen, Skärmar, Displays,Näytöt,Skjermer,Displays,Kijelző,Monitor,Displays, Էկրան,מסכים,العروض,Εμφανίσεις,表示画面,744
ShortTitle.Info,About,,, Acerca de,, Acerca de, Acerca de,Acerca de, Info,,,Sobre, О программе,OWLCMS – Über, Om, Om,Lue lisää,Om,About,Rólunk,Despre noi,About, Ծրագրի մասին,אודות,حول,Για,このシステムについて,745
ShortTitle.Home,Home,,, Inicio,, Inicio, Inicio,Inicio, Accueil,,,Início, Главная, Home, Hem, Hjem,Koti,Hjem,Home,Kezdőlap,Home,Home, Գլխավոր,בית,الرئيسية,Σπίτι,ホーム,746
ShortTitle.Lifting,Lifting,,, Levantamiento,, Levantamiento, Levantamiento,Levantamiento, Plateau,Session,,Sessão, Поток, Heben, Lyftning, Session,Nostot,Løfting,Lifting,Verseny,Sesiune,Lifting, Խումբ,הרמות,الرفع,Αρση,リフティング,747
ShortTitle.Top,Olympic Weightlifting Competition Management System,,,Olympic Weightlifting Competition Management System,,Olympic Weightlifting Competition Management System,Sistema de Gestión de Competición de Halterofilia,Olympic Weightlifting Competition Management System,Gestion de compétition d'haltérophilie,,,Sistema de Gerenciamento de Competição de Levantamento de Pesos, Управление соревнованиями по тяжелой атлетике, Olympic Weightlifting Competition Management System, Olympic Weightlifting Competition Management System, Olympic Weightlifting Competition Management System,Olympic Weightlifting Competition Management System,Olympic Weightlifting Competition Management System,Olympic Weightlifting Competition Management System,Olimpiai Súlyemelő Verseny Menedzsment Rendszer,Sistemul Olimpic de Management al Competiției de Haltere,Olympic Weightlifting Competition Management System, Ծանրամարտի մրցումների կառավարման էլեկտրոնային համակարգ (Ա․Մ․),מערכת ניהול תחרויות הרמת משקולות אולימפית,نظام إدارة مسابقات رفع الأثقال الأولمبية,Ολυμπιακό Σύστημα Διαχείρισης Αγώνων Άρσης Βαρών,Olympic Weightlifting Competition Management System,748
ShortTitle.Preparation, Preparation,,,Preparación,, Preparación, Preparación,Preparación, Préparation,,,Preparação, Подготовка, Vorbereitung, Förberedelser, Forberedelse,Valmistelut,Forberedelse, Preparation,Előkészület,Pregătire,Preparation, Պատրաստում,הכנה,تحضير, Παρασκευή,準備,749
ShortTitle.Results, Results,,,Resultados,, Resultados, Resultados,Resultados, Résultats,,,Resultados, Результаты, Ergebnisse, Resultat, Resultater,Tulokset,Resultater, Results,Eredmények,Rezultate,Results, Արդյունքներ,תוצאות,نتائج, Αποτελέσματα,結果,750
Registration.EligibleCategories,Qualified Categories,,,Divisiones Calificadas,,Categorías Calificadas,Categorías Calificadas,Divisiones Calificadas,Catégories qualifiées,,,Categorias Qualificadas,Квалифицированные категории,Qualifizierte Gewichtsklassen,Qualified Categories,Kvalificerede kategorier,Karsinta sarjat,Kvalifisert for kategorier,Qualified Categories,Kvalifikált kategóriák,Categorii calificate,Qualified Categories,Որակավորված խմբեր,קטגוריות כשירות,الفئات المؤهلة,Ειδικές Κατηγορίες,資格取得階級,751
Registration.Category,Category,,,Categoria,,Categoría,Categoria,Categoria,Catégorie,,,Categoria,Категория,Gewichtsklassen,Viktklass,Vægtklasse ændring,Sarjat,Kategori,Category,Súlycsoportok,categorie,Category,Քաշային կարգ,קטגוריה,الفئة,Κατηγορία,階級,752
Weighin.EligibleCategories,Qualified Categories,,,Divisiones Calificadas,,Categorías Calificadas,Categorías Calificadas,Divisiones Calificadas,Catégories qualifiées,,,Categorias Qualificadas,Квалифицированные категории,Qualifizierte Gewichtsklassen,Qualified Categories,Kvalificerede kategorier,Karsinta sarjat,Kvalifisert for kategorier,Qualified Categories,Kvalifikált kategóriák,Categorii califcate,Qualified Categories,Որակավորված խմբեր,קטגוריות כשירות,الفئات المؤهلة,Ειδικές Κατηγορίες,資格取得階級,753
Weighin.Category,Category,,,Categoria,,Categoría,Categoria,Categoria,Catégorie,,,Categoria,Категория,Gewichtsklassen,Viktklass,Vægtklasse ændring,Sarjat,Kategori,Category,Súlycsoport,categorie,Category,Քաշային կարգ,קטגוריה,الفئة,Κατηγορία,階級,754
StartingList.Teams,Teams,,,Equipos,,Equipos,Equipos,Equipos,Équipes,,,Equipes ,Команды,Mannschaften,Lag,Hold,Seurat,Lag,Teams,Csapatok,Echipe,Teams,Կազմ,קבוצות,الفرق,Ομάδες,チーム,755
StartingList.Officials,Officials,,,Oficiales,,Jueces,Oficiales,Oficiales,Officiels,,,Árbitros,Судьи,Offizielle,Officials,Officials,Toimihenkilöt,Funksjonærer,Officials,Képviselők,Oficialii,Officials,Պաշտոնյաները,שופטים,المسؤولون,αξιωματούχοι,公式役員,756
StartingList.Categories,Categories,,,Categorias,,Categorías,Categorias ,Categorias,Catégories,,,Categorias,Категории,Gewichtsklassen,Viktklasser,Kategorier,Sarjat,Kategorier,Categories,Kategóriák,Categorii,Categories,Քաշային կարգեր,קטגוריות,الفئات,Κατηγορίες,階級一覧,757
Config.MQTTSectionTitle,Refereeing Device MQTT Server,,,Servidor MQTT del Dispositivo de Arbitraje,,Servidor MQTT del Dispositivo de Arbitraje,Servidor MQTT del Dispositivo de Arbitraje,Servidor MQTT del Dispositivo de Arbitraje,Serveur MQTT pour dispositif d'arbitrage,,,Servidor MQTT do dispositivo de arbitragem,Сервер MQTT для судейских устройств,Kampfrichter Gerät MQTT Server,Domarenhets MQTT Server,Dommer enhed MQTT Server,Tuomaripainikkeet MQTT-palvelin,Dommerenhet MQTT-server,Refereeing Device MQTT Server,Játékvezetői eszköz MQTT szerver,Dispozitiv de arbitraj MQTT Server ,Refereeing Device MQTT Server,MQTT սերվեր մրցավարի սարքերի համար,שרת MQTT של מכשיר שיפוט,خادم MQTT لجهاز التحكيم,Διακομιστής MQTT Συσκευής Διαιτησίας,審判デバイス MQTT サーバー,758
Config.MQTTServer,MQTT Server,,,Servidor de MQTT,,Servidor de MQTT,Servidor de MQTT,Servidor de MQTT,Serveur MQTT,,,Servidor MQTT,Адрес сервера MQTT,MQTT Server,MQTT Server,MQTT Server,MQTT Palvelin,MQTT-server,MQTT Server,MQTT Szerver,MQTT Server,MQTT Server,MQTT սերվերի հասցե,שרת MQTT,خادم MQTT,Διακομιστής MQTT,MQTT サーバー,759
Config.MQTTPort,MQTT Port Number,,,Número de puerto de MQTT,,Número de puerto de MQTT,Número de puerto de MQTT,Número de puerto de MQTT,Port MQTT,,,Número da porta MQTT,Порт сервера MQTT,MQTT Port Number,MQTT Portnummer,MQTT Portnummer,MQTT Portin numero,MQTT-portnummer,MQTT Port Number,MQTT Port Number,MQTT Port Number,MQTT Port Number,MQTT սերվերի պորտ,מספר יציאת MQTT,رقم منفذ MQTT,Αριθμός θύρας MQTT,MQTT ポート番号,760
Config.LanguageTab,Language and Time Zone,,,Idioma y Uso Horario,,Idioma y Uso Horario,Idioma y Uso Horario,Idioma y Uso Horario,Langue et fuseau horaire,,,Idioma e fuso horário,Язык и часовой пояс,Sprache und Zeitzone,Språk och tidszone,Sprog og tidszone,Kieli ja aikavyöhyke,Språk og tidssone,Language and Time Zone,Nyelv és időzóna,Limba și fusul orar,Language and Time Zone,Լեզու և ժամային գոտի,שפה ואזור זמן,اللغة والمنطقة الزمنية,Γλώσσα και ζώνη ώρας,言語とタイムゾーン,761
Config.ConnexionsTab,Connections,,,Conexiones,,Conexiones,Conexiones,Conexiones,Connexions,,,Conexões,Общедоступное табло и MQTT сервер,Verbindungen,Connections,Forbindelser,Yhteydet,Tilkoblinger,Connections,Kapcsolatok,Conexiuni,Connections,Հղումներ,חיבורים,الاتصالات,Συνδέσεις,接続状況,762
Config.AccessControlTab,Access Control,,,Control de Acceso,,Control de Acceso,Control de Acceso,Control de Acceso,Contrôle d'accès,,,Controle de Acesso,Контроль доступа,Zugangskontrolle,Access Control,Adgangskontrol,Kulunvalvonta,Tilgangskontroll,Access Control,Hozzáférés ellenőrzése,Controlul accesului,Access Control,Մուտքի վերահսկում,בקרת גישה,التحكم في الوصول,Έλεγχος πρόσβασης,アクセス制御,763
Config.CustomizationTab,Customization,,,Personalización,,Personalización,Personalización,Personalización,Personnalisation,,,Costumização,Пользовательская настройка,Anpassung,Anpassningar,Tilpasninger,Muokkaus,Tilpasning,Customization,Testreszabás,Personalizare,Customization,Անահատականացում,התאמה אישית,التخصيص,Προσαρμογή,カスタマイズ,764
Config.MQTTUserName,MQTT User Name,,,Nombre de usuario de MQTT,,Nombre de usuario de MQTT,Nombre de usuario de MQTT,Nombre de usuario de MQTT,Utilisateur MQTT,,,Nome de usuário MQTT,Логин MQTT,MQTT Benutzername,MQTT Användarnamn,MQTT User Name,MQTT Käyttäjänimi,MQTT brukernavn,MQTT User Name,MQTT felhasználónév,Nume de utilizator MQTT,MQTT User Name,MQTT օգտանուն,שם משתמש MQTT,اسم مستخدم MQTT,Όνομα χρήστη MQTT,MQTT ユーザー名,765
Config.MQTTPassword,MQTT Password,,,Contraseña de MQTT,,Contraseña de MQTT,Contraseña de MQTT,Contraseña de MQTT,Mot de passe MQTT,,,Senha do MQTT,Пароль MQTT,MQTT Passwort,MQTT Lösenord,MQTT Password,MQTT Salasana,MQTT-passord,MQTT Password,MQTT jelszó,Parola MQTT,MQTT Hasło,MQTT գաղտնաբառ,סיסמת MQTT,كلمة مرور MQTT,Κωδικός πρόσβασης MQTT,MQTT パスワード,766
ThisFieldIsRequired,This field is required,,,Campo requerido,,Se requiere este campo,Se requiere este campo,Campo requerido,Ce champ est obligatoire,,,Este campo é obrigatório,Это поле является обязательным,Dieses Feld wird benötigt,Detta fält är obligatoriskt,Dette felt er påkrævet,Tämä kenttä pitää täyttää,Dette feltet er obligatorisk,This field is required,Kötelező mező,Acest câmp este obligatoriu,This field is required,Այս դաշտը պարտադիր է,שדה זה נדרש,هذا الحقل مطلوب,Αυτό το πεδίο είναι υποχρεωτικό,この項目は必須です,767
AthleteGrid.Attempts,Attempts,,,Intentos,,Intentos,Intentos,Intentos,Essais,,,Tentativas,Попытки,Versuche,Försök,Forsøg,Yritykset,Forsøk,Attempts,Kísérletek,Încercări,Attempts,Մոտեցումներ,ניסיונות,محاولات,Προσπάθειες,試技,768
Config.MQTTExplain,These parameters control access to the built-in MQTT broker embedded in owlcms,,,Estos parámetros controlan el acceso al intermediario MQTT integrado en owlcms,,Estos parámetros controlan el acceso al intermediario MQTT integrado en owlcms,Estos parámetros controlan el acceso al intermediario MQTT integrado en owlcms,Estos parámetros controlan el acceso al intermediario MQTT integrado en owlcms,Ces paramètres contrôlent l'accès au serveur MQTT enchassé dans owlcms.,,,Esses parâmetros controlam a conexão com o broker MQTT embutido embutido no owlcms,"Эти параметры управляют подключением к серверу MQTT, встроенному в owlcms",Diese Parameter steuern die Verbindung zum eingebauten MQTT-Broker in owlcms,These parameters control the connection to the built-in MQTT broker in owlcms,Disse parametre styrer forbindelsen til den indbyggede MQTT broker i Owlcms,"Nämä parametrit ohjaavat pääsyä sisäänrakennettuun MQTT-välittäjään, joka on upotettu owlcms-järjestelmään",Disse parameterne kontrollerer tilgangen til den innebygde MQTT-megleren innebygd i owlcms,These parameters control access to the built-in MQTT broker embedded in owlcms,Ezek a paraméterek vezérlik a kapcsolatot az owlcms beépített MQTT brókerrel,Acești parametri controlează conexiunea la brokerul MQTT încorporat în owlcms,These parameters control access to the built-in MQTT broker embedded in owlcms,"Այս պարամետրերը վերահսկում են միացումը MQTT սերվերի հետ, որը ներկառուցված է owlcms-ում",פרמטרים אלה שולטים בגישה למתווך MQTT המובנה ב-owlcms,هذه المعايير تتحكم في الوصول إلى وسيط MQTT المدمج في owlcms,Αυτές οι παράμετροι ελέγχουν την πρόσβαση στον ενσωματωμένο μεσίτη MQTT που είναι ενσωματωμένος στα owlcms,これらのパラメータは owlcms に組み込まれた MQTT ブローカーへのアクセスを制御します,769
Config.MQTTEnableInternalExplain,Unselect to disable the embedded MQTT server,,,Anule la selección para deshabilitar el servidor MQTT incorporado,,Anule la selección para deshabilitar el servidor MQTT incorporado,Anule la selección para deshabilitar el servidor MQTT incorporado,Anule la selección para deshabilitar el servidor MQTT incorporado,Décocher pour désactiver le serveur MQTT intégré,,,"Se desmarcado, o servidor MQTT integrado não será iniciado.","Если этот параметр не выбран, встроенный сервер MQTT не запустится","Wenn nicht ausgewählt, wird der eingebettete MQTT-Server nicht gestartet.","If unselected, the embedded MQTT server will not start.",Hvis fravalgt vil indbygget MQTT server ikke blive startet.,Poista valinta poistaaksesi sulautetun MQTT-palvelimen käytöstä.,Fjern avkryssing for å deaktivere den innebygde MQTT-serveren,Unselect to disable the embedded MQTT server,"Ha nincs kiválasztva, a beágyazott MQTT szerver nem indul el.","Dacă nu este selectat, serverul MQTT încorporat nu va porni.",Unselect to disable the embedded MQTT server,"Եթե ​​այս տարբերակը ընտրված չէ, ներկառուցված MQTT սերվերը չի գործարկվի",בטל בחירה כדי להשבית את שרת MQTT המובנה,ألغ التحديد لتعطيل خادم MQTT المدمج,Καταργήστε την επιλογή για να απενεργοποιήσετε τον ενσωματωμένο διακομιστή MQTT,チェックを外すと組み込みMQTTサーバーを無効化します,770
Config.MQTTEnableInternal,Enable Built-in MQTT Server,,,Habilitar servidor MQTT incorporado,,Habilitar servidor MQTT incorporado,Habilitar servidor MQTT incorporado,Habilitar servidor MQTT incorporado,Serveur MQTT intégré,,,Ativar servidor MQTT integrado,Включить встроенный сервер MQTT,Aktivieren Sie den integrierten MQTT-Server,Enable Built-in MQTT Server,Aktivér indbygget MQTT Server,Aktivoi sisäänrakennettu MQTT Palvelin,Aktiver innebygd MQTT-server,Enable Built-in MQTT Server,A beépített MQTT-kiszolgáló engedélyezése,Activați serverul MQTT încorporat,Enable Built-in MQTT Server,Միացնել ներկառուցված MQTT սերվերը,הפעל שרת MQTT מובנה,تمكين خادم MQTT المدمج,Ενεργοποίηση του ενσωματωμένου διακομιστή MQTT,組み込みMQTTサーバーを有効にする,771
AnnouncerSelectsGroup,The current session for the platform is selected on the <b><i>Announcer</i></b> screen<br>,,,La tanda actual para la plataforma se selecciona en la pantalla <b><i>Anunciador</i></b>.<br>,,La tanda actual para la plataforma se selecciona en la pantalla <b><i>Anunciador</i></b>.<br>,El Grupo actual para la plataforma se selecciona en la pantalla <b><i>Anunciador</i></b>.<br>,La tanda actual para la plataforma se selecciona en la pantalla <b><i>Anunciador</i></b>.<br>,Le plateau courant pour la plateforme est déterminé par l'<b><i>annonceur</i></b> ou le <i>chronométreur</i<br>,Le session courante pour la plateforme est déterminée par l'<b><i>annonceur</i></b><br>,,A sessão atual da plataforma é selecionada na tela do <b><i>Locutor</i></b><br>,Поток выбирается на экране <b><i>ведущего секретаря</i></b><br>,Die aktuelle Gruppe für die jeweilige Bohle wird auf der<b><i> Sprecher</i> Anzeige</b> ausgewählt.<br>,Nuvarande gruppen för plattformen är vald på <b><i>Speaker</i></b> skärmen<br>,Nuværende session for platformen vælges på <b><i>Speaker</i></b> skærm<br>,Kuuluttaja valitsee ensiksi ryhmän <b><i>Kuuluttaja</i></b> näyttö<br>,Den gjeldende puljen for plattformen velges på <b><i>Speaker</i></b>-skjermen<br>,The current session for the platform is selected on the <b><i>Announcer</i></b> screen<br>,A jelenlegi csoport  a versenydobogóhoz <b><i>Bemondó</i></b> képernyőn<br>,Sesiunea curentă pentru platformă este selectat de <b><i>Crainic</i></b>ecran<br>,The current group for the platform is selected on the <b><i>Announcer</i></b> screen<br>,Խումբը ընտրվում է Գլխավոր քարտուղարի <b><i> էկրանին </i></b><br>,המקצה הנוכחי עבור הבמה נבחר במסך ה<b><i>כרוז</i></b> או <i>שומר הזמן</i><br>,يتم اختيار الجلسة الحالية للمنصة على شاشة <b><i>المذيع</i></b><br>,Το τρέχων γρούπ για την πλατφόρμα επιλέγεται στην οθόνη <b><i>Εκφωνητής</i></b><br>,現在のプラットフォームのセッションは <b><i>アナウンサー</i></b> 画面で選択されています<br>,772
EligibilityCategoryResults,Eligibility Category Results ,,,Resultados por categorías de elegibilidad,,Resultados por Categorías Seleccionadas,Elegir Resultados por Categorías ,Resultados por categorías de elegibilidad,Résultats par catégorie d'éligibilité,,,Resultados da Categoria de Elegibilidade,Результаты по категориям,Ergebnisse in qualifizierter Gewichtsklasse,Eligibility Category Results ,Resultater i kvalificerede kategorier,Pöytäkirjatulokset-kilpailuun oikeutetut nostajat,Resultater i kvalifiserte kategorier ,Eligibility Category Results , A Kategória Alkalmassági Eredményei ,Rezultatele Categoriilor Eligibile,Eligibility Category Results,Կարգերի արդյունքներ,תוצאות קטגוריות כשירות,نتائج فئة الأهلية,Αποτελέσματα κατηγορίας επιλεξιμότητας ,資格階級結果,773
RegistrationCategoryResults,Registration Category Results,,,Resultados por categorías de registro,,Resultados por Categorías de Registro,Registro de Resultados por Categorías ,Resultados por categorías de registro,Résultats par catégorie d'inscription,,,Resultados da Categoria de Registro,Результаты всех категориий,Ergebnisse in registrierter Gewichtsklasse,Registration Category Results,Resultater i registreret kategori,Pöytäkirjatulokset,Resultater for registrert kategori,Registration Category Results,Regisztrációs kategória eredményei, Rezultatele Categoriei de înregistrare,Registration Category Results,Բոլոր կարգերի արդյունքները,תוצאות קטגוריות רישום,نتائج فئة التسجيل,Αποτελέσματα Κατηγορίας Εγγραφής,登録階級結果,774
CompetitionResults,Competition Results,,,Resultados de la competencia,,Resultados de la Competición,Resultados de Competencia,Resultados de la competencia,Résultats de la compétition,,,Resultados da Competição,Результаты соревнований,Wettkampf Ergebnisse,Tävlingsresultat,Resultater for konkurrencen,Kilpailun tulokset,Konkurranseresultater,Competition Results,Verseny eredményei,Resultele Competiției,Competition Results,Մրցման արդյունքներ,תוצאות תחרות,نتائج المسابقة,Αποτελέσματα Διαγωνισμού,競技結果,775
EmptyProtocolSheet,Empty Protocol,,,Pesos iniciales,,Pesos iniciales,Pesos iniciales,Pesos iniciales,Poids de départ,Barres de départ,Protocole vide,Peso Inicial,Таблица стартовых весов,Anfangslast Tabelle,Startprotokoll,Startvægte,Tyhjä kilpailupöytäkirja,Tom protokoll,Empty Protocol,Kezdősúlyok lap,Fișa de pornire a greutăților,Empty Protocol,Մեկնարկի քաշերի համար,פרוטוקול ריק,بروتوكول فارغ,Κενό Πρωτόκολλο,空のプロトコル,776
WeighinForm,Weigh-In Form,,,Planilla del Pesaje,,Resumen del Pesaje,Planilla del Pesaje,Planilla del Pesaje,Formulaire de pesée,,,Planilha de Pesagem,Резюме взвешивания,Übersicht wiegen,Invägningsöversikt,Indvejningsoversigt,Punnitus-lomake,Innveiingsskjema,Weigh-In Form,Mérlegelési összefoglaló,Rezumatul cântăririi,Weigh-In Form,Կշռման արդյունք,טופס שקילה,نموذج الوزن,Φόρμα Ζύγισης,計量フォーム,777
VideoStreaming,Video Streaming,,,Video Streaming,,Video Streaming,Video Streaming,Video Streaming,Diffusion vidéo,,,Transmissão de vídeo,Потоковое видео,Video Streaming,Videostreaming,Videostreaming,Video Striimaus,Videostreaming,Video Streaming,Video Streaming,Video Streaming,Video Streaming,Հոսքային տեսանյութ,הזרמת וידאו,بث الفيديو,Ροή βίντεο,動画配信,778
Scoreboard.Best,✔,,,✔,,✔,✔,✔,✔,✔,✔,✔,✔,✔,✔,✔,✔,✔,✔,✔,✔,✔,ԱՐԴ․,✔,✔,✔,✔,779
Scoreboard.RANKING,Ranking,,,Clasificación,,Clasificación,Clasificación,Clasificación,Classement,,,Classificação,Результаты группы,Platzierung,Ranking,Gruppe resultater,Sijoitus,Plass.,Ranking,Rangsor,Clasament,Ranking,Խմբի արդյունք,דירוג,الترتيب,Κατάταξη,順位,780
Scoreboard.RANKINGS,Rankings,,,Clasificaciones,,Clasificaciones,Clasificaciones,Clasificaciones,Classements,,,Classificações,Табло результатов категории,Platzierungen,Resultat  ,Resultater,Sijoitukset,Rangeringer,Rankings,Rangsor,Clasament,Rankings,Կարգի արդյունքների աղյուսակ,דירוגים,الترتيبات,Κατάταξη,順位一覧,781
Video.includeNotCompleted,Include categories with athletes that have not yet finished,,,Incluir categorías con atletas que aún no han terminado,,Incluir categorías con atletas que aún no han terminado,Incluir categorias con atletas que aun no han terminado,Incluir categorías con atletas que aún no han terminado,Inclure catégories avec athlètes n'ayant pas terminé,,,Incluir categorias com atletas que ainda não terminaram,"Включить категории со спортсменами, которые еще не выступили","Beinhaltet Gewichtsklassen mit Sportlern, die noch nicht fertig sind.",Inkluderar viktklasser med lyftare som inte har lyft färdigt.,Inkluder vægtklasser med atleter der endnu ikke har løftet færdig,"Sisällytä sarjat nostajille, jotka eivät ole vielä lopettaneet",Ta med kategorier med utøvere som ennå ikke har fullført,Include categories with athletes that have not yet finished,"Tartalmazza a kategóriákat olyan sportolókkal, akik még nem fejeződtek be",Includeți categorii cu sportivi care încă nu au terminat,Include categories with athletes that have not yet finished,Ներառել չավարտված խմբերը,כלול קטגוריות עם ספורטאים שטרם סיימו,تضمين الفئات مع الرياضيين الذين لم ينتهوا بعد,Συμπεριλάβετε κατηγορίες με αθλητές που δεν έχουν ακόμη τερματίσει,未完了の選手がいる階級も含める,782
ResetCategories.Warning_ResetCategories,Beware! This will reassign each athlete's category based on the active age groups.<ul><li>You should double-check category participations after reassignment</li><li>Team memberships will be reset and need to be reviewed.</li></ul>,,,¡Cuidado! Esto reasignará la categoría de cada atleta en función de los grupos de edad activos.<ul><li>Debe verificar las participaciones en las categorías después de la reasignación</li><li>Las inscripciones del equipo se restablecerán y deberán revisarse.</li> </ul>,,¡Cuidado! Esto reasignará la categoría de cada atleta en función de los grupos de edad activos.<ul><li>Debe verificar las participaciones en las categorías después de la reasignación</li><li>Los miembros del equipo se restablecerán y deberán revisarse.</li> </ul>,¡Cuidado! Esto reasignará la categoría de cada atleta en función de los grupos de edad activos.<ul><li>Debe verificar las participaciones en las categorías después de la reasignación</li><li>Las inscripciones del equipo se restablecerán y deberán revisarse.</li> </ul>,¡Cuidado! Esto reasignará la categoría de cada atleta en función de los grupos de edad activos.<ul><li>Debe verificar las participaciones en las categorías después de la reasignación</li><li>Las inscripciones del equipo se restablecerán y deberán revisarse.</li> </ul>,Attention! Ceci va réaffecter les athlètes à leur catégorie selon les groupes d'âges actifs.<ul><li>Revisez les catégories de participation après le recalcul</li><li>L'appartenance aux équipes est réinitialisée et doit être révisée</li></ul>,,,Cuidado! Isso reatribuirá a categoria de cada atleta com base nas faixas etárias ativas.<ul><li>Você deve verificar novamente as participações na categoria após a reatribuição</li><li>As associações de equipe serão redefinidas e precisam ser revisadas.</li> </ul>,"Внимание! Это приведёт к обновлению (переназначению) всех категорий.<br>Проверьте спортсменов, которые имеют право на участие в других возрастных группах.",Achtung! Dadurch wird die Gewichtsklasse jedes Athleten basierend auf den aktiven Altersgruppen neu zugewiesen.<ul><li>Du solltest die Gewichtsklassen-Zugehörigkeit nach der Neuzuweisung noch einmal überprüfen</li><li>Teammitgliedschaften werden zurückgesetzt und müssen überprüft werden.</li> </ul>,Beware! This will reassign each athlete's category based on the active age groups.<ul><li>You should double-check category participations after reassignment</li><li>Team memberships will be reset and need to be reviewed.</li></ul>,"Advarsel! Dette vil indstille alle kategorier til default værdier baseret på aktive aldersgrupper.<br>Du bør kontrollere alle atleter, der kan passe ind i flere aldersklasser, for om de afviger fra default reglen.","Ole varuillasi! Tämä määrittää kunkin nostajan sarjan uudelleen aktiivisten ikäryhmien perusteella.<ul><li>Sinun tulee tarkistaa sarjan osallistujat uudelleen määrityksen jälkeen</li><li>Seuran jäsenyydet nollataan, ja ne on tarkistettava.</li></ul>",Pass på! Dette vil sette hver utøvers kategori basert på de aktive aldersgruppene.<ul><li>Du bør dobbeltsjekke kategorier etter replassering</li><li>Lagmedlemskap vil bli tilbakestilt og må gjennomgås.</li></ul>,Beware! This will reassign each athlete's category based on the active age groups.<ul><li>You should double-check category participations after reassignment</li><li>Team memberships will be reset and need to be reviewed.</li></ul>,"Figylem! Ez minden sportoló kategóriáját az aktív korosztályok alapján újraosztja.<ul><li>Az átcsoportosítás után még egyszer ellenőriznie kell a kategóriákban való részvételt</li><li>A csapattagságok visszaállnak, és felül kell vizsgálni őket.</li></ul>",Atenție! Acesta va reatribui categoria fiecărui atlet în funcție de grupele de vârstă active.<ul><li>Ar trebui să verificați din nou participările la categorii după realocare</li><li>Membrii echipei vor fi resetate și vor trebui revizuite.</li></ul>,Beware! This will reassign each athlete's category based on the active age groups.<ul><li>You should double-check category participations after reassignment</li><li>Team memberships will be reset and need to be reviewed.</li></ul>,"Ուշադրություն!  Սա կթարմացնի (վերանշանակել) բոլոր կատեգորիաները: <br> Ստուգեք այն մարզիկներին, ովքեր իրավունք ունեն այլ տարիքային խմբերում մասնակցել:",זהירות! זה יקצה מחדש את קטגוריית כל ספורטאי על בסיס קבוצות הגיל הפעילות.<ul><li>עליך לבדוק שוב את השתתפות הקטגוריות לאחר ההקצאה מחדש</li><li>חברות בקבוצות תאופס ותצטרך לבדיקה מחדש.</li></ul>,احذر! سيؤدي هذا إلى إعادة تعيين فئة كل رياضي بناءً على المجموعات العمرية النشطة.<ul><li>يجب عليك التحقق المزدوج من مشاركات الفئات بعد إعادة التعيين</li><li>ستتم إعادة تعيين عضويات الفريق ويجب مراجعتها.</li></ul>,Προσέχω! Αυτό θα εκχωρήσει εκ νέου την κατηγορία κάθε αθλητή με βάση τις ενεργές ηλικιακές ομάδες.<ul><li>Θα πρέπει να ελέγξετε ξανά τις συμμετοχές σε κατηγορίες μετά την εκ νέου ανάθεση</li><li>Οι συνδρομές ομάδων θα μηδενιστούν και θα πρέπει να ελεγχθούν.</li></ul>,注意！この操作により、選手の階級が現在有効な年齢区分に基づいて再割り当てされます<ul><li>再割り当て後に階級参加状況を必ず再確認してください</li><li>チーム所属情報はリセットされるため、再設定が必要です</li></ul>,783
Gender.Inclusive,Inclusive,,,Inclusivo,,,Inclusivo,Inclusivo,Inclusif,,,,,,,,Sisältää,Inklusive,Inclusive,,,Inclusive,,כולל,شامل,Περιεκτικός,含む,784
AttemptBoard_attempt_number,"{0}<sup>{0,choice,1#st|2#nd|3#rd}</sup> att.",,,"{0}<sup>{0,choice,1#er|2#do|3#er}</sup> int.",,"{0}<sup>{0,choice,1#er|2#do|3#er}</sup> int.","{0}<sup>{0,choice,1#er|2#do|3#er}</sup> int.","{0}<sup>{0,choice,1#er|2#do|3#er}</sup> int.","{0}<sup>{0,choice,1#er|2#e|3#e}</sup> essai",,,{0}ª Tentativa,"{0}{0,choice,1#-й|2#-й|3#-й} п.","{0}<sup>{0,choice,1#|2#|3#}</sup> Vers.","{0}<sup>{0,choice,1#:a|2#:a|3#:e}</sup> försök.",{0}. Forsøg,"{0}<sup>{0,choice,1#st|2#nd|3#rd}</sup> yritys.","{0}<sup>{0,choice,1#st|2#nd|3#rd}</sup> att.",{0}. Roynd,"{0}<sup>{0,choice,1#st|2#nd|3#rd}</sup> kis.","{0}<sup>{0,choice,1#st|2#nd|3#rd}</sup> inc.","{0}<sup>{0,choice,1#st|2#nd|3#rd}</sup> att.","{0} <sup> {0,choice,1 #ին | 2 #րդ | 3 #րդ} </sup> մոտ․",נסיון {0}\u0023,"{0}<sup>{0,choice,1#الأولى|2#الثانية|3#الثالثة}</sup> محاولة","{0}<sup>{0,choice,1#st|2#nd|3#rd}</sup> att.","{0}<sup>{0,choice,1#st|2#nd|3#rd}</sup> 試技",785
AttemptBoard_lift_attempt_number,{1} #{0},,,{1} #{0},,{1} nº {0},{1} nº {0},{1} #{0},{1} nº {0},{1} #{0},,{0}º {1},,{1} #{0},{1} #{0},{1} #{0},{1} #{0},{1} #{0},{1} #{0},{1} #{0},{1} #{0},{1} #{0},{1} #{0},{1} #{0},{1} #{0},{1} #{0},{1} #{0},786
AttemptBoard_lift.SNATCH,Snatch,,,Arr.,,Arr.,Arr.,Arr.,Arraché,,,Arranco,рывок,Reissen,Ryck,Træk,Tempaus,Rykk,Trekk,Szakítás,Smuls,Rwanie,Պոկում,הנפה,خطف,Αρπάζω,Snatch,787
AttemptBoard_lift.CLEANJERK,C. & J.,,,Env.,,D. T.,Env.,Env.,É.-J.,,,Arremesso,толчок,Stossen,Stöt,Stød,Työntö,Støt,Vend & Stoyt,Lökés,Aruncat,Podrzut,Հրում,דחיקה,نتر,C. & J.,C. & J.,788
Announcer.ReloadGroup,Reload Session,,,Recargar Tanda,,Recargar Tanda,Recargar Grupo,Recargar Tanda,Relire le plateau,Relire la session,,Recarregar Sessão,Обновить группу,Gruppe neu laden,Reload Group,Reload Session,Lataa ryhmä uudelleen,Last inn puljen på nytt,Reload Group,Verseny újratöltése ,Reîncărcați Sesiunea,Reload Group,Թարմացնել խումբը,טען מחדש קבוצה,إعادة تحميل الجلسة,Επαναφόρτωση συνεδρίας,セッションの再読み込み,789
Announcer.ReloadGroupTooltip,Same as exiting and reentering the group. Forces all displays to update.,,,Igual que salir y volver a entrar en el grupo. Obliga a todas las pantallas a actualizarse.,,Igual que salir y reentrar en el grupo. Actualiza todas las pantallas.,Igual que salir y volver a entrar en el grupo. Obliga a todas las pantallas a actualizarse.,Igual que salir y volver a entrar en el grupo. Obliga a todas las pantallas a actualizarse.,Comme sortir et revenir au plateau. Permet de forcer une mise à jour de tous les écrans.,Comme sortir et revenir à la session. Permet de forcer une mise à jour de tous les écrans.,,Atualizar Todos os Monitores,"То же самое, что обновить список и оказывать влияние на группу. Принудительно обновляет все дисплеи.",Ist das Gleiche wie das Verlassen und erneute Betreten der Gruppe. Erzwingt die Aktualisierung aller Anzeigen.,Same as exiting and reentering the group. Forces all displays to update.,Samme som at forlade og genvælge sessionen. Tvinger alle displays til at opdatere,Sama kuin ryhmästä poistuminen ja takaisintulo. Pakottaa kaikki näytöt päivittämään.,Samme som å gå ut og gå inn i gruppen igjen. Tvinger alle skjermer til å oppdatere.,Same as exiting and reentering the group. Forces all displays to update.,"Ugyanaz, mint a versenyból való kilépés és visszalépés. Az összes képernyő frissítését kényszeríti.",La fel ca ieșirea și reintrarea în sesiune. Forțează toate afișajele să se actualizeze.,Same as exiting and reentering the group. Forces all displays to update.,"Նույնը, ինչ ցուցակը թարմացնելն ու խմբի վրա ազդելը։ Պարտադրում է թարմացնել բոլոր էկրանները:",זהה ליציאה וכניסה מחדש לקבוצה. כופה על כל התצוגות להתעדכן.,مثل الخروج وإعادة الدخول إلى المجموعة. يجبر جميع العروض على التحديث.,Το ίδιο με την έξοδο και την επιστροφή στην ομάδα. Αναγκάζει όλες τις οθόνες να ενημερώνονται.,グループから退出して再入場するのと同じ動作です。全ての表示が強制的に更新されます,790
Record.PersonalBest,Personal Best,,,Mejor Marca Personal,,Mejor Marca Personal,Mejor Marca Personal,Mejor Marca Personal,Record personnel,,,Recorde Pessoal,Personal Best,Persönliche Bestleistung,Personliga rekord,Personlig rekord,Henk. Ennätys,Personlig beste,Personal Best,Egyéni legjobb,Record Personal,Personal Best,Անձ. ռեկորդ,שיא אישי,أفضل أداء شخصي,Προσωπικό καλύτερο,自己最高記録,791
Gender.F,F,W,W,F,,F,F,F,F,,,F,F,W,K,K,N,K,K,N,F,F,Ա,נ,أ,φά,F,792
Gender.M,M,,,M,,M,M,M,M,,,M,M,M,M,M,M,M,M,F,B,M,Տ,ז,ذ,Μ,M,793
Gender.I,,,,,,,,,,,,,,,,,,,,,,,,0,ش,#VALUE!,,794
Category_noEligiblity_check_age_entry,No eligible category found. Check entry total and birth date.,,,Ninguna categoría seleccionada. Comprobar el Total de inscripción y la fecha de nacimiento.,,Ninguna categoría seleccionada. Comprobar el Total de inscripción y la fecha de nacimiento.,Ninguna categoría seleccionada. Comprobar el Total de inscripción y la fecha de nacimiento.,Ninguna categoría seleccionada. Comprobar el Total de inscripción y la fecha de nacimiento.,Pas de catégorie éligible. Vérifier la date de naissance et le total de qualification.,,,Nenhuma categoria elegível encontrada. Verifique o total de entrada e a data de nascimento.,No eligible category found. Check entry total and birth date.,Keine geeignete Gewichtsklasse gefunden. Überprüfe Gesamtmeldung und das Geburtsdatum.,Ingen giltig kategori funnen. Checka entry total and födelsedatum.,Ingen gyldig kategori fundet. Check entry total og fødselsdato,Sopivaa painoluokkaa ei löytynyt. Tarkista karsintatulos ja syntymäaika.,Finner ingen passende kategori. Sjekk innmeldt totalt og fødselsdato.,No eligible category found. Check entry total and birth date.,Nem található alkalmas kategória. Ellenőrizze a kezdőfogás összetett súlyát és a születési dátumot.,Nu a fost găsită nicio categorie eligibilă. Verificați totalul intrării și data nașterii.,No eligible category found. Check entry total and birth date.,Համապատասխան կարգը չի գտնվել: Ստուգեք ռեկորդների ընդհանուր թիվը և ծննդյան ամսաթիվը:,לא נמצאה קטגוריה כשירה. בדוק סך כניסה ותאריך לידה.,لم يتم العثور على فئة مؤهلة. تحقق من إجمالي الدخول وتاريخ الميلاد.,Δεν βρέθηκε κατάλληλη κατηγορία. Ελέγξτε το σύνολο της καταχώρισης και την ημερομηνία γέννησης.,適格な階級が見つかりません。エントリートータルと生年月日を確認してください,795
Registration.Federations,Eligible Official Records,,,Récords Oficiales Seleccionables,,Récords Oficiales Seleccionables,Récords Oficiales Seleccionables,Récords Oficiales Seleccionables,Records officiels éligibles,,,Registros Oficiais Elegíveis,Код федерации,Zulässige offizielle Rekorde,Eligible Official Records,Kvalificerede officielle rekorder,Viralliset ennätykset,Kvalifiserte offisielle rekorder,Eligible Official Records,Jogosult hivatalos nyilvántartások,Înregistrări  eligibile oficiale,Eligible Official Records,Ֆեդերացիայի Կոդ,שיאים רשמיים כשירים,السجلات الرسمية المؤهلة,Επιλέξιμα επίσημα αρχεία,資格のある公式記録,796
Athlete.IdTab,Entry Information,,,Información de Inscripción,,Información de Inscripción,Información de Inscripción,Información de Inscripción,Inscription,,,Informações de entrada,Основные данные,Anmeldeinformationen,Anmälningsinfo,Tilmeldingsinfo,Entry info,Påmeldingsinformasjon,Entry Information,Belépési információk,Informații de intrare,Entry Information,Հիմնական տվյալներ,פרטי כניסה,معلومات الدخول,Πληροφορίες Εισόδου,エントリー情報,797
Athlete.InfoTab,Complementary Information,,,Información Complementaria,,Información Complementaria,Información Complementaria,Información Complementaria,Informations complémentaires,,,Informação Complementar,Дополнительная информация,Weitere Informationen,Ytterligare information,Yderligere information,Täydentävät tiedot,Utfyllende informasjon,Complementary Information,Kiegészítő  információk,Informații complementare,Complementary Information,Հավելյալ տվյալներ,מידע משלים,معلومات تكميلية,Συμπληρωματικές Πληροφορίες,補足情報,798
Athlete.IdentificationTitle,Identification,,,Identificación,,Identificación,Identificación,Identificación,Identification,,,Identificação,Основные данные,Identifikation,Indentifikation,Identifikation,Henkilöllisyys,Identifikasjon,Identification,Azonosítás,Identification,Identification,Իդենտիֆիկացիա,זיהוי,التعريف,Αναγνώριση,身元確認,799
Athlete.GroupCatTitle,Categories and Session,,,División y Tanda,,División y Tanda,División y Grupo,División y Tanda,Catégories et Plateau,Catégories et Session,,Categorias e Sessão,Поток и весовая категория спортсмена,Gewichtsklassen und Gruppe,Kategorier och grupper,Kategorier og sessioner,Sarjat ja ryhmät,Kategorier og pulje,Categories and Session,Kategóriák és csoportok,Categorii și Sesiune,Categories and Group,Կարգեր և խմբեր,קטגוריות ומקצה,الفئات والجلسة,Κατηγορίες και συνεδρία,階級およびセッション,800
Athlete.InfoTitle,Additional Information,,,Imformación Adicional,,Información Adicional,Imformación Adicional,Imformación Adicional,Informations additionnelles,,,Informações adicionais,Дополнительная информация,Weitere Informationen,Ytterligare information,Supplerende info,Lisätiedot,Tilleggsinformasjon,Additional Information,További információ,Informații suplimentare,Additional Information,Հավելյալ ինֆորմացիա,מידע נוסף,معلومات إضافية,Πρόσθετες Πληροφορίες,追加情報,801
Athlete.RecordsTitle,Records,,,Récords,,Récords,Récords,Récords,Records,,,Recordes,Информация о рекордах,Rekorde,Rekord,Rekorder,Ennätykset,Rekorder,Records,Csúcsok,Recorduri,Records,Ռեկորդներ,שיאים,السجلات,Εγγραφές,記録,802
Athlete.DrawTitle,Draw,,,Sorteo,,Sorteo,Sorteo,Sorteo,Tirage,,,Empate,Жребий и стартовый номер,Los,Lika,Lige,Draw,Likt,Draw,Azonos,Egal,Draw,Վիճակահանություն և սկսման համար,הגרלה,السحب,Ισοπαλία,抽選,803
PersonalBestSnatch,Best Snatch,,,Mejor Arranque,,Mejor Arrancada,Mejor Arranque,Mejor Arranque,Meilleur arraché,,,Melhor Arranco,Лучший рывок,Bestes Reissen,Bästa Ryck,Bedste Træk,Paras Tempaus,Beste Rykk,Best Snatch,Legjobb Szakítás,Cel mai bun Smuls,Rekord w rwaniu,Լավագույն պոկում,ההנפה הטובה ביותר,أفضل خطف,Το καλύτερο αρασέ,Best Snatch,804
PersonalBestCleanJerk,Best Clean & Jerk,,,Mejor Envión,,Mejor Dos Tiempos,Mejor Envión,Mejor Envión,Meilleur épaulé-jeté,,,Melhor Arremesso,Лучший толчок,Bestes Stossen,Bästa Stöt,Bedste Stød,Paras Työntö,Beste Støt,Best Clean & Jerk,Legjobb lökés,Cel mai bun aruncat,Rekord w podrzucie,Լավագույն հրում,הדחיקה הטובה ביותר,أفضل نتر,Best Clean & Jerk,Best Clean & Jerk,805
PersonalBestTotal,Best Total,,,Mejor Total,,Mejor Total Olímpico,Mejor Total,Mejor Total,Meilleur total,,,Melhor Total,Лучшая сумма,Bestes ZK,Bästa Total,Bedste Tokamp,Paras Yhteistulos,Beste totalt,Best Total,Legjobb összetett ,Cel mai bun total,Rekord w dwuboju,Լավագույն երկամարտ,קרב שניים הטוב ביותר,أفضل مجموع,Καλύτερο Σύνολο,Best Total,806
Results.Combined,Combined,,,Combinado,,Combinado,Combinado,Combinado,Combiné,,,Combinado,Combined,Kombiniert,Combined,Kombineret,Yhdistetty,Kombinert,Combined,Kombinált,Combinate,Combined,Կոմբինացված,משולב,مدمج,Συνδυασμένη,総合,807
BreakType.CHALLENGE,Challenge,,,Reclamo,,Impugnación,Reclamo,Reclamo,Contestation,,,Desafio,Оспаривание,Anfechtung,Challenge,Challenge,Haaste,Utfordring,Challenge,Óvás ,Protest,Zmiana,ԲՈՂՈՔԱՐԿՈՒՄ,אתגר,تحدي,Πρόκληση,チャレンジ,808
PublicMsg.CHALLENGE,Challenge,,,Reclamo,,Impugnación,Reclamo,Reclamo,Contestation,,,Desafio,Оспаривание,Anfechtung,Challenge,Challenge,Haaste,Utfordring,Challenge,Óvás ,Protest,Zmiana,ԲՈՂՈՔԱՐԿՈՒՄ,אתגר,تحدي,Πρόκληση,チャレンジ,809
BreakButton.CHALLENGE,Challenge,,,Reclamo,,Impugnación,Reclamo,Reclamo,Contestation,,,Desafio,Оспаривание,Anfechtung,Challenge,Challenge,Haaste,Utfordring,Challenge,Óvás ,Protest,Zmiana,Բողոքարկում,אתגר,تحدي,Πρόκληση,チャレンジ,810
JuryNotification.CHALLENGE,Challenge Deliberation Started,,,Deliberación sobre el reclamo,,Comienzo de la Deliberación sobre la Impugnación,Deliveracion sobre el reclamo,Deliberación sobre el reclamo,Délibération sur la contestation,,,Deliberação do desafio iniciada,Оспаривание решения судей,Beratung zur Anfechtung gestartet,Challenge Deliberation Started,Challenge votering startet,Haasteen käsittely aloitettu,Utfordringsvurdering startet,Challenge Deliberation Started,Az óvás mérlegelése megkezdődött,A început deliberarea protestului,Challenge Deliberation Started,Մրցավարների որոշման բողոքարկում,התחיל דיון על אתגר,بدأت مداولة التحدي,Η συζήτηση της πρόκλησης ξεκίνησε,チャレンジ審議開始,811
DisplayParameters.DownSoundOn,Down Sound ON,,,Señal de bajada ENCENDIDA,,Sonido de Tierra activado,Señal de bajada ENCENDIDA,Señal de bajada ENCENDIDA,Signal sonore Terre OUI,,,Som de baixar LIGADO,"Звук ""опустить"" включен",Abzeichen-Ton an,Nedsignalsljud är på,Nedsignal slået til,Alaskomennon äänimerkki PÄÄLLÄ,Nedlyd PÅ,Down Sound ON,Le hang Be,Sunet în jos activat,Dźwięk opuść wł.,Իջեցման ազդանշան՝ Միացված,צליל סיום מופעל,صوت النزول مفعل,Κάτω Ήχος ΕΝΕΡΓΟΠΟΙΗΣΗ,ダウン音 ON,812
DisplayParameters.DownSoundOff,Down Sound OFF,,,Señal de bajada APAGADA,,Sonido de Tierra desactivado,Señal de bajada APAGADA,Señal de bajada APAGADA,Signal sonore Terre NON,,,Som de baixar DESLIGADO,"Звук ""опустить"" выключен",Abzeichen-Ton aus,Nedsignalsljud är avslaget.,Nedsignal slået fra,Alaskomennon äänimerkki POIS PÄÄLTÄ,Nedlyd AV,Down Sound OFF,Le hang kikapcsolva,Sunet dezactivat,Dźwięk opuść wył.,Իջեցման ազդանշան՝ Անջատված,צליל סיום כבוי,صوت النزول معطل,Κάτω Ήχος ΑΠΕΝΕΡΓΟΠΟΙΗΜΕΝΟ,ダウン音 OFF,813
DisplayParameters.ClockSoundOn,Clock Warning Sounds ON,,,Sonidos del reloj ACTIVADOS,,Sonidos de aviso de Tiempo activados,Sonidos del reloj ACTIVADOS,Sonidos del reloj ACTIVADOS,Sons Chrono OUI,,,Som de aviso LIGADO,Звуки предупреждения включены,Warn-Ton an,Varningsljud är på,Advarsel slået til,Kellon varoitusäänet PÄÄLLÄ,Varsellyder PÅ,Clock Warning Sounds ON,Figyelmeztető hang bekapcsolva,Sunet de avertizare activat,Clock Warning Sounds ON,Զգուշցման ազդանշան՝ Միացված,צלילי אזהרת שעון מופעלים,أصوات تحذير الساعة مفعلة,Οι ήχοι προειδοποίησης ρολογιού είναι ενεργοποιημένοι,時計警告音 ON,814
DisplayParameters.ClockSoundOff,Clock Warning Sounds OFF,,,Sonidos del reloj DESACTIVADOS,,Sonidos de aviso de Tiempo desactivados,Sonidos del reolj DESACTIVADOS,Sonidos del reloj DESACTIVADOS,Sons Chrono NON,,,Som de aviso DESLIGADO,Звуки предупреждения выключены,Warn-Ton aus,Varningsljud är avslaget,Advarsel slået fra,Kellon varoitusäänet POIS PÄÄLTÄ,Varsellyder AV,Clock Warning Sounds OFF,Figyelmeztető hang kikapcsolva,Sunet de avertizare dezactivat,Clock Warning Sounds OFF,Զգուշցման ազդանշան՝ Անջատված,צלילי אזהרת שעון כבויים,أصوات تحذير الساعة معطلة,Η προειδοποίηση ρολογιού ΑΠΕΝΕΡΓΟΠΟΙΕΙΤΑΙ,時計警告音 OFF,815
Results.RecordFederation,Federation,,,Federación,,Federación,Federación,Federación,Fédération,,,Federação,Федерация,Verband,Förbund,Forbund,Liitto,Forbund,Federation,Szövetség,Federaţie,Federation,Ֆեդերացիա,התאחדות,الاتحاد,Ομοσπονδία,連盟,816
Results.RecordName,Record Name,,,Nombre del Record,,Nombre del Récord,Nombre del Record,Nombre del Récord,Nom du record,,,Nome do Recorde,Record Name,Rekord Name,Namn på rekordet,Rekord navn,Ennätyksen Nimi,Rekordnavn,Record Name,Csúcs neve,Nume Record,Record Name,Ռեկորդի անուն,שם שיא,اسم السجل,Όνομα εγγραφής,記録名,817
Results.RecordAgeGroup,Age Group,,,Grupos por Edades,,Grupos de Edades,Grupos por Edades,Grupos por Edades,Groupe d'âge,,,Grupo de Idade,Возрастная категория,Altersklasse,Åldersgrupp,Aldersgruppe,Ikäryhmä,Aldersgruppe,Age Group,Korcsoport,Grup de Vârstă,Age Group,Տարիքային խումբ,קבוצת גיל,المجموعة العمرية,Ηλικιακή ομάδα,年齢区分,818
Results.RecordKind,Type,,,Tipo,,Tipo,Tipo,Tipo,Type,Sorte,,Tipo,Type,Typ,Typ,Type,Tyyppi,Type,Type,Típus ,Tipul,Type,Տիպ,סוג,النوع,Τύπος,種類,819
Results.RecordWeight,Record,,,Record,,Récord,Record,Record,Record,,,Recorde,Record,Rekord,Rekord,Rekord,Ennätys,Rekord,Record,Csúcs,Record,Record,Ռեկորդ,שיא,السجل,Ρεκόρ,記録,820
Results.RecordDate,Record Date,,,Fecha de Record,,Fecha de Récord,Fecha de Record,Fecha de Record,Date du record,,,Data do Recorde,Record Date,Rekord Datum,Datum för rekordet,Dato for rekord,Ennätys pvm,Rekord dato,Record Date,Új csúcs dátuma,Data Recordului,Record Date,Գրանցման օր,תאריך שיא,تاريخ السجل,Ημερομηνία εγγραφής,記録日,821
CompetitionBook.Records,Records,,,Records,,Récords,Records,Records,Records,,,Recordes,Рекорды,Rekorde,Rekord  ,Rekorder,Ennätykset,Rekorder,Records,Csúcsok,Recorduri,Records,ՌԵԿՈՐԴՆԵՐ,שיאים,السجلات,Εγγραφές,記録,822
VideoStreaming_description,<li><b>{0}</b>:  Displays meant to be used for video broadcasting. Such displays may show columns that differ from the official scoreboards and use different color schemes to produce transparency effects.</li>,,,<li><b>{0}</b>:  Pantallas destinadas a ser utilizadas para la transmisión de video. Tales pantallas pueden mostrar columnas que difieren de las pantallas oficiales y usar diferentes esquemas de color para producir efectos de transparencia.</li>,,<li><b>{0}</b>:  Pantallas destinadas a ser utilizadas para la retransmisión por video. Dichas pantallas pueden mostrar columnas diferentes de los marcadores oficiales y usar diferentes esquemas de color para producir efectos de transparencia.</li>,<li><b>{0}</b>: pantallas destinadas a ser utilizadas para la transmisión de video. Tales pantallas pueden mostrar columnas que difieren de los marcadores oficiales y usar diferentes esquemas de color para producir efectos de transparencia.</li>,<li><b>{0}</b>:  Pantallas destinadas a ser utilizadas para la transmisión de video. Tales pantallas pueden mostrar columnas que difieren de los marcadores oficiales y usar diferentes esquemas de color para producir efectos de transparencia.</li>,"<li><b>{0}</b>:  Affichages destinés à la diffusion. Ces affichages peuvent montrer des colonnes différentes de l'affichage officiel, ou avoir des couleurs de fond qui permettent des effets de transparence.</li>",,,<li><b>{0}</b>: Monitores destinados a serem usados para transmissão de vídeo. Essas exibições podem mostrar colunas que diferem dos placares oficiais e usar esquemas de cores diferentes para produzir efeitos de transparência.</li>,"<li><b>{0}</b>:  Дисплеи, предназначенные для видеотрансляции. На таких дисплеях могут отображаться столбцы, которые отличаются от официальных табло, и использоваться другие цветовые схемы для создания эффекта прозрачности.</li>","<li><b>{0}</b>:  Anzeigen, die für die Videoübertragung vorgesehen sind. Solche Anzeigen können Spalten anzeigen, die von den offiziellen Anzeigetafeln abweichen, und unterschiedliche Farbschemata verwenden, um Transparenzeffekte zu erzeugen.</li>",<li><b>{0}</b>:  Displays meant to be used for video broadcasting. Such displays may show columns that differ from the official scoreboards and use different color schemes to produce transparency effects.</li>,<li><b>{0}</b>:  Displays lavet med henblik på video broadcast. Disse displays kan vise kolonner der afviger fra de officielle scoreboards og benytte sig af andre farveskemaer for at give transparency effekt.</li>,"<li><b>{0}</b>:  Näytöt on tarkoitettu käytettäväksi videolähetyksissä. Tällaisissa näytöissä voi näkyä sarakkeita, jotka eroavat virallisista tulostauluista ja joissa käytetään erilaisia väriteemoja läpinäkyvyystehosteiden tuottamiseksi.</li>",<li><b>{0}</b>: Skjermer som skal brukes til videokringkasting. Slike skjermer kan vise kolonner som skiller seg fra de offisielle resultatskjermene og bruker forskjellige fargeskjemaer for å lage effekter.</li>,<li><b>{0}</b>:  Displays meant to be used for video broadcasting. Such displays may show columns that differ from the official scoreboards and use different color schemes to produce transparency effects.</li>,"<li><b>{0}</b>:  Videó vetítésére szánt kijelzők. Az ilyen kijelzők a hivatalos eredménytábláktól eltérő oszlopokat jeleníthetnek meg, és eltérő színsémákat használhatnak az átlátszósági hatások eléréséhez.</li>",<li><b>{0}</b>:  Afișaje destinate a fi utilizate pentru difuzarea video. Astfel de afișaje pot afișa coloane care diferă de tablourile de bord oficiale și pot folosi scheme de culori diferite pentru a produce efecte de transparență.</li>,<li><b>{0}</b>: Displays meant to be used for video broadcasting. Such displays may show columns that differ from the official scoreboards and use different color schemes to produce transparency effects.</li>,"<li><b>{0}</b>:  Էկրաններ, որոնք նախատեսված են վիդեո հեռարձակման համար: Այս էկրանները կարող են ցույց տալ սյունակներ, որոնք տարբերվում են պաշտոնական ցուցատախտակներից և օգտագործում են տարբեր գունային սխեմաներ՝ թափանցիկ էֆեկտ ստեղծելու համար:</li>",<li><b>{0}</b>: תצוגות המיועדות לשימוש בשידורי וידאו. תצוגות כאלה עשויות להציג עמודות השונות מלוחות התוצאות הרשמיים ולהשתמש בערכות צבעים שונות כדי ליצור אפקטי שקיפות.</li>,<li><b>{0}</b>: شاشات مخصصة للبث المرئي. قد تُظهر هذه الشاشات أعمدة تختلف عن لوحات النتائج الرسمية وتستخدم أنظمة ألوان مختلفة لإنتاج تأثيرات الشفافية.</li>,<li><b>{0}</b>: Οθόνες που προορίζονται να χρησιμοποιηθούν για μετάδοση βίντεο. Τέτοιες οθόνες ενδέχεται να εμφανίζουν στήλες που διαφέρουν από τους επίσημους πίνακες αποτελεσμάτων και να χρησιμοποιούν διαφορετικούς συνδυασμούς χρωμάτων για την παραγωγή εφέ διαφάνειας.</li>,<li><b>{0}</b>:  ビデオ放送用の表示です。公式スコアボードとは異なる列や色使いで、透過効果を出す場合があります</li>,823
Invited/Extra,"Lifting out of competition (no points, no medals)",,,Fuera de Competencia,,Fuera de Competición,"Levantamiento fuera de competición (sin puntos, sin medallas)",Fuera de Competencia,Hors-concours,,,Não Elegível para Medalha,Не имеет права на получение медали,Nicht Madaillen berechtigt,Not Eligible for Medal,Uden for konkurrence,"Kilpailun ulkopuolella nostaminen (ei pisteitä, ei mitaleja)","Løfte utenfor konkurransen (ingen poeng, ingen medaljer)","Lifting out of competition (no points, no medals)",Éremre nem jogosult,Nu este eligibil pentru medalie,"Lifting out of competition (no points, no medals)",Մեդալ ստանալու իրավունք չունի,"הרמה מחוץ לתחרות (אין נקודות, אין מדליות)",رفع خارج المنافسة (بلا نقاط، بلا ميداليات),"Άρση εκτός αγώνων (χωρίς βαθμούς, χωρίς μετάλλια)",競技外リフティング（得点・メダルなし）,824
Competition.InformationTab,Information,,,Información ,,Información ,Información ,Información ,Information ,,,Informações,Информация,Wettbewerbsinformationen,Information,Information,Informaatio,Informasjon,Information,Versenyinformációk,Informații,Information,Տեղեկություն,מידע,معلومات,Πληροφορίες,情報,825
Competition.RulesTab,Competition Rules,,,Reglas de la Competencia,,Reglas de Competición,Reglas de Competencia,Reglas de la Competencia,Règles de la compétition,,,Regras da Competição,Правила соревнований,Regeln,Tävlingsregler,Stævne Regler,Kilpailun säännöt,Konkurranseregler,Competition Rules,Szabályok,Reguli de competiție,Competition Rules,Մրցումային կանոններ,חוקי תחרות,قواعد المسابقة,Κανόνες Αγώνα,競技規則,826
Records.ConfigurationTab,Records Configuration,,,Configuración de Récords,,Configuración de Récords,Configuraciòn de Rècords,Configuración de Récords,Configuration des records,,,Configuração dos Recordes,Конфигурация рекордов,Rekord Konfiguration,Konfiguration av Rekord,Konfiguration af Rekorder,Ennätyksien määrittely,Oppsett for rekorder,Records Configuration,Adatok konfigurációja,Configurarea înregistrărilor,Records Configuration,Ռեկորդների Կոնֆիգուրացի,הגדרות שיאים,إعدادات السجلات,Διαμόρφωση εγγραφών,記録設定,827
Records.ProvisionalSection,Provisional Records,,,Provisional Records,,Récords Provisionales,Rècords Profesionales,Provisional Records,Records à homologuer,,,Recordes Provisórios,Предварительные рекорды,Vorläufige Rekorde,Provisional Records,Midlertidige Rekorder,Väliaikaiset ennätykset,Midlertidige rekorder,Provisional Records,Ideiglenes feljegyzések,Înregistrări provizorii,Provisional Records,Նախնական ռեկորդներ,שיאים זמניים,سجلات مؤقتة,Προσωρινά Μητρώα,仮記録,828
Records.OrderingField,Drag names to determine scoreboard display order,,,Arrastre los nombres para determinar el orden de visualización del marcador,,Arrastrar los nombres para determinar el orden de visualización de las pantallas,Arrastre los nombres para determinar el orden de visualización del marcador,Arrastre los nombres para determinar el orden de visualización del marcador,Glisser les noms pour déterminer l'ordre d'affichage,,,Arraste os nomes para determinar a ordem de exibição do placar,"Перетаскивайте имена, чтобы определить порядок отображения на табло","Ziehe die Namen, um die Anzeigereihenfolge der Anzeigetafel zu bestimmen",Drag names to determine scoreboard display order,Træk navne for at indstille visning på Scoreboard,Vedä nimiä määrittääksesi tulostaulun näyttöjärjestyksen,Dra navn for å bestemme resultatskjermens visningsrekkefølge,Drag names to determine scoreboard display order,Húzza a neveket az eredménytábla megjelenítési sorrendjének meghatározásához,Trageți numele pentru a determina ordinea de afișare a tabloului de bord,Drag names to determine scoreboard display order,Տեղափոխեք անունները՝ ցուցադրման հերթականությունը որոշելու համար,גרור שמות כדי לקבוע את סדר תצוגת לוח התוצאות,اسحب الأسماء لتحديد ترتيب عرض النتائج,Σύρετε ονόματα για να καθορίσετε τη σειρά εμφάνισης του πίνακα αποτελεσμάτων,名前をドラッグしてスコアボードの表示順を決定,829
Records.RecordsManagementTitle,Records Management,,,Gestión de Récords,,Gestión de los Récords,Gestiòn de Rèdords,Gestión de Récords,Gestion des records,,,Gerenciamento de Recordes,Рекорды,Rekord Verwaltung,Hantering av Rekord,Rekord håndtering,Ennätysten hallinta,Rekordhåndtering,Records Management,Csúcsok menedzsment,Gestionarea recordurilor,Records Management,Ռեկորդների կառավարում,ניהול שיאים,إدارة السجلات,Διαχείριση Αρχείων,記録管理,830
Records.ClearOfficialRecords,Clear Official Records,,,Borrar los Récords Oficiales,,Borrar los Récords Oficiales,Borrar los Rècords Oficiales,Borrar los Récords Oficiales,Effacer les records officiels,,,Limpar Recordes Oficiais,Очистить официальные рекорды,Offizielle Rekorde bereinigen,Ta bort officiella rekord,Ryd Officielle Rekorder,Tyhjennä viralliset ennätykset,Slett offisielle rekorder,Clear Official Records,Törölje a hivatalos csúcsnyilvántartásokat,Ștergeți înregistrările oficiale,Clear Official Records,Ջնջել պաշտոնական ռեկորդները,נקה שיאים רשמיים,مسح السجلات الرسمية,Εκκαθάριση επίσημων αρχείων,公式記録をクリア,831
Records.ClearOfficialRecordsExplanation,Use this if you wish to reload all official records from scratch.,,,Utilizar esto si quiere volver a cargar todos los récords oficiales desde cero,,Utilizar esto si quiere volver a cargar todos los récords oficiales desde cero,Use esto si desea recargar todos los registros oficiales desde cero.,Utilizar esto si quiere volver a cargar todos los récords oficiales desde cero,Utiliser pour recharger les fichiers de records officiels à neuf.,,,Carregar todos os Recordes do Zero,"Используйте это, если вы хотите перезагрузить все официальные рекорды с нуля","Verwende diese Schaltfläche, wenn alle offiziellen Rekorde von Grund auf neu geladen werden sollen.",Use this if you wish to reload all official records from scratch.,Brug denne knap hvis du ønsker at genindlæse alle officielle rekorder forfra,"Käytä tätä, jos haluat ladata kaikki viralliset ennätykset uudelleen alusta.",Bruk denne hvis du ønsker å laste inn alle offisielle rekorder på nytt.,Use this if you wish to reload all official records from scratch.,"Használja ezt, ha az összes hivatalos csúcsok feljegyzésekből szeretné újra betölteni.","Utilizați acesta, dacă doriți să reîncărcați toate înregistrările oficiale din notițe.",Use this if you wish to reload all official records from scratch.,Օգտագործեք սա՝ զրոյից ռեկորդները վերաբեռնելու համար,השתמש בזה אם ברצונך לטעון מחדש את כל השיאים הרשמיים מההתחלה.,استخدم هذا إذا كنت ترغب في إعادة تحميل جميع السجلات الرسمية من الصفر.,Χρησιμοποιήστε το εάν θέλετε να φορτώσετε ξανά όλες τις επίσημες εγγραφές από την αρχή.,すべての公式記録を最初から再ロードする場合は、これを使用します,832
Preparation.ClearNewRecordsExplanation,Use this button once new records have been merged with the official files,,,Use este botón una vez que los nuevos RECORDS se hayan fusionado con los archivos oficiales,,Utilizar este botón una vez que los nuevos récords han sido mezclados con los ficheros oficiales,Use este botón una vez que los nuevos registros se hayan fusionado con los archivos oficiales,Use este botón una vez que los nuevos RECORDS se hayan fusionado con los archivos oficiales,Utilisez ce bouton pour effacer les records provisoires après exportation et inclusion dans les résultats officiels,,,Use este botão assim que novos recordes forem mesclados com os arquivos oficiais,"Используйте эту кнопку, как только новые рекорды будут объединены с официальными файлами","Verwende diese Schaltfläche, wenn neue Rekorde in die offiziellen Dateien aufgenommen werden",Use this button once new records have been merged with the official files,Brug denne knap når nye rekorder er indarbejdet i de officielle filer,"Käytä tätä painiketta, kun uudet tietueet on yhdistetty virallisiin ennätyksiin",Bruk denne knappen når nye rekorder er slått sammen med de offisielle filene,Use this button once new records have been merged with the official files,"Használja ezt a gombot, ha az új adatokat egyesítette a hivatalos fájlokkal",Utilizați acest buton odată ce înregistrările noi au fost îmbinate cu fișierele oficiale,Use this button once new records have been merged with the official files,"Օգտագործեք այս կոճակը, երբ նոր ռեկորդները միաձուլվեն պաշտոնական ֆայլերի հետ",השתמש בכפתור זה לאחר ששיאים חדשים אוחדו עם הקבצים הרשמיים,استخدم هذا الزر بمجرد دمج السجلات الجديدة مع الملفات الرسمية,Χρησιμοποιήστε αυτό το κουμπί όταν οι νέες εγγραφές έχουν συγχωνευθεί με τα επίσημα αρχεία,新しいレコードが公式ファイルと統合されたら、このボタンを使用してください,833
Records.LoadedOfficialFiles,Currently Loaded Official Record Files,,,Archivos de récords oficiales cargados actualmente,,Archivos de récords oficiales actualmente cargados ,Archivos de registros oficiales actualmente cargados,Archivos de récords oficiales cargados actualmente,Fichiers de records officiels actuellement chargés,,,Arquivos de recordes oficiais carregados atualmente,Загруженные в данный момент официальные файлы рекордов,Momentan geladene offizielle Rekord-Dateien,Currently Loaded Official Record Files,Nuværende Officielle Rekorder Indlæst,Tällä hetkellä ladatut viralliset ennätystiedostot,Innlastede offisielle rekordfiler,Currently Loaded Official Record Files,Jelenleg betöltött hivatalos csúcsok,Fișiere de înregistrare oficiale încărcate în prezent,Currently Loaded Official Record Files,Ներկա պահին բեռնված պաշտոնական ռեկորդների ֆայլեր,קבצי שיאים רשמיים שנטענו כעת,ملفات السجلات الرسمية المحملة حاليًا,Επίσημα αρχεία εγγραφών που έχουν φορτωθεί αυτήν τη στιγμή,現在ロードされている公式記録ファイル,834
Records.OfficialSection,Official Records,,,Récords oficiales,,Récords Oficiales,Rècords Oficiales,Récords oficiales,Records officiels,,,Recordes Oficiais,Официальные рекорды,Offizielle Rekorde,Official Records,Officielle Rekorder,Viralliset Ennätykset,Offisielle rekorder,Official Records,Hivatalos csúcsok,Recorduri oficiale,Official Records,Պաշտոնական ռեկորդներ,שיאים רשמיים,السجلات الرسمية,Επίσημα Αρχεία,公式記録,835
Records.UploadOfficialFile,Upload an official records file. Records previously loaded from that file name will  be replaced.,,,Cargue un archivo de RECORDS oficiales. Se reemplazarán los registros cargados previamente desde ese nombre de archivo.,,Cargar un fichero de récords oficial. Los récords previamente cargados desde ese fichero serán reemplazados,Cargue un archivo de registros oficiales. Se reemplazarán los registros previamente cargados desde ese nombre de archivo.,Cargue un archivo de RECORDS oficiales. Se reemplazarán los registros cargados previamente desde ese nombre de archivo.,Téléverser un fichier de records officiels. Les records chargés antérieurement de ce nom fichier seront remplacés.,,,Carregar arquivo de recordes oficiais. Os recordes carregados anteriormente desse arquivo serão substituídos.,"Загрузите файл официальных рекордов. Рекорды, ранее загруженные из этого файла, будут заменены",Hochladen einer offiziellen Rekord-Datei. Zuvor aus dieser Datei geladene Datensätze werden ersetzt.,Upload an official records file. Records previously loaded from that file will  be replaced.,Upload officiel rekordfil. Tidligere indlæste rekorder vil blive erstattet.,Lataa virallinen ennätystiedosto. Aiemmin kyseisestä ennätystiedostonimestä ladatut ennätykset korvataan.,Last opp en fil med offisielle rekorder. Rekorder som tidligere er lastet fra det filnavnet vil bli erstattet.,Upload an official records file. Records previously loaded from that file name will  be replaced.,Töltsön fel egy hivatalos nyilvántartási fájlt. Az ebből a fájlból korábban betöltött csúcsok lecserélődnek.,Încărcați un fișier oficial de înregistrări. Înregistrările încărcate anterior din acel fișier vor fi înlocuite.,Upload an official records file. Records previously loaded from that file name will be replaced.,Բեռնեք պաշտոնական ռեկորդների ֆայլը: Այդ ֆայլից նախկինում բեռնված ռեկորդները կփոխարինվեն:,העלה קובץ שיאים רשמיים. שיאים שנטענו בעבר משם קובץ זה יוחלפו.,قم بتحميل ملف سجلات رسمي. سيتم استبدال السجلات المحملة مسبقًا من هذا الاسم الملف.,Ανεβάστε ένα επίσημο αρχείο αρχείων. Οι εγγραφές που έχουν φορτωθεί προηγουμένως από αυτό το όνομα αρχείου θα αντικατασταθούν.,公式記録ファイルをアップロードしてください。そのファイル名から以前に読み込まれた記録は置き換えられます,836
Clear,Clear,,,Clear,,Borrar,Borrar ,Borrar,Effacer,,,Limpar,Очистить,Bereinigen,Clear,Ryd,Tyhjennä,Slett,Clear,Törlés,Șterge,Clear,Ջնջել,נקה,مسح,Σαφής,クリア,837
Records.AllFederations,Show record values from all Federations,,,Ver todos los valores de los récords deportivos sin restringir la federación,,Mostrar los Récords de todas las Federaciones,Mostrar valores récord de todas las federaciones,Ver todos los valores de los récords deportivos sin restringir la federación,Afficher toutes les valeurs de records sans restreindre la fédération,,,Mostrar valores de registro de todas as Federações,Рекорды всех загруженных федераций,Rekordwerte aller Verbände anzeigen,Show record values from all Federations,Vis rekorder fra alle forbund,Näytä kaikkien liittojen ennätykset,Vis rekorder fra alle forbund/regioner,Show record values from all Federations,Az Szövetségek összes rögzített csúcsainak megjelenítése,Afișați datele recordurile federației,Show record values from all Federations,Բոլոր ֆեդերացիաների ռեկորդները,הצג ערכי שיאים מכל ההתאחדויות,إظهار قيم السجلات من جميع الاتحادات,Εμφάνιση τιμών ρεκόρ από όλες τις Ομοσπονδίες,すべての連盟の記録値を表示,838
Records.DisplayOptions,Display Options,,,Desplegar opciones,,Opciones de pantalla,Opciones de Pantalla,Opciones de Pantalla,Options d'affichage,,,Opções de exibição,Параметры отображения рекордов,Anzeige Optionen,Displayinställningar,Display indstillinger,Näytön asetukset,Visningsalternativer,Display Options,Megjelenítési opciók ,Optiuni de afisare,Display Options,Ցուցադրման կարգավորումներ,אפשרויות תצוגה,خيارات العرض,Επιλογές εμφάνισης,表示オプション,839
Records.AllCategories,Show records for all categories in session,,,Mostrar los récords para todas las categorías de la tanda,,Mostrar los récords para todas las categorías de la tanda,Mostrar registros para todas las categorías en la sesión,Mostrar los récords para todas las categorías de la tanda,Afficher les records pour toutes les catégories du plateau,Afficher les records pour toutes les catégories de la session,,Mostrar registros para todas as categorias na sessão,Рекорды для всех весовых категорий ,Datensätze für alle Gewichtsklassen in der Gruppe anzeigen,,Vis rekorder for alle vægtklasser i sessionen,Näytä kaikkien painoluokkien ennätykset ryhmissä,Vis rekorder for alle kategorier i puljen,Show records for all categories in session,A munkamenetben lévő összes verseny rekordjainak megjelenítése,Afișați înregistrările pentru toate categoriile din sesiune,Show records for all categories in session,Ռեկորդներ՝ բոլոր ք/կ-ների համար,הצג שיאים עבור כל הקטגוריות במקצה,إظهار السجلات لجميع الفئات في الجلسة,Εμφάνιση εγγραφών για όλες τις κατηγορίες στη συνεδρία,セッション内のすべてのカテゴリの記録を表示する,840
Records.UpdateDisplayOptions,Update Options,,,Opciones de Actualizaciòn,,Opciones de actualización,Opciones de Actualizaciòn,Opciones de Actualizaciòn,Sauvegarder Options,,,Opções de atualização,Обновить опции,Update Optionen,Update Options,Indstillinger for opdatering,Päivitysvaihtoehdot,Innstillinger for oppdatering,Update Options,Frissitési opciók ,Optiuni de afisare,Update Options,Թարմացնել կարգավորումները,אפשרויות עדכון,خيارات التحديث,Επιλογές ενημέρωσης,オプション更新,841
Records.NoFiles,"No Record Files Loaded. Use the ""{0}"" section above.",,,"No se han cargado archivos de registro. Utilice la sección ""{0}"" anterior.",,"Ningún Fichero de Récords Cargado. Utilizar la sección  ""{0}"" anterior.","No se han cargado archivos de registro. Utilice la sección ""{0}"" anterior.","No se han cargado archivos de registro. Utilice la sección ""{0}"" anterior.","Aucun fichier de records présent. Utiliser ""{0}"" ci-dessus.",,,"Nenhum arquivo de registro carregado. Use a seção ""{0}"" acima.","Файлы записей не загружены. Используйте раздел ""{0}"" выше.","Keine Rekord-Datei geladen. Benutze den ""{0}"" Abschnitt oben.","No Record Files Loaded. Use the ""{0}"" section above.","Ingen rekord fil indlæst. Brug ""{0}"" sektion overfor.","Ei tallennetiedostoja ladattu. Käytä ""{0}"" osiota yläpuolelta.",Ingen rekordfiler lastet. Bruk delen «{0}» ovenfor.,"No Record Files Loaded. Use the ""{0}"" section above.","Nincsenek betöltve adat fájlok. Használja a fenti ""{0}"" részt.",Nu au fost încărcate fișiere de înregistrare. Utilizați secțiunea „{0}” de mai sus.,"No Record Files Loaded. Use the ""{0}"" section above.","Ռեկորդի ֆայլեր չեն բեռնվել: Օգտագործեք վերևի ""{0}"" բաժինը:","אין קבצי שיאים טעונים. השתמש בסעיף ""{0}"" למעלה.","لم يتم تحميل ملفات سجلات. استخدم قسم ""{0}"" أعلاه.","Δεν έχουν φορτωθεί αρχεία εγγραφής. Χρησιμοποιήστε την ενότητα ""{0}"" παραπάνω.","記録ファイルが読み込まれていません。上の""{0}"" セクションを使用してください",842
Records.NoRecords,"No Record Files Loaded. Use the ""{0}"" section below.",,,"No se han cargado archivos de registro. Utilice la sección ""{0}"" a continuación.",,"Ningún Fichero de Récords Cargado. Utilizar la sección  ""{0}"" siguiente.","No se han cargado archivos de registro. Utilice la sección ""{0}"" a continuación.","No se han cargado archivos de registro. Utilice la sección ""{0}"" a continuación.","Aucun fichier de records présent. Utiliser ""{0}"" ci-dessous.",,,"Nenhum arquivo de registro carregado. Use a seção ""{0}"" abaixo.","Файлы записей не загружены. Используйте раздел ""{0}"" ниже.","Keine Rekord-Datei geladen. Benutze den ""{0}"" Abschnitt unten.","No Record Files Loaded. Use the ""{0}"" section below.","Ingen rekord fil indlæst. Brug ""{0}"" sektion nedenfor.","Ei tallennetiedostoja ladattu. Käytä ""{0}"" osiota yläpuolelta.","Ingen rekordfiler lastet. Bruk ""{0}""-delen nedenfor.","No Record Files Loaded. Use the ""{0}"" section below.","Nincsenek betöltve adat fájlok. Használja az alábbi ""{0}"" részt.",Nu au fost încărcate fișiere de înregistrare. Utilizați secțiunea „{0}” de mai jos.,"No Record Files Loaded. Use the ""{0}"" section below.","Ռեկորդի ֆայլեր չեն բեռնվել: Օգտագործեք ներքևի ""{0}"" բաժինը:","אין קבצי שיאים טעונים. השתמש בסעיף ""{0}"" למטה.","لم يتم تحميل ملفات سجلات. استخدم قسم ""{0}"" أدناه.","Δεν έχουν φορτωθεί αρχεία εγγραφής. Χρησιμοποιήστε την ενότητα ""{0}"" παρακάτω.","記録ファイルが読み込まれていません。下の""{0}"" セクションを使用してください",843
Records.UploadButton,Load Record File...,,,Cargar archivo de Récords,,Cargar Fichero de Récords...,Cargar Fichero de Rècords...,Cargar archivo de Récords,Charger Records...,,,Carregar arquivo de registro...,Загрузить файл рекордов...,Rekord-Datei laden,Load Record File...,Load Rekord Fil...,Lataa ennätystiedosto...,Last inn rekordfil...,Load Record File...,Adatfájl betöltése...,Încărcați fișierul de înregistrare...,Load Record File...,Բեռնել ռեկորդի ֆայլը,טען קובץ שיאים...,تحميل ملف السجلات...,Φόρτωση αρχείου εγγραφής...,記録ファイルを読み込む...,844
Records.UploadDropZone,Drop Record File Here...,,,Arrastra fichero de Records aqui...,,Arrastrar Fichero de Récords Aquí...,Arrastra fichero de Records aqui...,Arrastra archivo de Récords aqui...,Glisser Fichier de Records Ici ..,,,Solte o arquivo de gravação aqui...,Сбросьте файл записи сюда...,Rekord-Datei hier ablegen...,Drop Record File Here...,Drop Rekord Fil Her...,Pudota ennätystiedosto tähän...,Slipp rekordfil her...,Drop Record File Here...,Csatolt ide az adatfájlt...,Încarcă fișierul de înregistrare aici...,Drop Record File Here...,Ռեկորդի ֆայլը գցեք այստեղ՝,גרור קובץ שיאים לכאן...,أسقط ملف السجلات هنا...,Απόθεση αρχείου εγγραφής εδώ...,ここに記録ファイルをドロップしてください...,845
Upload.AthleteRegistrationCategoryProblem,Athlete not eligible for category,,,Atleta no elegible para la categoría,,Atleta no elegible para la categoría,Atleta no elegible para la categoría,Atleta no elegible para la categoría,Athlète non éligible à la catégorie,,,Atleta não elegível para a categoria,"Спортсмен, не имеющий права на участие в категории",Athlet nicht für diese Gewichtsklasse berechtigt,Athlete not eligible for category,Athlete not eligible for category,Nostaja ei kelpaa tähän painoluokkaan,Utøver er ikke kvalifisert for kategori,Athlete not eligible for category,Sportoló nem jogosult a kategóriában,Sportiv nu este eligibil pentru categorie,Athlete not eligible for category,Մարզիկը իրավունք չունի մասնակցել կարգում,הספורטאי אינו כשיר לקטגוריה,الرياضي غير مؤهل للفئة,Αθλητής που δεν πληροί τις προϋποθέσεις για την κατηγορία,選手はこの階級の資格がありません,846
Upload.CannotDetermineRegistrationCategory,Missing category information,,,Falta información de categoría,,Falta información de categoría,Falta información de categoría,Falta información de categoría,Informations de catégorie manquantes,,,Falta informações de Categoria,Отсутствующая информация о категории,Gewichtsklassen Informationen fehlen,Missing category information,Missing category information,Puuttuu painoluokkatieto,Manglende kategoriinformasjon,Missing category information,Hiányzó csoport információ,Lipsesc informații despre categorie,Missing category information,Կարգի մասին բացակայող ինֆորմացիա,חסר מידע על קטגוריה,معلومات الفئة مفقودة,Λείπουν πληροφορίες κατηγορίας,階級情報が不足しています,847
Scoreboard.RankingOrder,Rankings,,,Clasificación,,Clasificación,Clasificaciòn,Clasificación,Classement,,,Classificação,Рейтинги,Ranglisten,Placeringar,Placeringer,Sijoitukset,Plass.,Plaseringar,Rangsor,Rankings,Rankings,Վարկանիշ,דירוגים,ترتيب,Κατάταξη,順位,848
Scoreboard.RankingOrderButton,"Scoreboard, Ranking Order",,,Marcador en orden de clasificación,,Marcador en orden de clasificación,Marcador de clasificaciones,Marcador en orden de clasificación,"Tableau, classement",,,Placar de classificação,Табло рейтингов,Ranglisten Anzeige,Scoreboard för placeringar,Placeringer Scoreboard,"Tulostaulu, Sijoitukset","Resultatskjerm, rangering ","Scoreboard, Ranking Order",Rangsorok eredménykijelző,Tablou Clasament,Rankings Scoreboard,Վարկանշային աղյուսակ,"לוח תוצאות, סדר דירוג",لوحة النتائج، ترتيب,"Πίνακας αποτελεσμάτων, Σειρά κατάταξης",スコアボード、ランキング順,849
Break,Break,,,Descanso,,Descanso,Descanso,Descanso,Pause,,,Pausa,Break,Unterbrechung,Paus,Pause,Tauko,Pause,Break,Szünet,Pauza,Break,Դադար,הפסקה,استراحة,Διακοπή,休憩,850
DefineGroups,Define Sessions and Assign Officials,,,Definir Tandas y Asignar Jueces,,Definir Tandas y Asignar Jueces,Definir Grupos y Asignar Jueces,Definir Tandas y Asignar Jueces,Définir les plateaux et assigner les officiels,Définir les sessions et assigner les officiels,,Defina as sessões e atribua os oficiais,Потоки,Definiere Gruppen,Definiera grupper,Definér sessioner,Määrittele ryhmät ja nimeä toimihenkilöt,Oppsett puljer,Define Sessions and Assign Officials,Versenyek meghatározása,Definiți sesiunile,Define Groups and Assign Officials,Խմբեր,הגדר מקצים והקצה שופטים,تحديد الجلسات وتعيين الحكام,Καθορίστε γκρούπ και ορίστε κριτές και υπαλλήλους,セッションを定義し、役員を割り当てる,851
Scoreboard.DescriptionLiftTypeFormat,{0} {1} ,,,{0} {1} ,,{0} {1} ,{0} {1} ,{0} {1} ,{0} {1} ,,,{0} {1},{0} {1} ,{0} {1} ,{0} {1} ,{0} {1} ,{0} {1} ,{0} {1} ,{0} {1} ,{0} {1} ,{0} {1} ,{0} {1},{0} {1} ,{0} {1},{0} {1},{0} {1} ,{0} {1} ,852
VideoNotification.JuryBreak,Jury Deliberation,,,Deliberación del Jurado,,Deliberación del Jurado,Deliberación del Jurado,Deliberación del Jurado,Délibération du jury,,,Reunião dos Jurados,Обсуждение жюри,Jury Beratung,Jurystopp,Jury stop,Jury Käsittely,Jury stopp,Jury Deliberation,Zsűri döntés Mérlegelés,consultatie Jurii,Jury Deliberation,Ժյուրիի քննարկում,דיון ועדת השופטים,تداول الهيئة التحكيمية,Συζήτηση της κριτικής επιτροπής,ジュリーの協議,853
VideoNotification.Challenge,Decision Challenge,,,Reclamo,,Impugnación,Reclamo,Reclamo,Contestation,,,Desafio,Оспаривание,Anfechtung,Challenge,Challenge,Päätöksen haaste,Beslutningsutfordring,Decision Challenge,Óvás ,Protest,Challenge,ԲՈՂՈՔԱՐԿՈՒՄ,אתגר החלטה,تحدي القرار,Πρόκληση απόφασης,判定への異議申し立て,854
VideoNotification.MarshalIssue,Competition paused,,,Competencia Pausada,,Pausa Competición,Pausa Competencia,Competencia Pausada,Pause,,,Competição Pausada,Соревнования приостановлены,Wettkampf unterbrochen,Tävlingen är pausad,Konkurrencen er på pause,Kilpailu seis,Konkurransen paused,Competition paused,A verseny szünetel,Competiția a fost întreruptă,Competition paused,Մրցումները դադարեցված են,התחרות בהשהיה,المنافسة متوقفة,Ο διαγωνισμός σταμάτησε,競技一時停止,855
VideoNotification.TechnicalIssue,Competition paused,,,Competencia Pausada,,Pausa Competición,Pausa Competencia,Competencia Pausada,Pause,,,Competição Pausada,Соревнования приостановлены,Wettkampf unterbrochen,Tävlingen är pausad,Konkurrencen er på pause,Kilpailu seis,Konkurransen paused,Competition paused,A verseny szünetel,Competiția a fost întreruptă,Competition paused,Մրցումները դադարեցված են,התחרות בהשהיה,المنافسة متوقفة,Ο διαγωνισμός σταμάτησε,競技一時停止,856
VideoNotification.JuryGoodLift,Jury Decision: Good Lift,,,Decisión del jurado: Levantamiento válido,,Decisión del Jurado: Levantamiento válido,Decisión del jurado: Levantamiento válido,Decisión del jurado: Levantamiento válido,Décision du jury: Lever accepté,,,Decisão do Júri: Movimento Válido,Решение жюри: Подъем засчитан,Jury Entscheidung: Gültiger Versuch,Jurybeslut: Godkänt lyft,Juryafgørelse: Godkendt,Jury Päätös: Onnistunut nosto,Juryens avgjørelse: Godkjent løft,Jury Decision: Good Lift,Zsűri döntése: Gyakorlat Jó,Decizia juriului: Încercare Reușita,Jury Decision: Good Lift,Ժյուրիի որոշում՝ ՔԱՇԸ ՀԱՇՎՎՈՒՄ Է,החלטת ועדת השופטים: ניסיון מוצלח,قرار الهيئة التحكيمية: رفع مقبول,Απόφαση της κριτικής επιτροπής: Good Lift,ジュリー判定: 成功,857
VideoNotification.JuryNoLift,Jury Decision: No Lift,,,Decisión del jurado: Levantamiento nulo,,Decisión del Jurado: Levantamiento nulo,Decisión del jurado: Levantamiento nulo,Decisión del jurado: Levantamiento nulo,Décision du jury: Lever refusé,,,Decisão do Júri: Movimento Inválido ,Решение жюри: Подъем не засчитан для,Jury Entscheidung: Ungültiger Versuch,Jurybeslut: Underkänt lyft,Juryafgørelse : Underkendt,Jury Päätös: Hylätty nosto,Juryens avgjørelse: Underkjent løft,Jury Decision: No Lift,Zsűri döntése: Gyakorlat Rossz,Decizia juriului: Încercare Nereușita,Jury Decision: No Lift,Ժյուրիի որոշում՝ ՔԱՇԸ ՉԻ ՀԱՇՎՎՈՒՄ,החלטת ועדת השופטים: ניסיון לא מוצלח,قرار الهيئة التحكيمية: رفع مرفوض,Απόφαση της κριτικής επιτροπής: Χωρίς ανελκυστήρα,ジュリー判定: 失敗,858
VideoNotification.RecordAttempt,Record Attempt,,,Intento de Récord,,Intento de Récord,INTENTO DE RÉCORD,INTENTO DE RÉCORD,Tentative de record,,,Tentativa de Recorde,Попытка на рекорд,Rekord Versuch,REKORD Försök,Rekordforsøg,Ennätys Yritys,Rekordforsøk,Record Attempt,Csúcs kísérlet,Încercare de record,Record Attempt,Հաջող փորձի դեպքում մարզիկը կսահմանի ռեկորդ,ניסיון לשיא,محاولة لتحطيم الرقم القياسي,Προσπάθεια εγγραφής,記録挑戦,859
VideoNotification.NewRecord,New Record!,,,¡NUEVO RÉCORD!,,¡Nuevo Récord!,¡NUEVO RÉCORD!,¡NUEVO RÉCORD!,Nouveau record !,,,Novo Recorde!,Новый рекорд,Neuer Rekord!,Nytt REKORD!,Ny rekord!,Uusi Ennätys!,Ny rekord!,New Record!,Új csúcs!,Un nou record!,New Record!,ՆՈՐ ՌԵԿՈՐԴ,שיא חדש!,رقم قياسي جديد!,Νέο ρεκόρ!,新記録！,860
ComputedWeightClass,Presumed Weight Category,,,Categoría de peso supuesta,,Categoría de peso supuesta,Categoría de peso supuesta,Categoría de peso supuesta,Catégorie de poids présumée,,,Categoria de peso presumido,Предполагаемая весовая категория,vermutliche Gewichtsklasse,Föreslagen viktklass,Foreslået vægtklasse,Oletettu Painoluokka,Antatt vektkategori,Presumed Weight Category,Feltételezett súlykategória,Categoria de greutate presupusă,Presumed Weight Category,Ենթադրվող քաշային կարգ,קטגוריית משקל משוערת,فئة الوزن المفترضة,Κατηγορία υποτιθέμενου βάρους,仮階級,861
Video.EventMonitoringButton,Video Overlay,,,Superposición de video,,Superposición de video,Superposición de video,Superposición de video,Superposition vidéo,,,Sobreposição de vídeo,Наложение видео,Video Overlay,Video Overlay,Video Overlay,Video peittokuva,Video overlegg,Video Overlay,Video Overlay,Video Overlay,Video Overlay,Վիդեովրադրում,שכבת וידאו,تراكب الفيديو,Επικάλυψη βίντεο,ビデオオーバーレイ,862
Video.EventMonitoringExplanation,"The ""{0}"" button is used to display a small box on the video feed when a significant event takes place (Record, Challenge, Jury Decision, etc.).",,,"El botón ""{0}"" se usa para mostrar un pequeño cuadro en la transmisión de video cuando ocurre un evento importante (Registro, Desafío, Decisión del jurado, etc.).",,"El botón ""{0}"" se usa para mostrar un pequeño cuadro en la transmisión de video cuando ocurre un evento importante (Registro, Desafío, Decisión del jurado, etc.).","El botón ""{0}"" se usa para mostrar un pequeño cuadro en la transmisión de video cuando ocurre un evento importante (Registro, Desafío, Decisión del jurado, etc.).","El botón ""{0}"" se usa para mostrar un pequeño cuadro en la transmisión de video cuando ocurre un evento importante (Registro, Desafío, Decisión del jurado, etc.).","Le bouton ""{0}"" permet d'afficher un petit encadré sur le flux vidéo lorsqu'un événement significatif a lieu (Record, Challenge, Jury Decision, etc.).",,,"O botão ""{0}"" é usado para exibir uma pequena caixa no feed de vídeo quando ocorre um evento significativo (registro, desafio, decisão do júri, etc.). ","Кнопка ""{0}"" используется для отображения небольшого прямоугольника в видеопотоке, когда происходит важное событие (запись, оспаривание, решение жюри и т. д.).","Die Schaltfläche „{0}“ wird verwendet, um ein kleines Kästchen im Video-Feed anzuzeigen, wenn ein wichtiges Ereignis stattfindet (Aufzeichnung, Herausforderung, Jury-Entscheidung usw.).","""{0}""-knappen används för att visa en liten ruta på videoflödet när en viktig händelse äger rum (Rekord, Utmaning, Jurybeslut, etc.).","Knappen ""{0}"" bruges til at vise en lille boks på videofeedet, når en væsentlig begivenhed finder sted (rekord, udfordring, jurybeslutning osv.).","""{0}""-painiketta käytetään näyttämään pieni laatikko videosyötteessä, kun tapahtuu merkittävä tapahtuma (ennätys, haaste, tuomariston päätös jne.).","""{0}""-knappen brukes til å vise en liten boks på videofeeden når en viktig hendelse finner sted (rekord, utfordring, juryavgjørelse osv.).","The ""{0}"" button is used to display a small box on the video feed when a significant event takes place (Record, Challenge, Jury Decision, etc.).","A ""{0}"" gomb egy kis doboz megjelenítésére szolgál a videó feedben, ha jelentős esemény történik (felvétel, kihívás, zsűri döntése stb.).","Butonul „{0}” este folosit pentru a afișa o casetă mică pe fluxul video atunci când are loc un eveniment semnificativ (înregistrare, provocare, decizie a juriului etc.).","Przycisk „{0}” służy do wyświetlania małego pola na kanale wideo, gdy ma miejsce ważne wydarzenie (nagranie, wyzwanie, decyzja jury itp.).","«{0}» կոճակը օգտագործվում է տեսահոլովակի վրա փոքր տուփ ցուցադրելու համար, երբ տեղի է ունենում կարևոր իրադարձություն (ձայնագրություն, մարտահրավեր, ժյուրիի որոշում և այլն):","הכפתור ""{0}"" משמש להצגת תיבה קטנה בהזנת הווידאו כאשר מתרחש אירוע משמעותי (שיא, אתגר, החלטת חבר השופטים וכו'). רקע ירוק משמש כדי שניתן יהיה למחוק אותו על ידי תוכנת הווידאו.","يُستخدم زر ""{0}"" لعرض مربع صغير على تغذية الفيديو عند حدوث حدث مهم (سجل، تحدي، قرار الهيئة التحكيمية، إلخ).","Το κουμπί ""{0}"" χρησιμοποιείται για την εμφάνιση ενός μικρού πλαισίου στη ροή βίντεο όταν λαμβάνει χώρα ένα σημαντικό γεγονός (Εγγραφή, Πρόκληση, Απόφαση κριτικής επιτροπής, κ.λπ.).","""{0}"" ボタンは、記録・チャレンジ・審判判定など重要なイベント発生時に、映像に小さな表示ボックスを出すために使います",863
OBS.MonitoringExplanation,"The ""{0}"" window title reflects the platform's current status and can be used to control automatic scene switching for video production using OBS Studio and similar software.",,,"El título de la ventana ""{0}"" refleja el estado actual de la plataforma y se puede usar para controlar el cambio automático de escena para la producción de video usando OBS Studio y software similar.",,"El título de la ventana ""{0}"" refleja el estado actual de la plataforma y se puede usar para controlar el cambio automático de escena para la producción de video usando OBS Studio y software similar.","El título de la ventana ""{0}"" refleja el estado actual de la plataforma y se puede usar para controlar el cambio automático de escena para la producción de video usando OBS Studio y software similar.","El título de la ventana ""{0}"" refleja el estado actual de la plataforma y se puede usar para controlar el cambio automático de escena para la producción de video usando OBS Studio y software similar.",Le titre de la fenêtre {0} reflète le statut de compétition et permet de contrôler les changements automatiques de scènes dans un logiciel vidéo comme OBS Studio.,,,"O título da janela ""{0}"" reflete o status atual da plataforma e pode ser usado para controlar a troca automática de cena para produção de vídeo usando o OBS Studio e software semelhante.","Заголовок окна ""{0}"" будет отражать текущее состояние соревнований и может использоваться для управления автоматическим переключением сцен при производстве видео с использованием OBS Studio и аналогичного программного обеспечения.",Der Fenstertitel „{0}“ spiegelt den aktuellen Status der Plattform wider und kann zur Steuerung des automatischen Szenenwechsels für die Videoproduktion mit OBS Studio und ähnlicher Software verwendet werden.,"Fönstertiteln ""{0}"" återspeglar plattformens aktuella status och kan användas för att styra automatiskt scenbyte för videoproduktion med OBS Studio och liknande programvara.","""{0}""-vinduets titel afspejler platformens aktuelle status og kan bruges til at styre automatisk sceneskift til videoproduktion ved hjælp af OBS Studio og lignende software.","Ikkunan otsikko ""{0}"" kuvastaa alustan nykyistä tilaa ja sitä voidaan käyttää ohjaamaan automaattista kohtauksen vaihtoa videotuotantoa varten OBS Studion ja vastaavien ohjelmistojen avulla.","""{0}""-vindustittelen gjenspeiler plattformens nåværende status og kan brukes til å kontrollere automatisk scenebytte for videoproduksjon ved hjelp av OBS Studio og lignende programvare.","The ""{0}"" window title reflects the platform's current status and can be used to control automatic scene switching for video production using OBS Studio and similar software.","A ""{0}"" ablak címe a platform jelenlegi állapotát tükrözi, és az automatikus jelenetváltás vezérlésére használható videókészítéshez az OBS Studio és hasonló szoftverek használatával.",Titlul ferestrei „{0}” reflectă starea curentă a platformei și poate fi folosit pentru a controla comutarea automată a scenei pentru producția video folosind OBS Studio și software similar.,Tytuł okna „{0}” odzwierciedla aktualny stan platformy i może być używany do sterowania automatycznym przełączaniem scen do produkcji wideo przy użyciu OBS Studio i podobnego oprogramowania.,«{0}» պատուհանի վերնագիրը արտացոլում է հարթակի ներկայիս կարգավիճակը և կարող է օգտագործվել OBS Studio-ի և նմանատիպ ծրագրերի միջոցով տեսանկարահանման համար տեսարանների ավտոմատ փոխարկումը կառավարելու համար:,"כותרת החלון ""{0}"" משקפת את הסטטוס הנוכחי של הבמה וניתן להשתמש בה כדי לשלוט במעבר סצנות אוטומטי להפקת וידאו באמצעות OBS Studio ותוכנות דומות.","عنوان نافذة ""{0}"" يعكس الحالة الحالية للمنصة ويمكن استخدامه للتحكم في التبديل التلقائي للمشاهد لإنتاج الفيديو باستخدام OBS Studio وبرامج مماثلة.","Ο τίτλος του παραθύρου ""{0}"" αντικατοπτρίζει την τρέχουσα κατάσταση της πλατφόρμας και μπορεί να χρησιμοποιηθεί για τον έλεγχο της αυτόματης εναλλαγής σκηνής για παραγωγή βίντεο χρησιμοποιώντας το OBS Studio και παρόμοιο λογισμικό.","""{0}"" ウィンドウタイトルはプラットフォームの現在の状態を示し、OBS Studioなどのソフトで自動シーン切り替えを制御するのに利用できます",864
Competition.enforce20kgRule,Apply IWF 20kg / Masters 80% rule?,,,Aplicar regla IWF 20kg / Masters 80% ?,,Aplicar regla IWF 20kg / Masters 80% ?,Aplicar regla IWF 20kg / Masters 80% ?,Aplicar regla IWF 20kg / Masters 80% ?,Appliquer la règle IWF 20kg / Masters 80% ?,,,Aplicar a Regra de Peso Total Inicial (IWF §6.6.5 / Master §2.4)?,Применить «правило 20 кг» (IWF §6.6.5/Masters §2.4)?,Standard Gewichtsklassen Reglung übernehmen (IWF 6.6.5/Masters 2.4)?,Tillämpa totalviktsregeln (IWF ¬ß6.6.5/Masters ¬ß2.4)?,Anvend indledende tokampsvægtregel (IWF §6.6.5/Masters §2.4)?,Käytä IWF 20kg / Masters 80% sääntöä?,Vil du bruke IWF 20 kg / Masters 80% regel?,Apply IWF 20kg / Masters 80% rule?,Alkalmazza a 20 Kg szabálytt (IWF §6.6.5/Masters §2.4)?,Aplicați regula inițială a greutății totale (IWF §6.6.5/Master §2.4)?,Zastosować zasadę początkowej masy całkowitej (IWF §6.6.5/Masters §2.4)?,Ընդունե՞լ 20 կգի կանոնը (IWF §6.6.5/Masters §2.4),"החל את חוק IWF 20 ק""ג / מאסטרס 80%?",تطبيق قاعدة IWF 20 كجم / Masters 80%؟,Εφαρμογή του κανόνα IWF 20kg / Masters 80%;,IWFの20kgルール / マスターズの80%ルールを適用しますか？,865
Competition.mastersStartOrder,Masters Start Order (older first),,,Orden de inicio de los Máster (los más veteranos primero),,Orden de inicio de los Máster (los más veteranos primero),Orden de inicio de los Máster (los más veteranos primero),Orden de inicio de los Máster (los más veteranos primero),Ordre de départ Masters (plus agés en premier),,,Ordem de início dos Masters (Maior idade primeiro),Порядок старта мастеров (сначала старшие),Masters-Startreihenfolge (Ältere zuerst),Veteran Startordning (äldst först),Masters Startrækkefølge (ældst er først),Masters Nostojärjestys (vanhin ensin),Masters startrekkefølge (eldre først),Masters Start Order (older first),Masztersz Kezdési sorrend (az idősebbek először),Ordinea de începere la Masters (cei în vîrsta primii),Masters Start Order (older first),Վարպետների սկսման հերթ (մեծերը սկզբում),סדר התחלה של מאסטרס (מבוגרים קודם),ترتيب بداية الماسترز (الأكبر سناً أولاً),Masters Σειρά Έναρξης (πρώτα οι μεγαλύτεροι),マスターズ開始順（年長者優先）,866
Competition.breakParametersTitle,Clean & Jerk Automatic Break Duration,,,Parámetros de duración de descanso D.T.,,Parámetros de duración del descanso Envión,Parámetros de duración del descanso Envión,Parámetros de duración del descanso Envión,Pauses Automatiques Épaulé-jeté,,,Parâmetros de duração do intervalo,Параметры продолжительности перерыва,Parameter für die Pausendauer,Inställningar för paus mellan ryck och stöt.,Indstillinger for pauser,Työntönostojen automaattisen tauon kesto,Automatisk pausevarighet før støt,Clean & Jerk Automatic Break Duration,Szünet időtartama paraméterek,Parametrii duratei pauzei,Break Duration Parameters,Դադարի տևողության կարգավորում,משך הפסקה אוטומטית בדחיקה,مدة الاستراحة التلقائية للنتر,Επολέ Ζετέ Αυτόματο Διάλειμμα Διάρκεια ,クリーン＆ジャーク自動休憩時間,867
Competition.breakParametersLonger,(optional) set a longer break if session has less than a certain number of athletes.  Athletes need more time to warm-up.,,,(opcional) Establecer un descanso más largo si la tanda tiene menos de un número concreto de levantadores. Los levantadores necesitan más tiempo para calentar.,,(opcional) Establecer un descanso más largo si la tanda tiene menos de un número concreto de levantadores. Los levantadores necesitan más tiempo para calentar.,(opcional) Establecer un descanso más largo si la tanda tiene menos de un número concreto de levantadores. Los levantadores necesitan más tiempo para calentar.,(opcional) Establecer un descanso más largo si la tanda tiene menos de un número concreto de levantadores. Los levantadores necesitan más tiempo para calentar.,(optional) Allonger la pause avant l'Épaulé-Jeté si moins d''un certain nombre d'athlètes. Les athlètes ont besoin de davantage de temps pour se réchauffer.,,,(opcional) Defina uma pausa mais longa se a sessão tiver poucos atletas. Pois precisarão de mais tempo para se aquecer.,"Установите более длительный перерыв, если в сессии участвует меньше определенного количества спортсменов. Спортсменам требуется больше времени для разминки","(optional) Lege eine längere Pause fest, wenn die Gruppe weniger als eine bestimmte Anzahl von Athleten umfasst. Sportler brauchen mehr Zeit zum Aufwärmen.",(alternativ) välj en längre paus om det är färre lyftare än ett visst antal.  lyftarna behöver mer tid till uppvärmning.,"(optional) sæt en længere pause, hvis en session har mindre end et bestemt antal atleter. Atleterne skal bruge mere tid til at varme op.","(valinnainen) aseta pidempi tauko, jos harjoituksessa on vähemmän kuin tietty määrä urheilijoita. Urheilijat tarvitsevat enemmän aikaa lämmittelyyn.",(valgfritt) angi en lengre pause hvis puljen har mindre enn et visst antall utøvere.  Utøvere trenger mer tid til å varme opp.,(optional) set a longer break if session has less than a certain number of athletes.  Athletes need more time to warm-up.,"(opcionális) állítson be hosszabb szünetet, ha a csoportban egy bizonyos számú versenyzővel kevesebb van. A sportolóknak több időre van szükségük a bemelegítéshez.",(opțional) setați o pauză mai lungă dacă sesiunea are mai puțin de un anumit număr de sportivi. Sportivii au nevoie de mai mult timp pentru încălzire.,(optional) set a longer break if session has less than a certain number of athletes. Athletes need more time to warm-up.,"Սահմանեք ավելի երկար ընդմիջում, եթե որոշակի թվից ավելի քիչ մարզիկներ են մասնակցում: Մարզիկներին ավելի շատ ժամանակ է պետք նախավարժանքի համար",(אופציונלי) הגדר הפסקה ארוכה יותר אם במקצה יש פחות ממספר מסוים של ספורטאים. הספורטאים זקוקים ליותר זמן לחימום.,(اختياري) تحديد استراحة أطول إذا كانت الجلسة تحتوي على أقل من عدد معين من الرياضيين. الرياضيون يحتاجون وقتاً أكثر للإحماء.,(προαιρετικό) ορίστε μεγαλύτερο διάλειμμα εάν το γρούπ έχει λιγότερους από έναν ορισμένο αριθμό αθλητών.  Οι αθλητές χρειάζονται περισσότερο χρόνο για προθέρμανση.,（オプション）セッションの参加者数が一定数に満たない場合は、休憩時間を長めに設定してください。選手はウォームアップに長い時間を必要とします。,868
Competition.breakParametersShorter,"(optional) Set a shorter break if session has more than a certain number of athletes, since athletes have enough time to warm up.  Duration 0 suppresses the break.",,,"(opcional) Establecer un descanso más corto si la tanda tiene más de un número concreto de levantadores, ya que los levantadores tienen tiempo suficiente para calentar. La duración 0 elimina el descanso.",,"(opcional) Establecer un descanso más corto si la tanda tiene más de un número concreto de levantadores, ya que los levantadores tienen tiempo suficiente para calentar. La duración 0 elimina el descanso.","(opcional) Establecer un descanso más corto si la tanda tiene más de un número concreto de levantadores, ya que los levantadores tienen tiempo suficiente para calentar. La duración 0 elimina el descanso.","(opcional) Establecer un descanso más corto si la tanda tiene más de un número concreto de levantadores, ya que los levantadores tienen tiempo suficiente para calentar. La duración ""0"" elimina el descanso.","(optionel) Raccourcir la pause avant l'Épaulé-Jeté si plus d'un certain nombre d'athlètes, car les athlètes ont suffisamment de temps pour se réchauffer.  La durée 0 supprime la pause.",,,"(opcional) Defina um intervalo mais curto se a sessão tiver muitos atletas, pois terão tempo suficiente para se aquecer. Duração 0 suprime a pausa.","Установите более короткий перерыв, если в занятии участвует более определенного количества спортсменов, поскольку у спортсменов есть достаточно времени для разминки.  Длительность 0 подавляет перерыв.","(optional) Lege eine kürzere Pause fest, wenn die Gruppe mehr als eine bestimmte Anzahl von Athleten umfasst, da die Athleten genügend Zeit zum Aufwärmen haben. Dauer 0 unterdrückt die Pause.","(alternativ) Välj en kortare paus om det är fler än ett visst antal lyftare, eftersom lyftarna hinner värma upp ändå. Om värdet sätts till 0 försvinner pausen helt.","(optional) Sæt en kortere pause, hvis der er mere end et bestemt antal atleter, da der er tid nok til opvarmning. En varighed på 0 fjerner pausen helt.","(valinnainen) Aseta lyhyempi tauko, jos harjoituksessa on enemmän kuin tietty määrä urheilijoita, koska urheilijoilla on tarpeeksi aikaa lämmitellä. Kesto 0 vaimentaa tauon.","(valgfritt) Angi en kortere pause hvis puljen har flere enn et visst antall utøvere, siden utøverne har nok tid til å varme opp.  Varighet 0 undertrykker pausen.","(optional) Set a shorter break if session has more than a certain number of athletes, since athletes have enough time to warm up.  Duration 0 suppresses the break.","(opcionális) Állítson be rövidebb szünetet, ha a csoportban több versenyző vesz részt, mivel a versenyzőknek elegendő idejük van a bemelegítésre. A 0 időtartam elnyomja a szünetet.","(opțional) Setați o pauză mai scurtă dacă sesiunea are mai mult de un anumit număr de sportivi, deoarece sportivii au suficient timp pentru a se încălzi. Durata 0 suprimă pauză.","(optional) Set a shorter break if session has more than a certain number of athletes, since athletes have enough time to warm up. Duration 0 suppresses the break.","Սահմանեք ավելի կարճ ընդմիջում, եթե որոշակի թվից ավելի շատ մարզիկներ են մասնակցում, քանի որ մարզիկները բավականաչափ ժամանակ ունեն նախավարժանքի համար: 0-ի տևողությունը ճնշում է ընդմիջումը:","(אופציונלי) הגדר הפסקה קצרה יותר אם במקצה יש יותר ממספר מסוים של ספורטאים, מכיוון שלספורטאים יש מספיק זמן לחימום. משך 0 מבטל את ההפסקה.",(اختياري) تحديد استراحة أقصر إذا كانت الجلسة تحتوي على أكثر من عدد معين من الرياضيين، حيث أن الرياضيين لديهم وقت كافٍ للإحماء. المدة 0 تلغي الاستراحة.,"(προαιρετικό) Ορίστε ένα μικρότερο διάλειμμα εάν το γκρούπ έχει περισσότερους από έναν συγκεκριμένο αριθμό αθλητών, καθώς οι αθλητές έχουν αρκετό χρόνο για προθέρμανση.  Η διάρκεια 0 καταστέλλει το διάλειμμα.",（オプション）セッションの参加者数が一定数を超える場合は、ウォームアップに十分な時間を確保するために、休憩時間を短く設定してください。期間を0にすると、休憩は発生しません。,869
Competition.longerBreakThreshold,Longer CJ break if less than X athletes,,,Descanso Envión más largo si hay menos de X atletas,,Descanso D.T. más largo si hay menos de X atletas,Descanso Envión más largo si hay menos de X atletas,Descanso Envión más largo si hay menos de X atletas,Pause E-J allongée si moins de X athlètes,,,Intervalo do arremesso mais longo se há menos de X atletas,"Более длительный перерыв перед толчком, если меньше X спортсменов",Längere Pause bis zum Stossen bei weniger als X Athleten,Längre paus innan stöt om det är färre än X lyftare,Længere pause inden Stød hvis under X atleter,"Pidempi tauko työnnöissä, jos vähemmän kuin X urheilijaa",Lengre støt-pause hvis færre enn X utøvere,Longer CJ break if less than X athletes,"Hosszabb Lökés szünet, ha kevesebb mint X sportoló",Pauză mai lungă pentru Aruncat dacă sant mai puțin de X sportivi,Longer CJ break if less than X athletes,"Հրումից առաջ ավելի երկար ընդմիջում, եթե Xից  քիչ մարզիկներ կան",הפסקה ארוכה יותר בדחיקה אם פחות מ-X ספורטאים,استراحة نتر أطول إذا كان أقل من X رياضيين,Μεγαλύτερο διάλειμμα πριν το Επολέ Ζετέ αν είναι λιγότεροι από Χ αθλητές,X 名未満のアスリートの場合は CJ 休憩が長くなります,870
Competition.longerBreakDuration,Longer break duration (10 is normal),,,Duración de la pausa más larga,,Duración del descanso más largo,Duración de la pausa más larga,Duración de la pausa más larga,Durée de la pause allongée,,,Duração maior de pausa,Более продолжительный перерыв,Längere Pausendauer,Längre paus,Længere pause,Pidempi tauon kesto (10 normaalisti),Lengre pausevarighet (10 er normalt),Longer break duration (10 is normal),Hosszabb szünet időtartam,Durată mai lungă de pauză,Longer break duration,Ավելի երկար ընդմիջում,משך הפסקה ארוך יותר (10 זה נורמלי),مدة الاستراحة الأطول (10 عادي),Μεγαλύτερη διάρκεια διαλείμματος (10 είναι φυσιολογικό),休憩時間を長くする（10が標準）,871
Competition.shorterBreakThreshold,Shorter CJ break if more than X athletes,,,Pausa Envión más corta si hay más de X atletas,,Descanso del D.T.  más corto si hay más de X atletas,Pausa Envión más corta si hay más de X atletas,Pausa Envión más corta si hay más de X atletas,Pause E-J raccourcie si plus de X athlètes,,,Intervalo do Arremesso mais curto se houver mais de X atletas,"Более короткий перерыв перед толчком, если больше X спортсменов",Kürzere Pause bis zum Stossen bei mehr als X Athleten,Kortare paus innan stöt om det är fler än X lyfare,"Kortere pause inden Stød, hvis mere end X atleter","Lyhyempi tauko työnnöissä, jos enemmän kuin X urheilijaa",Kortere støt-pause hvis flere enn X utøvere,Shorter CJ break if more than X athletes,Rövidebb szünet a Lökésnek X-nél több sportoló esetén,Pauza mai scurta pentru Aruncat daca sânt mai mult de X sportivi,Shorter CJ break if more than X athletes,"Հրումից առաջ ավելի կարճ ընդմիջում, եթե Xից  շատ մարզիկներ կան",הפסקה קצרה יותר בדחיקה אם יותר מ-X ספורטאים,استراحة نتر أقصر إذا كان أكثر من X رياضيين,Μικρότερο διάλειμμα πριν το Επολέ Ζετέ εάν περισσότεροι από Χ αθλητές,X人以上のアスリートの場合、CJ休憩が短くなります,872
Competition.shorterBreakDuration,Shorter break duration (10 is normal),,,Duración de la pausa más corta,,Duración del descanso más corto (10 minutos es lo habitual),Duración del descanso más corto (10 minutos es lo habitual),Duración de la pausa más corta,Durée de la pause raccourcie,,,Duração de intervalo mais curta (10 é normal),Меньшая продолжительность перерыва (10 - это нормально),Kürzere Pausendauer (10 ist normal),Kortare paus (10 är normalt),Kortere pause (10 er normalen),Lyhyempi tauon kesto (10 normaalisti),Kortere pausevarighet (10 er normalt),Shorter break duration (10 is normal),Rövidebb szünet (10 a normális),Durată mai scurtă a pauzei (10 este normal),Shorter break duration (10 is normal),Ավելի կարճ ընդմիջման տևողությունը (10 նորմալ է),משך הפסקה קצר יותר (10 זה נורמלי),مدة الاستراحة الأقصر (10 عادي),Μικρότερη διάρκεια διαλείμματος (10 είναι φυσιολογικό),休憩時間が短い（10が標準）,873
Competition.automaticCJBreakQ,"After last snatch, automatically switch to the C&J Break (this enables the other parameters in this section)",,,"Después del último arranque, cambia automáticamente a ""Descanso antes del Envión"" (esto habilita los otros parámetros en esta sección)",,"Después del último intento de arrancada, automáticamente se pasa al descanso del DT (esto habilita el resto de parámetros en esta sección)","Después del último intento de arrancada, automáticamente se pasa al descanso del DT (esto habilita el resto de parámetros en esta sección)","Después del último arranque, cambia automáticamente a ""Descanso antes del Envión"" (esto habilita los otros parámetros en esta sección)",Activation automatique de la pause É-J. après le dernier arraché (active les autres paramètres de cette section),,,"Após o último arranco, mude automaticamente para o arremesso (isso habilita os outros parâmetros nesta seção)",После окончания рывка автоматически переключиться на перерыв (это позволяет использовать другие параметры в этом разделе),Wechsle nach dem letzten Reißen automatisch zur Pause bis zum Stossen (dadurch werden die anderen Parameter in diesem Abschnitt aktiviert).,Efter sista rycket byt automatiskt till paus innan stöt (detta aktiverar övriga parametrar i denna sektion),Efter sidste træk skift automatisk til pause inden Stød (dette aktiverer øvrige indstillinger i denne sektion),Vaihda automaattisesti viimeisen vaihdon jälkeen Työnnön Tauko -tilaan (tämä ottaa käyttöön muut tämän osan parametrit),"Etter siste rykk, bytt automatisk til støt-pause (dette aktiverer de andre parameterne i denne delen)","After last snatch, automatically switch to the C&J Break (this enables the other parameters in this section)",Az utolsó szakítás után automatikusan átvált a Lökés szünetre (ez engedélyezi a többi paramétert ebben a szakaszban),"După ultima smulgere, trece automat la pauza Aruncatului (acest lucru activează ceilalți parametri din această secțiune)","After last snatch, automatically switch to the C&J Break (this enables the other parameters in this section)",Պոկումի ավարտից հետո ավտոմատ կերպով անցեք ընդմիջման (սա թույլ է տալիս օգտագործել այս հատվածի այլ կարգավորումներ),"לאחר הנפה האחרונה, עבור אוטומטית להפסקה לפני מקצה דחיקה (זה מאפשר את הפרמטרים האחרים בסעיף זה)",بعد آخر خطف، التبديل تلقائياً إلى استراحة النتر (هذا يمكن المعاملات الأخرى في هذا القسم),"Μετά το τελευταίο αρασέ, μεταβείτε αυτόματα στο διάλειμμα πριν το επολέ ζετέ (αυτό ενεργοποιεί τις άλλες παραμέτρους σε αυτήν την ενότητα)",最後のスナッチの後、自動的にC&Jブレイクに切り替わります（これにより、このセクションの他のパラメータが有効になります）,874
Competition.TooManyPerCat,Too Many Athletes?,,,¿Demasiados atletas?,,¿Demasiados atletas?,¿Demasiados atletas?,¿Demasiados atletas?,Trop d'athlètes ?,,,Muitos atletas?,Слишком много спортсменов?,Zu viele Athleten?,För många lyftare?,For mange atleter?,Liian monta nostajaa?,For mange utøvere?,Too Many Athletes?,Túl sok versenyző?,Prea Multi Sportivi?,Too Many Athletes?,Ավելի շատ մարզիկներ?,יותר מדי ספורטאים?,عدد كثير من الرياضيين؟,Πάρα πολλοί αθλητές;,選手数が多すぎますか？,875
Competition.AthletesPerTeam,Athletes per team,,,Atletas por equipo,,Atletas por equipo,Atletas por equipo,Atletas por equipo,Athlètes par équipe,,,Atletas por equipe,Количество спортсменов в команде,Athleten pro Team,Lyftare per lag,Atleter pr hold,Nostajia per seura,Utøvere per lag,Athletes per team,Sportolók csapatonként,Sportivi pe echipă,Athletes per team,Մարզիկների քնաակը կազմում,ספורטאים לקבוצה,رياضيون لكل فريق,Αθλητές ανά ομάδα,チームあたりの選手数,876
Competition.maxAthletesPerCategory,Maximum Athletes per category (in each age group),,,Máximo de atletas por categoría (en cada grupo de edad),,Máximo de atletas por categoría (en cada grupo de edad),Máximo de atletas por categoría (en cada grupo de edad),Máximo de atletas por categoría (en cada grupo de edad),Maximum d'athlètes par catégorie (dans chaque groupe d'âge),,,Máximo de Atletas por categoria (em cada faixa etária),Максимальное количество спортсменов в каждой категории (в каждой возрастной группе),Max. Athleten pro Gewichtsklasse (in jeder Altersklasse),Maximalt antal lyftare i varje ålderskategori,Maximum Atleter pr kategori (i hver aldersgruppe),Nostajien enimmäismäärä luokassa (jossakin ikäryhmässä),Maksimalt antall utøvere per kategori (i hver aldersgruppe),Maximum Athletes per category (in each age group),Maximális sportolók száma súlycsoportonként (minden korcsoportban),Numărul maxim de sportivi pe categorie (în fiecare grupă de vârstă),Maximum Athletes per category (in each age group),Մարզիկների առավելագույն քանակը յուրաքանչյուր կարգում (յուրաքանչյուր տարիքային խմբում),מספר מקסימלי של ספורטאים לקטגוריה (בכל קבוצת גיל),الحد الأقصى للرياضيين لكل فئة (في كل مجموعة عمرية),Μέγιστος αριθμός αθλητών ανά κατηγορία (σε κάθε ηλικιακή ομάδα),カテゴリーごとの最大競技者数（各年齢層）,877
Competition.teamRules,Team Size,,,Tamaños de equipo,,Reglas para equipos,Reglas para equipos,Reglas para equipos,Tailles d'équipe,,,Tamanho da equipe,Размер команды,Team Größe,lagstorlek,Holdstørrelse,Seuran koko,Lagstørrelse,Team Size,Csapat mérete,Marimea echipei,Team Size,Կազմի չափ,גודל קבוצה,حجم الفريق,Μέγεθος ομάδας,チーム人数,878
Medal.Gold,Gold,,,Oro,,Oro,Oro,Oro,Or,,,Ouro,Золото,Gold,Guld,Guld,Kulta,Gull,Gold,Arany,Aur,Gold,ՈՍԿԻ,זהב,ذهبي,Χρυσός,金メダル,879
Medal.Silver,Silver,,,Plata,,Plata,Plata,Plata,Argent,,,Prata,Серебро,Silber,Silver,Sølv,Hopea,Sølv,Silver,Ezüst,Argint,Silver,ԱՐԾԱԹ,כסף,فضي,Ασήμι,銀メダル,880
Medal.Bronze,Bronze,,,Bronce,,Bronce,Bronce,Bronce,Bronze,,,Bronze,Бронза,Bronze,brons,Bronze,Pronssi,Bronse,Bronze,Bronz,Bronz,Bronze,ԲՐՈՆԶ,ארד,برونزي,Μπρούντζος,銅メダル,881
Entries,Entries,,,Inscripciones,,Inscripciones,Inscripciones,Inscripciones,Inscriptions,,,Entradas,Документы,Anfangslasten,Ingångsvikter,Entries,Ilmoittautuneet,Startvekter,Entries,Nevezés,Intrări,Entries,Նախնական,כניסות,مشاركات,Συμμετοχές,エントリー,882
Preparation,Preparation,,,Preparación,,Preparación,Preparación,Preparación,Préparation,,,Preparação,Подготовка,Vorbereitung,Förberedelser,Forberedelse,Valmistelu,Forberedelse,Preparation,Felkészülés,Pregătire,Preparation,Նախապատրատում,הכנות,التحضير,Παρασκευή,準備,883
DisplayParameters.Abbreviated,Abbreviated First Name,,,Nombre abreviado,,Nombre abreviado,Nombre abreviado,Nombre abreviado,Prénom abrégé,,,Nome Abreviado,Сокращенное имя,Abgekürzter Vorname,Förkortat förnamn,Forkortet Fornavn,Lyhennetty etunimi,Forkortet fornavn,Abbreviated First Name,Rövidített keresztnév,Prenume prescurtat,Abbreviated First Name,Կրճատ անուններ,שם פרטי מקוצה,الاسم الأول المختصر,Συντομευμένο Όνομα,名の略称,884
DisplayParameters.TeamSizeLabel,"Team Column Width (""em"" units)",,,"Ancho para el equipo (""em"")",,"Ancho para el equipo (""em"" unidades)","Ancho para el equipo (""em"")","Ancho para el equipo (""em"")","Largeur pour l'équipe (""em"")",,,"Largura da coluna da equipe (""em"")","Ширина колонки команды (единицы измерения ""em"")","Breite für die Teamspalte (""em"" units)","Team Column Width (""em"" units)","Team kolonnebredde (""em"" units)","Seurasarakkeen leveys (""em"" units)","Kolonnebredde klubb (""em""-enheter)","Team Column Width (""em"" units)","Csapat oszlop szélessége (""em"" egységek)","Lățimea coloanei echipei (""em"" units)","Team Column Width (""em"" units)",Կազմի սյունակի լայնությունը (չափման միավորներ «em»),"רוחב עמודת קבוצות (מידות ""em"")","عرض عمود الفريق (وحدات ""em"")","Πλάτος στήλης ομάδας (μονάδες ""em"")","チーム列の幅（""em""単位）",885
WeighIn_StartNumbers,Start Numbers,,,Números de inicio,,Números de inicio,Números de inicio,Números de inicio,Numéros de départ,,,Iniciar Sorteio,Взвешивание и стартовые номера,Startnummern,Startnummer,Startnumre,Punnitusnumerot,Startnummer,Start Numbers,Mérlegelés és rajtszámok,Cântărire și numere de Start,Weigh-In and Start Numbers,Կշռում և մեկնարկի համար,שקילה ומספרי התחלה,أرقام البدء,Αριθμοί έναρξης,スタート番号,886
WeighIn_SessionDocuments,Session Documents,,,Documentos de Tanda,,Documentos de Tanda,Documentos del Grupo,Documentos de Tanda,Documents de session,,,Documentos da Sessão,Документы потока,Gruppendokumente,Gruppdokument,Session Dokumenter,Ryhmän asiakirjat,Pulje-dokumenter,Session Documents,Verseny Dokumentumai ,Documentele sesiunii,Session Documents,Խմբի փաստաթղթեր,מסמכי מקצה,وثائق الجلسة,Έγγραφα συνεδρίας,セッション資料,887
WeighIn_Title,Weigh-in and Session Documents,,,Pesaje y Documentos de Tanda,,Pesaje y Documentos de Tanda,Pesaje y Documentos del Grupo,Pesaje y Documentos de Tanda,Pesée et documents de session,,,Documentos de Pesagem e Sessão,Взвешивание и документы,Wiege- und Gruppendokumente,Invägning och gruppdokument,Indvejning og Session Dokumenter,Punnitus,Innveiing og pulje-dokumenter,Weigh-in and Session Documents,Mérlegelés és verseny Dokumentumai ,Cântărire și documentele sesiunii ,Weigh-in and Session Documents,Կշռում և փաստաթղթեր,מסמכי שקילה ומקצה,الوزن ووثائق الجلسة,Έγγραφα ζύγισης και γρούπ,計量およびセッション資料,888
Athlete.WeighInTitle,Weigh-In and Declarations,,,Pesaje y Pesos de Salida,,Pesaje y Pesos de Salida,Pesaje y Pesos de Salida,Pesaje y Pesos de Salida,Pesée et déclarations,,,Pesagem e Declarações,Данные взвешивания,Körpergewicht und Meldungen ,Invägning och startvikter,Indvejning og startvægte  ,Punnitus ja aloituspainot,Innveiing og startvekter,Weigh-In and Declarations,Mérlegelés és Bemondott kezdőfogás,Cântărire și declarația de începere,Weigh-In and Declarations,Կշռման տվյալներ,הצהרות ושקילה,الوزن والإعلانات,Ζύγιση και Δηλώσεις,計量および申告書,889
Pause,Pause,,,Pausa,,Pausa,Pausa,Pausa,Pause,,,Pausa,Пауза,Pause,Paus,Pause,Tauko,Pause,Pause,Szünet,Pauză,Pauza,Պաուզա,השהה,توقف,Παύση,一時停止,890
Jury.NoInterruption,No interruption during a countdown,,,Sin interrupción durante una cuenta regresiva,,Sin interrupción durante una cuenta regresiva,Sin interrupción durante una cuenta regresiva,Sin interrupción durante una cuenta regresiva,Pas de d'interruption durant un compte à rebours,,,Sem interrupção durante uma contagem regressiva,Отсутствие прерываний во время обратного отсчета,Keine Unterbrechung während eines Countdowns,Inget avbrott under nedräkning,Ingen afbrydelse under nedtælling,Ei keskeytystä lähtölaskennan aikana,Ingen avbrudd under nedtelling,No interruption during a countdown,Nincs félbeszakítás a visszaszámlálás alatt,Nicio întrerupere în timpul unei numărătoare inversă,No interruption during a countdown,Հետհաշվարկի ժամանակ ընդհատումներ չկան,בלי הפרעה בזמן ספירה לאחור,لا انقطاع أثناء العد التنازلي,Χωρίς διακοπή κατά την αντίστροφη μέτρηση,カウントダウン中は中断なし,891
Jury.NoInterruptionDuringCountdown,The announcer or timekeeper must stop the countdown explicitly.,,,El locutor o cronometrador debe detener la cuenta regresiva explícitamente.,,El locutor o cronometrador debe detener la cuenta regresiva explícitamente.,El locutor o cronometrador debe detener la cuenta regresiva explícitamente.,El Anunciador o Cronometrista debe detener la cuenta regresiva explícitamente.,L'annonceur ou le chronométreur doit interrompre explicitement le compte à rebours.,,,O locutor ou cronometrista deve interromper explicitamente a contagem regressiva.,Ведущий секретарь или хронометрист должен явно остановить обратный отсчет.,Der Sprecher oder Zeitnehmer muss den Countdown ausdrücklich stoppen.,Endast Speaker eller Tidtagare kan stoppa nedräkningen,Speaker eller timekeeper må explicit stoppe nedtælling.,Kuuluttajan tai ajanottajan on pysäytettävä lähtölaskenta nimenomaisesti.,Speaker eller tidtakeren må stoppe nedtellingen eksplisitt.,The announcer or timekeeper must stop the countdown explicitly.,A bemondónak vagy az időmérőnek kifejezetten le kell állítania a visszaszámlálást,Crainicul sau cronometratorul trebuie să oprească în mod explicit numărătoarea inversă.,The announcer or timekeeper must stop the countdown explicitly.,Քարտուղարը կամ ժամապահը պետք է հստակ դադարեցնի հետհաշվարկը:,הכרוז או שומר הזמן חייבים להפסיק את הספירה לאחור במפורש.,يجب على المذيع أو ضابط الوقت إيقاف العد التنازلي بشكل صريح.,Ο εκφωνητής ή ο χρονομέτρης πρέπει να σταματήσει ρητά την αντίστροφη μέτρηση.,アナウンサーまたはタイムキーパーはカウントダウンを明示的に停止する必要があります,892
OK,OK,,,OK,,OK,OK,OK,OK,,,OK,OK,OK,OK,OK,OK,OK,OK,OK,OK,OK,OK,אשר,موافق,ΕΝΤΑΞΕΙ,OK,893
DisplayParameters.LiftingOrder,Lifting Order,,,Orden de llamada,,Orden de Levantamiento,Orden de Levantamiento,Orden de llamada,Ordre de passage,,,Ordem de levantamento,Порядок подъема,Reihenfolge der Hebungen,Lyftordning,Løfter rækkefølge,Nostojärjestys,Løfterekkefølge,Lifting Order,Emelési sorrend,Ordinea ridicaii,Lifting Order,Բարձրացման հերթականություն,סדר כניסות,ترتيب الرفع,Ανυψωτική εντολή,試技順,894
Records.Inserted,{0} records inserted.,,,{0} récords insertados.,,{0} récords insertados.,{0} récords insertados.,{0} récords insertados.,{0} records insérés.,,,{0} registros inseridos.,Загрузилось рекордов: {0},{0} Datensätze enigfügt,{0} records inserted.,{0} rekorder indsat.,{0} ennätyksiä lisätty,{0} rekorder satt inn.,{0} records inserted.,{0} adatok beszúrva.,{0} date introduse,{0} records inserted.,{0} բեռնված ռեկորդներ,{0} רשומות הוכנסו,{0} سجل تم إدراجه.,Έγινε εισαγωγή {0} εγγραφών.,{0} 件の記録が登録されました,895
Records.couldNotProcess,Error opening file {0},,,Error al procesar el archivo {0},,Error al procesar el archivo {0},Error al procesar el archivo {0},Error al procesar el archivo {0},Erreur à l'ouverture du fichier {0},,,Erro ao abrir arquivo {0},Ошибка при открытии файла {0},Fehler beim öffnen der Datei {0},Error opening file {0},Error opening file {0},Virhe avatessa tiedostoa {0},Feil ved åpning av fil {0},Error opening file {0},Hiba a fájl megnyitásakor {0},Eroare la deschiderea fișierului {0},Error opening file {0},{0} ֆայլի բացման սխալ,שגיעה בפתיחת קובץ {0},خطأ في فتح الملف {0},Σφάλμα κατά το άνοιγμα του αρχείου {0},ファイル {0} のオープンエラー,896
Records.exportAllRecordsTitle,Export all records,,,Exportar todos los récords,,Exportar todos los récords,Exportar todos los récords,Exportar todos los récords,Exporter tous les records,,,Exportar todos os recordes,Экспорт всех рекордов,Exportieren Sie alle Datensätze,Export all records,Exporter alle rekorder,Vie kaikki ennätykset,Eksporter alle rekorder,Export all records,Minden adat exportálása,Exportați toate înregistrările,Export all records,Բոլոր ռեկորդների արտահանում,יצוא כל השיאים,تصدير جميع السجلات,Εξαγωγή όλων των εγγραφών,全ての記録をエクスポート,897
Records.exportAllRecordsLabel,Export all records as single file,,,Exportar todos los récords en un solo archivo,,Exportar todos los récords en un solo archivo,Exportar todos los récords en un solo archivo,Exportar todos los récords en un solo archivo,Exporter tous les records en un seul fichier,,,Exporte todos os recordes como arquivo único,Экспортируйте все рекорды в виде одного файла,Exportieren Sie alle Datensätze als einzelne Datei,Export all records as single file,Exporter alle rekorder som enkelt fil,Vie kaikki ennätykset yhtenä tiedostona,Eksporter alle rekorder som enkeltfil,Export all records as single file,Az összes adat exportálása egyetlen fájlként,Exportați toate înregistrările ca un singur fișier,Export all records as single file,Արտահանել բոլոր ռեկորդները որպես մեկ ֆայլ,יצוא כל השיאים כקובץ אחד,تصدير جميع السجلات كملف واحد,Εξαγωγή όλων των εγγραφών ως μεμονωμένο αρχείο,全ての記録を1つのファイルでエクスポート,898
Records.manageNewRecords,Export Records,,,"Exportar récords
",,"Exportar récords
","Exportar récords
","Exportar récords
",Exporter les records,,,Exportar os recordes,Экспортировать рекорды,Rekorde exportieren,Exportera rekord,Eksportér rekorder,Vie Ennätyksiä,Eksporter rekorder,Export Records,Rekordok exportálása,Exportați recordurile,Manage New Records,Արտահանել ռեկորդներ,יצוא השיאים,تصدير السجلات,Εξαγωγή εγγραφών,記録をエクスポート,899
Config.stylesTitle,Visual Styling,,,Estilo de visualización,,Estilo de visualización,Estilo Visual,Estilo de visualización,Style visuel,,,Estilo Visual,Визуальный стиль,Visuelles Styling,Visual Styling,Visual Styling,Visuaalinen tyyli,Visuell styling,Visual Styling,Vizuális stílus,Stilul vizual,Visual Styling,Վիզուալ ոճ,הגדרת סגנון,التصميم المرئي,Visual Styling,見た目のスタイル設定,900
StartCountdown,Start Timer,,,Iniciar el Reloj,,Iniciar cronómetro,Iniciar temporizador,Iniciar Reloj,Démarrer le chronomètre,,,Iniciar Pausa Temporizador,Запустить таймер,Starte den Pausen Countdown Timer,Starta pausen,Start Pause,Käynnistä kello,Start timer,Start Timer,Indítsa el a Szünet Visszaszámlálót,Porniți cronometrul de întrerupere,Start Break Countdown Timer,Սկսել հետհաշվարկը,שעון ספירה לאחור של הפסקת התחלה,بدء المؤقت,Έναρξη χρονοδιακόπτη,タイマー開始,901
EndBreak,End Break,,,Fin del Descanso,,Fin del Descanso,Descanso Final,Fin del Descanso,Fin de la pause.,,,Fim da Pausa,Завершить паузу,Unterbrechung Ende,Avsluta pausen,Afslut pause,Päätä tauko,Slutt pause,End Break,Szünet vége,Încheierea pauzei,End Break,Ավարտել դադարը,סיום הפסקה,إنهاء الاستراحة,End Break,休憩終了,902
StopCompetition,Stop Competition,,,Detener la Competencia,,Parar Competición,Parar Competencia,Detener la Competencia,Arrêter la compétition,,,Parar a Competição,Остановить соревнования,Stoppe den Wettkampf,Stoppa tävlingen,Stop konkurrencen,Kilpailus Seis,Stopp konkurranse,Stop Competition,Állítsa le a versenyt,Opriți competiția,Stop Competition,Կանգնեցնել մրցումները,עצור תחרות,إيقاف المنافسة,Σταματήστε τον ανταγωνισμό,競技停止,903
ResumeCompetition,Resume Competition,,,Reanudar la competencia,,Reanudar Competición,Reanudar Competición,Reanudar la competencia,Redémarrer la compétition,,,Retomar a Competição,Продолжить соревнования,Wettkampf fortsetzen,Återuppta tävling,Genoptag konkurrence,Palaa kilpailuun,Gjenoppta konkurransen,Resume Competition,Verseny folytatása,Reluați competiția,Resume Competition,Շարունակել մրցումները,חדש את התחרות,استئناف المنافسة,Βιογραφικό Διαγωνισμό,競技再開,904
CountdownType.Title,Break Countdown,,,Cuenta regresiva de descanso,,Cuenta regresiva de descanso,Cuenta regresiva de descanso,Cuenta regresiva de descanso,Décompte de pause,,,Tipo de Contagem Regressiva,Тип таймера,Countdown Typ,Nedräckningstyp,Nedtællingstype,Tauon kesto,Nedtelling av pause,Break Countdown,Visszaszámlálás típusa,Tip de numărătoare inversă,Countdown Type,Ժամաչափի տեսակը,סוג ספירה לאחור,عد تنازلي للاستراحة,Διάλειμμα αντίστροφη μέτρηση,休憩カウントダウン,905
InterruptionType.Title,Interruption,,,Interrupción,,Interrupción,Interrupción,Interrupción,Interruption,,,Interrupção,Прерывание,Unterbrechung,Avbrott,Afbrydelse,Keskeytys,Avbrudd,Interruption,Félbeszakítás,Întrerupere,Interruption,Ընդհատում,הפרעה,انقطاع,Διακοπή,中断,906
Wait.Text,Wait until break is explicitly terminated.,,,Espere hasta que la interrupción finalice explícitamente.,,Espere hasta que la interrupción finalice explícitamente.,Espere hasta que la interrupción finalice explícitamente.,Espere hasta que la interrupción finalice explícitamente.,Attendre que la pause soit terminée explicitement.,,,Aguarde até que o intervalo seja encerrado.,"Подождите, пока перерыв не будет явно завершен.",Warte bis die Pause explizit beendet wird.,Wait until break is explicitly terminated.,Vent indtil pausen explicit stoppes.,"Odota, kunnes tauko on nimenomaisesti päättynyt.",Vent til pausen er avsluttet.,Wait until break is explicitly terminated.,"Várja meg, amíg a szünet kifejezetten megszűnik.",Așteptați până când pauza este încheiată în mod explicit.,Wait until break is explicitly terminated.,"Սպասեք, մինչև ընդմիջումը հստակ ավարտվի:",המתן עד שההפסקה תסתיים במפורש.,انتظر حتى تنتهي الاستراحة صراحة.,Περιμένετε μέχρι να τερματιστεί ρητά το διάλειμμα.,ブレークが明示的に終了するまで待機します,907
CountdownType.TARGET,End at specified time,,,Fin a la hora indicada,,Fin a la hora indicada,Fin a la hora indicada,Fin a la hora indicada,Fin à une heure spécifique,,,Termina em horário específico,Закончится в указанное время,Ende zur angegebenen Zeit,Slut på angiven tid,Slut på angivet tidspunkt,Päätä tiettyyn aikaan,Slutt til angitt tid,End at specified time,Vége a megadott időpontban,Se încheie la ora specificată,End at specified time,Ավարտել նշված ժամին,התחל ב,انتهاء في الوقت المحدد,Λήξη σε καθορισμένη ώρα,指定時刻で終了,908
Result.Change,Change,,,Cambio,,Cambio,Cambio,Cambio,Changement,,,Mudança,Перезаявка,Steigerung,Ändring,Ændring,Muutos,Endre,Change,Változtatás,Schimbarea,Zmiana,Փոփոխում,שנה,تغيير,Αλλαγή,変更,909
BreakType.Title,Break Type,,,Tipo de Pausa,,Tipo de Pausa,Tipo de Pausa,Tipo de Pausa,Type de pause,,,Tipo de Pausa,Тип паузы,Art der Pause,Paustyp,Pause Type,Tauon tyyppi,Type pause,Break Type,Szünet típus,Tip de Pauză,Rodzaj przerwy,Դադարի տեսակ,סוג הפסקה,نوع الاستراحة,Τύπος διακοπής,休憩の種類,910
BreakType.Label_FIRST_CJ,Before Clean & Jerk,,,Antes del Envión,,Antes del Dos Tiempos,Antes Envión,Antes del Envión,Décompte avant l'épaulé-jeté,,,Antes do Arremesso,До толчка,Vor dem Stossen,Innan Stöt,Før Stød,Ennen työntönostoja,Før støt,Before Clean & Jerk,Lökés előtti szünet,Pauză înainte de aruncat,Przed podrzutem,Մինչև հրում,לפני דחיקה,قبل النتر,Πριν από το Clean & Jerk,クリーン＆ジャーク前,911
BreakType.Label_BEFORE_INTRODUCTION,Before Introduction,,,Antes de la Presentación,,Antes de la Presentación,Antes Introduccion,Antes de la Presentación,Décompte avant la présentation,,,Antes da Apresentação,До представления,Vor der Vorstellung,Innan presentation,Før præsentation,Ennen esittelyä,Før defilering,Before Introduction,Bemutatás előtti idő,Pauză înainte de prezentare,Przed prezentacją,Մինչև ներկայացում,לפני הצגה,قبل التقديم,Πριν από την εισαγωγή,選手紹介前,912
BreakType.Label_FIRST_SNATCH,Before Snatch,,,Antes del Arranque,,Antes de la Arrancada,Antes Arranque,Antes del Arranque,Décompte avant l'arraché,,,Antes do Arranco,До рывка,Vor dem Reissen,Innan Ryck,Før Træk,Ennen tempausnostoja,Før rykk,Before Snatch,Szakítás előtti idő,Pauză înainte de smuls,Przed rwaniem,Մինչև պոկում,לפני הנפה,قبل الخطف,Πριν από το Snatch,スナッチ前,913
BreakType.Label_CEREMONY,Ceremony,,,Premiación,,Entrega de premios,Premiación,Premiación,Cérémonie,,,Cerimônia,Время до церемонии,Zeremonie,Ceremoni,Ceremoni,Seremonia,Seremoni,Ceremony,Ceremónia előtti idő,Timp înainte de ceremonie,Ceremonia,Արարողություն,טקס,احتفال,Τελετή,表彰式,914
BreakType.CEREMONY,Ceremony,,,Premiación,,Entrega de premios,Premiación,Premiación,Cérémonie,,,Cerimônia,Время до церемонии,Zeremonie,Ceremoni,Ceremoni,Seremonia,Seremoni,Ceremony,Ceremónia előtti idő,Timp înainte de ceremonie,Ceremonia,Արարողություն,טקס,احتفال,Τελετή,表彰式,915
BreakManagement.InterruptionsAndJury,Interruptions & Jury,,,Interrupciones y jurado.,,Interrupciones y jurado.,Interrupciones y jurado.,Interrupciones y jurado.,Interruptions et jury,,,Interrupções e Júri,Перерывы и жюри,Unterbrechungen & Jury,Avbrott & Jury,Afbrydelser & Jury,Keskeytyksen ja Jury,Avbrudd & Jury,Interruptions & Jury,Megszakítások & zsűri,Întreruperi & juriu,Przerwy i jury,Ընդմիջում և Ժյուրի,הפרעות ודיוני שופטים,انقطاعات وهيئة تحكيمية,Διακοπές & Κριτική Επιτροπή,中断とジュリー,916
BreakManagement.BreaksAndCeremonies,Breaks & Ceremonies,,,Descansos y Ceremonias,,Descansos y Ceremonias,Descansos y Ceremonias,Descansos y Ceremonias,Pauses et cérémonies,,,Pausas e Cerimônias,Перерывы и церемонии,Pausen & Zeremonien,Breaks & Ceremonies,Pauser & Ceremonier,Tauot ja serenomia,Pauser og seremonier,Breaks & Ceremonies,Szünetek & ceremóniák,Pauze & ceremonii,Przerwy i ceremonie,Ընդմիջում և արարողություններ,הפסקות וטקסים,استراحات واحتفالات,Διαλείμματα & Τελετές,休憩と表彰式,917
BreakManagement.countdownActiveError,A break is under way. Stopping the competition requires ending the break first.,,,Se está produciendo un descanso. Para detener la competición es necesario acabar primero con la pausa.,,Se está produciendo un descanso. Para detener la competición es necesario acabar primero con la pausa.,Se está produciendo un descanso. Para detener la competición es necesario acabar primero con la pausa.,Se está produciendo un descanso. Para detener la competencia es necesario acabar primero con la pausa.,Une pause est en cours. La terminer avant d'interrompre la compétition.,,,Uma pausa está em andamento. Para interromper a competição é necessário primeiro encerrar a pausa.,Сейчас идет перерыв. Остановка соревнования требует сначала окончания перерыва,"Eine Pause ist im Gange. Um den Wettkampf zu beenden, muss zuerst die Pause beendet werden.",Tävlingen är pausad. Pausen måste stoppas innan tävlingen kan stoppas.,Stævnet er under pause. Pausen skal afbrydes inden stævnet kan stoppes.,Tauko on meneillään. Kilpailun keskeyttäminen edellyttää tauon lopettamista ensin.,En pause er i gang. Å stoppe konkurransen krever at pausen avsluttes først.,A break is under way. Stopping the competition requires ending the break first.,Szünet van folyamatban. A verseny leállításához először be kell fejezni a szünetet.,Pauza este în curs. Oprirea competiției necesită încheierea mai întâi a pauzei.,Trwa przerwa. Zatrzymanie zawodów wymaga wcześniejszego zakończenia przerwy.,Հիմա ընդմիջում կա: Մրցույթի դադարեցումը նախ պահանջում է ընդմիջման ավարտը,הפסקה בעיצומה. הפסקת התחרות מחייבת לסיים את ההפסקה תחילה.,استراحة جارية. إيقاف المنافسة يتطلب إنهاء الاستراحة أولاً.,Ένα διάλειμμα βρίσκεται σε εξέλιξη. Η διακοπή του ανταγωνισμού απαιτεί να τελειώσει πρώτα το διάλειμμα.,休憩中です。競技を中止するには、まず休憩を終わらせる必要があります,918
BreakManagement.interruptionActiveError,Competition is stopped. Resume the competition before starting a break.,,,Se detiene la competencia. Reanudar la competición antes de iniciar un descanso.,,Se detiene la competencia. Reanudar la competición antes de iniciar un descanso.,Se detiene la competencia. Reanudar la competición antes de iniciar un descanso.,Se detiene la competencia. Reanudar la competencia antes de iniciar un descanso.,La compétition est interrompue.  La redémarrer avant de lancer une pause.,,,A competição está parada. Retome a competição antes de iniciar um intervalo.,Соревнование прекращено. Возобновите соревнование перед началом перерыва,"Der Wettkampf ist gestoppt. Setze den Wettkampf fort, bevor Du eine Pause einlegst.",Tävlingen är stoppad. Sätt igång tävlingen för att kunna starta en paus.,Stævnet er stoppet. Stævnet skal genoptages for at kunne starte en pause.,Kilpailu on keskeytetty. Jatka kilpailua ennen tauon aloittamista.,Konkurransen er stoppet. Gjenoppta konkurransen før du starter en pause.,Competition is stopped. Resume the competition before starting a break.,A verseny leállítva. A szünet megkezdése előtt folytassa a versenyt.,Competiția este oprită. Reluați competiția înainte de a începe o pauză.,Zawody zostały wstrzymane. Wznów rywalizację przed rozpoczęciem przerwy.,Մրցույթը դադարեցվել է։ Վերսկսեք մրցույթը մինչև ընդմիջման սկիզբը,התחרות נעצרת. המשך את התחרות לפני תחילת הפסקה.,المنافسة متوقفة. استأنف المنافسة قبل بدء استراحة.,Ο ανταγωνισμός διακόπτεται. Συνεχίστε τον διαγωνισμό πριν ξεκινήσετε ένα διάλειμμα.,競技は中止されました。休憩に入る前に競技を再開してください,919
BreakManagement.needCountdownSelection,Select the type of break,,,Seleccione el tipo de descanso,,Seleccione el tipo de descanso,Seleccione el tipo de descanso,Seleccione el tipo de descanso,Choisir le type de pause,,,Selecione o tipo de pausa,Выберите тип перерыва,Wähle die Art der Pause aus,Välj paustyp,Vælg pause type,Valitse tauon tyyppi,Velg type pause,Select the type of break,Válassza ki a szünet típusát,Selectați tipul de pauză,Wybierz rodzaj przerwy,Ընտրեք ընդմիջման տեսակը,בחר את סוג ההפסקה,اختر نوع الاستراحة,Επιλέξτε τον τύπο του διαλείμματος,休憩の種類を選択してください,920
BreakManagement.needInterruptionSelection,Select the cause of the interruption,,,Seleccione la causa de la interrupción,,Seleccione la causa de la interrupción,Seleccione la causa de la interrupción,Seleccione la causa de la interrupción,Choisir la raison de l'interruption,,,Selecione a causa da interrupção,Выберите причину прерывания,Wähle den Grund für die Unterbrechung aus,Välj orsak till avbrottet.,Vælg årsag til afbrydelse,Valitse keskeytyksen syy,Velg årsaken til avbruddet,Select the cause of the interruption,Válassza ki a megszakítás okát,Selectați cauza întreruperii,Wybierz przyczynę przerwy,Ընտրեք ընդմիջման պատճառը,בחר את סיבת ההפרעה,اختر سبب الانقطاع,Επιλέξτε την αιτία της διακοπής,中断の原因を選択してください,921
Change,Change,,,Cambio,,Cambio,Cambio,Cambio,Changement,,,Mudança,Перезаявка,Steigerung,Ändring,ændring,Muutos,Endre,Change,Változtatás,Schimbarea,Zmiana,Փոփոխությունը,שנה,تغيير,Αλλαγή,変更,922
Processing,This dialog will close automatically once the document is created.,,,Este diálogo se cerrará automáticamente una vez creado el documento.,,Este diálogo se cerrará automáticamente una vez creado el documento.,Este diálogo se cerrará automáticamente una vez creado el documento.,Este diálogo se cerrará automáticamente una vez creado el documento.,Ce dialogue se fermera lorsque le document sera disponible.,,,Esta caixa de diálogo será fechada automaticamente assim que o documento for criado.,Это диалоговое окно автоматически закроется после создания документа,"Dieser Dialog wird automatisch geschlossen, sobald das Dokument erstellt wurde.",This dialog will close automatically once the document is created.,Denne dialog lukkes automatisk så snart dokumentet er oprettet.,"Tämä valintaikkuna sulkeutuu automaattisesti, kun asiakirja on luotu.",Denne dialogboksen lukkes automatisk når dokumentet er opprettet.,This dialog will close automatically once the document is created.,Ez a párbeszédablak automatikusan bezárul a dokumentum létrehozása után.,Acest dialog se va închide automat odată ce documentul este creat.,To okno dialogowe zamknie się automatycznie po utworzeniu dokumentu.,Այս երկխոսության պատուհանն ավտոմատ կփակվի փաստաթուղթը ստեղծելուց հետո,תיבת שיח זו תיסגר אוטומטית לאחר יצירת המסמך.,سيُغلق هذا الحوار تلقائياً بمجرد إنشاء المستند.,Αυτό το παράθυρο διαλόγου θα κλείσει αυτόματα μόλις δημιουργηθεί το έγγραφο.,ドキュメントが作成されると、このダイアログは自動的に閉じます,923
LongProcessing,\u26a0 This document can take a little while to be created depending on the number of athletes. This dialog will close when done.,,,"\u26a0 El documento puede tardar mientras se crea, dependiendo del número de atletas. Este diálogo se cerrará cuando esté listo.",,"\u26a0 El documento puede tardar mientras se crea, dependiendo del número de atletas. Este diálogo se cerrará cuando esté listo.",\u26a0 Este documento puede tardar un poco en crearse dependiendo del numero de atletas. Este cuadro de dialogo se cerrara cuando termine.,"\u26a0 El documento puede tardar mientras se crea, dependiendo del número de atletas. Este diálogo se cerrará cuando esté listo.",\u26a0 Ce document peut être plus long à produire selon le nombre d'athlètes.  Ce dialogue se fermera lorsqu'il aura été produit.,,,\u26a0 Este documento pode demorar um pouco para ser criado dependendo do número de atletas. Esta caixa de diálogo será fechada quando terminar.,"\u26a0 Создание этого документа может занять некоторое время, в зависимости от количества спортсменов. Это диалоговое окно закроется, когда вы закончите","\u26a0 Die Erstellung dieses Dokuments kann je nach Anzahl der Athleten eine Weile dauern. Dieser Dialog wird geschlossen, wenn sie fertig sind.",\u26a0 This document can take a little while to be created depending on the number of athletes. This dialog will close when done.,\u26a0 Det kan tage et stykke tid at oprette dette dokument afhængigt af antallet af atleter. Dialogen lukkes når det processen er færdig.,"\u26a0 Tämän asiakirjan luominen voi kestää hetken nostajien lukumäärästä riippuen. Tämä valintaikkuna sulkeutuu, kun se on valmis.","\u26a0 Dette dokumentet kan ta litt tid å lage, avhengig av antall utøvere. Denne dialogboksen lukkes når du er ferdig.",\u26a0 This document can take a little while to be created depending on the number of athletes. This dialog will close when done.,"\u26a0 Ennek a dokumentumnak a létrehozása a sportolók számától függően eltarthat egy ideig. Ez a párbeszédpanel bezárul, ha kész.","\u26a0 Acest document poate dura pentru a fi creat, în funcție de numărul de sportivi. Acest dialog se va închide când ați terminat.","\u26a0 Utworzenie tego dokumentu może zająć trochę czasu, w zależności od liczby sportowców. Po zakończeniu to okno dialogowe zostanie zamknięte.","\u26a0 Այս փաստաթղթի ստեղծումը կարող է որոշ ժամանակ տևել՝ կախված մարզիկների թվից: Այս երկխոսության պատուհանը կփակվի, երբ ավարտեք:",\u26a0 יצירת מסמך זה עשויה להימשך זמן מה בהתאם למספר הספורטאים. תיבת דו-שיח זו תיסגר בסיום.,\u26a0 قد يستغرق إنشاء هذا المستند وقتاً قليلاً حسب عدد الرياضيين. سيُغلق هذا الحوار عند الانتهاء.,\u26a0 Αυτό το έγγραφο μπορεί να χρειαστεί λίγο χρόνο για να δημιουργηθεί ανάλογα με τον αριθμό των αθλητών. Αυτό το παράθυρο διαλόγου θα κλείσει όταν ολοκληρωθεί.,\u26a0 このドキュメントは選手数によって作成に時間がかかる場合があります。作成が完了するとこのダイアログは閉じます,924
WarmupScoreboards,Warmup Scoreboards,,,Marcadores para entrenadores,,Marcadores para entrenadores,Marcadores para entrenadores,Marcadores para entrenadores,Tableaux pour entraîneurs,,,Placar de Aquecimento,Табло для разминки,Aufwärm-Anzeigetafeln,Scoreboards till uppvärmningen,Scoreboards til opvarmning,Lämmittelyalueen tulostaulu,Resultatskjermer for oppvarmingsrom,Warmup Scoreboards,Bemelegítő helyiség eredménykijelző,Tablouri de bord la incalzire,Tablica podejść na rozgrzewce,Նախավարժանքի աղյուսակ,לוחות תוצאות לחימום,لوحات نتائج الإحماء,Πίνακες αποτελεσμάτων προθέρμανσης,ウォームアップ用スコアボード,925
WarmupScoreboards.explanation,These scoreboards are meant for counting attempts in the warmup area.  They do not change during ceremonies.,,,Estos marcadores están destinados a contar los intentos en la zona de calentamiento. No cambian durante las ceremonias.,,Estos marcadores están destinados a contar los intentos en la zona de calentamiento. No cambian durante las ceremonias.,Estos marcadores están destinados a contar los intentos en la zona de calentamiento. No cambian durante las ceremonias.,Estos marcadores están destinados a contar los intentos en la zona de calentamiento. No cambian durante las ceremonias.,Ces tableaux permettent de compter les essais dans la zone de réchauffement.  Ils ne changent pas durant les cérémonies.,,,Esses placares servem para contar tentativas na área de aquecimento. Eles não mudam durante as cerimônias.,Эти табло предназначены для подсчета попыток в зоне разминки.  Они не меняются во время церемоний.,Diese Anzeigetafeln dienen der Zählung der Versuche im Aufwärmbereich. Sie ändern sich während der Zeremonien nicht.,These scoreboards are meant for to count attempts in the warmup area.  They do not change during ceremonies.,Disse scoreboards er beregnet til opvarmningen. De ændrer sig ikke under præmieoverækkelse.,Nämä tulostaulut on tarkoitettu lämmittelyalueen yritysten laskemiseen. Ne eivät muutu seremonioiden aikana.,Disse resultatskjermene er ment for å telle forsøk i oppvarmingsområdet.  De endres ikke under seremonier.,These scoreboards are meant for counting attempts in the warmup area.  They do not change during ceremonies.,Ezek az eredménykijelzők a bemelegítési területen végzett kísérletek számlálására szolgálnak. Nem változnak a ceremóniák során.,Aceste tablouri de bord sunt menite pentru a număra încercările în zona de încălzire. Ele nu se schimbă în timpul ceremoniilor.,Te tablice wyników służą do liczenia podejść narozgrzewce. Nie zmieniają się podczas ceremonii.,Այս աղյուսակները նախատեսված են հաշվելու փորձերը նախավարժանքի տարածքում: Արարողությունների ժամանակ դրանք չեն փոխվում։,לוחות התוצאות הללו מיועדים לספירת ניסיונות באזור החימום. הם לא משתנים במהלך טקסים.,هذه اللوحات مخصصة لعد المحاولات في منطقة الإحماء. لا تتغير أثناء الاحتفالات.,Αυτοί οι πίνακες αποτελεσμάτων προορίζονται για την καταμέτρηση προσπαθειών στην περιοχή προθέρμανσης.  Δεν αλλάζουν κατά τη διάρκεια των τελετών.,これらのスコアボードはウォーミングアップエリアでの試技数をカウントするためのもので、セレモニー中は変化しません,926
PublicScoreboards,Public Scoreboards,,,Marcadores públicos,,Marcadores públicos,Marcadores públicos,Marcadores públicos,Tableaux publics,,,Placar Públicos,Публичное табло,Öffentliche Anzeigetafeln,Scoreboards till publiken,Scoreboards til publikum,Yleisölle nähtäville tarkoitetut tulokset,Resultatskjermer for publikum,Public Scoreboards,Közönség eredménykijelzők,Tablouri de bord publice,Publikowane tablice wyników,Հանրային աղյուսակ,לוח תוצאות ציבורי,لوحات النتائج العامة,Δημόσιοι πίνακες αποτελεσμάτων,観客用スコアボード,927
PublicScoreboards.explanation,These scoreboards switch during ceremonies and are meant for the main room.,,,Estos marcadores cambian durante las ceremonias y están destinados al público.,,Estos marcadores cambian durante las ceremonias y están destinados al público.,Estos marcadores cambian durante las ceremonias y están destinados al público.,Estos marcadores cambian durante las ceremonias y están destinados al público.,Ces tableaux changent durant les cérémonies et sont destinés au public.,,,Esses placares mudam durante as cerimônias e são destinados à sala principal.,Это табло переключается во время церемоний и предназначено для главного зала.,Diese Anzeigetafeln wechseln während der Zeremonien und sind für den Hauptraum gedacht.,Dessa scoreboards ändras under ceremonier och är till för tävlingshallen.,"Disse scoreboards skifter under ceremonier, og er beregnet til konkurrencelokalet.",Nämä tulostaulut vaihtuvat seremonioiden aikana ja ne on tarkoitettu kilpailualueelle.,Disse resultatskjermene skifter under seremonier og er ment for publikumsområde.,These scoreboards switch during ceremonies and are meant for the main room.,"Ezek az eredményjelzők táblák a ceremóniák alatt váltanak, és a főterembe készültek.",Aceste tablouri de bord se schimbă în timpul ceremoniilor și sunt destinate sălii principale.,Te tablice wyników zmieniają się podczas ceremonii i są przeznaczone do głównego miejsca zawodów.,Այս աղյուսակը միացվում է արարողությունների ժամանակ և նախատեսված է գլխավոր դահլիճի համար։,לוחות התוצאות הללו משתנים בזמן טקסים ומיועדים לחדר הראשי,هذه اللوحات تتغير أثناء الاحتفالات وهي مخصصة للقاعة الرئيسية.,Αυτοί οι πίνακες αποτελεσμάτων αλλάζουν κατά τη διάρκεια των τελετών και προορίζονται για την κύρια αίθουσα.,これらのスコアボードは式典中に切り替わり、メインルーム用です,928
JuryNotification.CALL_REFEREES,Jury discussion with referee(s).,,,Discusión del jurado con los jueces,,Discusión del jurado con los jueces,Discusión del jurado con los jueces,Discusión del jurado con los jueces,Jury discussion with referee(s).,,,Discussão do júri com árbitros.,Судьи на помосте вызываются к столу жюри,Diskussion der Jury mit dem/den Kampfrichter(n).,Domarna kallas till Jurybordet.,Dommerne kaldt til Juryen,Jury keskustelee tuomareiden kanssa,Jurydiskusjon med dommer(e).,Jury discussion with referee(s).,Zsűri megbeszélése játékvezetőkel.,Discuția juriului cu arbitrii.,Jury discussion with referee(s).,Ժյուրիի սեղան հրավիրվում են մրցավարները,השופטים נקראים לשולחן ועדת השופטים,مناقشة الهيئة التحكيمية مع الحكام.,Συζήτηση της κριτικής επιτροπής με διαιτητή(ους).,ジュリーと審判員の協議中,929
CompetitionBook.MQ,Men's Q-points,,,Q-points Hombres,,Q-points Masculino,Q-points Masculino,Q-points Varones,Hommes Q-points,,,Q-points Masculino,"Q-points, мужчины",männlich Q-points,Herrar Q-points,Q-points Mænd,Miesten Q-pisteet,Q-poeng for menn,Men's Q-points,Férfi Qpontok,Q-points pentru bărbați,Mężczyźni Q-pkt,"Սինկլեր, Տղաներ",Q-points גברים,نقاط Q للرجال,Πόντοι Q ανδρών,男子Qポイント,930
CompetitionBook.WQ,Women's Q-points,,,Q-points Mujeres,,Q-points Femenino,Q-points Femenino,Q-points Damas,Femmes Q-points,,,Q-points Feminino,"Q-points, женщины",weiblich Q-points,Damer Q-points,Q-points Kvinder,Naisten Q-pisteet,Q-poeng for kvinner,Women's Q-points,Női Qpontok,Q-points pentru femei,Kobiet Q-pkt,"Ռոբի, Աղջիկներ",Q-points נשים,نقاط Q للنساء,Πόντοι Q γυναικών,女子Qポイント,931
Qpoints,Q-points,,,Q-points,,Q-points,Q-points,Q-points,Q-points,,,Q-points,Q-points,Q-points,Q-points,Q-points,Q-pisteet,Q-poeng,Q-points,Qpontok,Q-points,Q-pkt,Q-points,Q-points,نقاط Q,Q-points,Qポイント,932
Results.Qpoints,Q-points,,,Q-points,,Q-points,Q-points,Q-points,Q-points,,,Q-points,Q-points,Q-points,Q-points,Q-points,Q-pisteet,Q-poeng,Q-points,Qpontok,Q-points,Q-pkt,Q-points,Q-points,نقاط Q,Q-points,Qポイント,933
Config.stylesLabel,"Directory under ""local/css"" for scoreboard styles (""nogrid by default"")",,,"Directorio en ""local/css"" para estilos de marcador (""nogrid por defecto"")",,"Directorio en ""local/css"" para estilos de marcador (""nogrid por defecto"")","Directorio en ""local/css"" para estilos de marcador (""nogrid por defecto"")","Directorio en ""local/css"" para estilos de marcador (""nogrid por defecto"")","Répertoire sous ""local/css"" avec les fichiers css pour les tableaux (""nogrid"" par défaut)",,,"Diretório em ""local/css"" que contém arquivos css (o padrão é ""nogrid"")","Каталог в разделе ""local/css"", содержащий css-файлы (по умолчанию - ""nogrid"")","Verzeichnis unter „local“, das CSS-Dateien enthält (Standard ist „nogrid“)","Directory under ""local/css"" that contains css files (default is ""nogrid"")","Folder under ""local/css"" der indeholder css filer (default er ""nogrid"")","Hakemisto ""local/css"" alla tulostaulun tyylit (""nogrid oletuksena"")","Katalog under ""local/css"" for resultatskjermstiler (""nogrid som standard"")","Directory under ""local/css"" for scoreboard styles (""nogrid by default"")","A ""local/css"" alatti könyvtár, amely css fájlokat tartalmaz (alapértelmezett a ""nogrid"")",Director sub „local” care conține fișiere CSS (implicit este „nogrid”),"Directory under ""local/css"" that contains css files (default is ""nogrid"")","«local/css»-ի տակ գտնվող կատալոգը, որը պարունակում է css ֆայլեր (ավտոմատ «nogrid» է)","התיקיה תחת ""local/css"" מיועדת להגדרת סגנון לוח תוצאות (""ללא רשת כברירת מחדל"")","دليل تحت ""local/css"" لأنماط لوحة النتائج (""nogrid افتراضياً"")","Κατάλογος κάτω από το ""local/css"" για στυλ πίνακα αποτελεσμάτων (""nogrid από προεπιλογή"")","スコアボードスタイル用のディレクトリ（""local/css"" 配下、デフォルトは ""nogrid""）",934
ChallengeCard,Challenge Card,,,Tarjeta de Apelación,,Tarjeta de Impugnación,Tarjeta de Apelación,Tarjeta de Apelación,Appel de décision,,,Cartão de desafio,Карточка оспаривания,Herausforderungskarte,Challenge Card,Challenge Card,Haaste kortti,Utfordringskort,Challenge Card,Óvás kártya,Card reclamaţie,Challenge Card,Բողոքարկման քարտ,כרטיס ערעור,بطاقة تحدي,Κάρτα πρόκλησης,チャレンジカード,935
ChallengeCard.SessionPattern,Session {0},,,Tanda {0},,Tanda {0},Tanda {0},Tanda {0},Plateau {0},Session {0},,Sessão {0},Поток {0} ,Gruppe {0},Grupp {0} ,Gruppe {0},Ryhmä {0},pulje {0},Session {0},Verseny {0} ,Sesiune {0} ,Grupa {0},Խումբ {0},מקצה {0},جلسة {0},Συνεδρία {0},セッション {0},936
CheckVersion.running,You are running version {0}.,,,Estás utilizando la versión {0}.,,Estás utilizando la versión {0}.,Estás utilizando la versión {0}.,Estás utilizando la versión {0}.,Vous exécutez la version {0}.,,,Você está executando a versão {0}.,Вы используете версию {0}.,Du führst diese Version aus {0}.,Du använder version {0}.,Du anvender version {0}.,Käytössäsi on versio {0}.,Du kjører versjon {0}.,You are running version {0}.,{0}. Verziót futtatod.,Rulați versiunea {0}.,You are running version {0}.,Դուք օգտագործում եք {0} տարբերակը,גירסה נוכחית {0}.,تستخدم الإصدار {0}.,Εκτελείτε την έκδοση {0}.,現在のバージョンは {0} です,937
CheckVersion.referenceStable,The current stable version is {0}.,,,La versión actual estable es {0}.,,La versión actual estable es {0}.,La versión actual estable es {0}.,La versión actual estable es {0}.,La version stable courante est {0}.,,,A versão estável atual é {0}.,Текущая стабильная версия - это {0}.,Die aktuelle stabile Version ist {0}.,Nuvarande stabila version är {0}.,Nuværende stabile version er {0}.,Nykyinen vakaa versio on {0}.,Den nåværende stabile versjonen er {0}.,The current stable version is {0}.,A jelenlegi stabil verzió {0}.,Versiunea stabilă actuală este {0}.,The current stable version is {0}.,Ներկայիս կայուն տարբերակը {0} է:,גירסה יציבה אחרונה היא {0}.,الإصدار المستقر الحالي هو {0}.,Η τρέχουσα σταθερή έκδοση είναι {0}.,現在の安定版は {0} です,938
CheckVersion.referencePrerelease,The current prerelease version is {0}.,,,La versión preliminar actual es {0}.,,La versión preliminar actual es {0}.,La versión preliminar actual es {0}.,La versión preliminar actual es {0}.,La version préliminaire courante est {0},,,A versão de pré-lançamento atual é {0}.,Текущая предварительная версия является {0}.,Die aktuelle Vorabversion ist {0}.,Nuvarande prerelease version är {0}.,Nuværende prerelease version er {0}.,Nykyinen esijulkaisuversio on {0}.,Den nåværende forhåndsversjonen er {0}.,The current prerelease version is {0}.,A jelenlegi előzetes verzió {0}.,Versiunea actuală de prelansare este {0}.,The current prerelease version is {0}.,Ներկայիս նախնական տարբերակը {0} է:,גירסה ניסיונית אחרונה היא {0}.,إصدار ما قبل الإطلاق الحالي هو {0}.,Η τρέχουσα έκδοση προέκδοσης είναι {0}.,現在のプレリリース版は {0} です,939
CheckVersion.ahead,You are ahead of the current version.,,,Estás por delante de la versión actual.,,Estás por delante de la versión actual.,Estás por delante de la versión actual.,Estás por delante de la versión actual.,Vous êtes en avance sur la version courante.,,,Você está à frente da versão atual.,Вы опережаете текущую версию.,Du bist der aktuellen Version voraus.,You are ahead of the current version.,Du er forud for nuværende stabile version.,Olet nykyisen version edellä.,Du er foran den gjeldende versjonen.,You are ahead of the current version.,Előre jársz a jelenlegi verzióval.,Sunteți înaintea versiunii actuale.,You are ahead of the current version.,Դուք առաջ եք ընթացիկ տարբերակից:,גירסה ריצה מקדימה את הגירסה הנוכחית,أنت متقدم على الإصدار الحالي.,Είστε μπροστά από την τρέχουσα έκδοση.,あなたのバージョンは最新を超えています,940
CheckVersion.ok,You are running the current version.,,,Estás ejecutando la versión actual.,,Estás ejecutando la versión actual.,Estás ejecutando la versión actual.,Estás ejecutando la versión actual.,Vous avez la version courante.,,,Você está executando a versão atual.,Вы используете последнюю версию программы.,Du verwendest die aktuelle Version.,Du använder nuvarande version.,Du anvender nuværende version.,Käytössäsi on nykyinen versio.,Du kjører gjeldende versjon.,You are running the current version.,Ön a legfrissebb verziót futtatja.,Rulați versiunea actuală.,You are running the current version.,Դուք օգտագործում եք ծրագրի վերջին տարբերակը:,זוהי הגרסה הכי עדכנית,تستخدم الإصدار الحالي.,Εκτελείτε την τρέχουσα έκδοση.,現在のバージョンを使用しています,941
CheckVersion.behind,You should update to the current version.,,,Debes actualizar a la versión actual.,,Debes actualizar a la versión actual.,Debes actualizar a la versión actual.,Debes actualizar a la versión actual.,Vous devriez installer la version courante.,,,Você deve atualizar para a versão atual.,Вам следует обновить до текущей версии программы.,Du solltest auf die aktuelle Version aktualisieren.,Du behöver uppdatera till den nuvarande versionen.,Du bør opdatere til nuværende stabile version.,Sinun tulee päivittää nykyiseen versioon.,Du bør oppdatere til gjeldende versjon.,You should update to the current version.,Frissíteni kell a jelenlegi verzióra.,Ar trebui să actualizați la versiunea curentă.,You should update to the current version.,Դուք պետք է թարմացնեք ծրագրի ընթացիկ տարբերակը:,יש לעדכן לגרסה עדכנית,يجب عليك التحديث إلى الإصدار الحالي.,Θα πρέπει να ενημερώσετε στην τρέχουσα έκδοση.,最新バージョンにアップデートしてください,942
CheckVersion.clickToDownload,Click here to download.,,,Haga clic aquí para descargar la versión actual.,,Haga clic aquí para descargar la versión actual.,Haga clic aquí para descargar la versión actual.,Haga clic aquí para descargar la versión actual.,Cliquer ici pour télécharger la version courante.,,,Clique aqui para baixar a versão atual.,"Нажмите здесь, чтобы загрузить текущую версию.","Klick hier, um die aktuelle Version herunterzuladen.",Klicka här för att ladda ner den senaste versionen.,Klik her for at downloade seneste version,Klikkaa tästä ladataksesi.,Klikk her for å laste ned.,Click here to download.,Kattintson ide az aktuális verzió letöltéséhez.,Apăsați aici pentru a descărca versiunea curentă.,Click here to download the current version.,Սեղմեք այստեղ՝ ընթացիկ տարբերակը ներբեռնելու համար:,לחץ כאן לטובת הורדה,انقر هنا للتنزيل.,Κάντε κλικ εδώ για λήψη.,ここをクリックしてダウンロード,943
CheckVersion.clickCloudUpdate,Click here to update.,,,Haga clic aquí para actualizar su versión en la nube.,,Haga clic aquí para actualizar su versión en la nube.,Haga clic aquí para actualizar su versión en la nube.,Haga clic aquí para actualizar su versión en la nube.,Cliquer ici pour vous mettre à jour.,,,Clique aqui para atualizar sua versão na nuvem.,"Нажмите здесь, чтобы обновить свою облачную версию.","Klick hier, um die Cloud-Version zu aktualisieren.",Klicka här för att uppdatera din cloud version.,Klik her for at opdatere cloud version.,Klikkaa tästä ladataksesi pilviversio.,Klikk her for å oppdatere.,Click here to update.,Kattintson ide a felhőverzió frissítéséhez.,Apăsați aici pentru a vă actualiza versiunea cloud.,Click here to update your cloud version.,Սեղմեք այստեղ՝ ձեր ամպային տարբերակը թարմացնելու համար:,לחץ כאן לטובת עדכון,انقر هنا للتحديث.,Κάντε κλικ εδώ για ενημέρωση.,ここをクリックしてアップデート,944
RefreshList,Refresh,,,Actualizar,,Actualizar,Actulizar,Actualizar,Rafraîchir,,,Atualizar,Обновить,Aktualisiere,Uppdatera,Opfrisk,Päivitä,Oppdater,Refresh,Frissítés,Actualizare,Refresh,Թարմացնել,רענן רשימה,تحديث,Φρεσκάρω,更新,945
ScoreboardWLeadersButton,Scoreboard with Leaders and records,,,Marcador con líderes y récords,,Marcador con líderes y récords,Marcador con líderes y récords,Marcador con líderes y récords,Tableau avec meneurs et records,,,Resultado Com e Recordes,Таблица результатов с лидерами потока (Б/В),Anzeigetafel mit Rangliste und Rekorden,Resultattavla med Leaderboard,Scoreboard med Leaderboard,Tulokset ja ennätykset,Resultatskjerm med ranking og rekorder,Scoreboard with Leaders and records,Eredménykijelző ranglistával,Tabloul de bord cu clasament,Scoreboard with Leaderboard and Records,Արդյունքների սանդղակ՝ խմբի առաջատարներով,לוח תוצאות עם מובילים,لوحة النتائج مع القادة والسجلات,Πίνακας αποτελεσμάτων με προπορευόμενους και ρεκόρ,リーダーと記録付きスコアボード,946
AdvancedPreparation.Explanation,"SBDE (Start Book Data Entry) contains the registration, eligibility and team information for athletes, as well as sessions and officials.",,,"SBDE (Start Book Data Entry) contiene el registro, la elegibilidad y la información del equipo para los atletas, así como las sesiones y los oficiales.",,"SBDE (Start Book Data Entry) contiene el registro, la elegibilidad y la información del equipo para los atletas, así como las sesiones y los oficiales.","SBDE (Start Book Data Entry) contiene el registro, la elegibilidad y la información del equipo para los atletas, así como las sesiones y los oficiales.","SBDE (Start Book Data Entry) contiene el registro, la elegibilidad y la información del equipo para los atletas, así como las sesiones y los oficiales.","Le SBDE (Start Book Data Entry) contient toutes les informations d'inscription, d'éligibilité et d'équipes, ainsi que les sessions et officiels.",,,"O SBDE (Start Book Data Entry) contém informações de inscrição, elegibilidade e equipe dos atletas, bem como sessões e dirigentes.","ЗДСК (Запись данных в стартовой книге) содержит информацию о регистрации, допуске и команде спортсменов, а также о сессиях и официальных лицах.","SBDE (Start Buch Daten Einträge) enthält die Registrierungs-, Teilnahmeberechtigungs- und Teaminformationen für Athleten sowie für Veranstaltungen und Funktionäre.","SBDE (Start Book Data Entry) contains the registration, eligibility and team information for athletes, as well as sessions and officials.","SBDE (Start Book Data Entry) indeholder navn, tilhørsforhold og holdinformation for atleter sammen med info om sessioner og officials.",SBDE (Start Book Data Entry) sisältää nostajien kelpoisuuden sekä ryhmien ja toimitsijoiden rekisteröinnin sekä seuratiedot.,"SBDE (Start Book Data Entry) inneholder registrering, kvalifikasjonsforhold og laginformasjon for utøvere, samt puljer og funksjonærer.","SBDE (Start Book Data Entry) contains the registration, eligibility and team information for athletes, as well as sessions and officials.","SBDE (Start Book Data Entry) tartalmazza a sportolók regisztrációját, alkalmasságát és csapatinformációit, valamint a foglalkozásokat és a hivatalos személyeket.","SBDE (Start Book Data Entry)conține informații despre înregistrare, eligibilitate și echipă pentru sportivi, precum și sesiuni și oficiali.","SBDE (Start Book Data Entry) contains the registration, eligibility and team information for athletes, as well as sessions and officials.","SBDE (Start Book Data Entry) պարունակում է տեղեկատվություն գրանցման, թույլտվության և մարզիկների թիմի, ինչպես նաև խմբերի և պաշտոնյաների մասին:","SBDE (Start Book Data Entry) מכיל את כלל המידע של הרישום, הזכאות ומידע הצוות עבור ספורטאים, כמו גם הפעלות וה-officials.",SBDE (إدخال بيانات كتاب البداية) يحتوي على التسجيل والأهلية ومعلومات الفريق للرياضيين، بالإضافة إلى الجلسات والمسؤولين.,"Το SBDE (Εισαγωγή Δεδομένων Βιβλίου έναρξης) περιέχει τις πληροφορίες εγγραφής, καταλληλότητας και ομάδας για αθλητές, καθώς και συνεδρίες και επισήμους.",SBDE（スタートブックデータ入力）には、選手の登録情報、資格情報、チーム情報、およびセッションや公式役員の情報が含まれます,947
AdvancedPreparation.Export,Export SBDE Excel,,,Exportar SBDE Excel,,Exportar SBDE Excel,Exportar SBDE Excel,Exportar SBDE Excel,Exporter Excel SBDE,,,Export SBDE Excel,Экспортировать ЗДСК в Excel,Export SBDE Excel,Export SBDE Excel,Export SBDE Excel,Vie SBDE Excel,Eksporter SBDE Excel,Export SBDE Excel,SBDE Excel exportálása ,Exportați SBDE Excel,Export SBDE Excel,Ներբեռնել SBDE Excel,יצא SBDE לאקסל,تصدير SBDE Excel,Εξαγωγή SBDE Excel,SBDE Excelをエクスポート,948
AdvancedPreparation.Import,Import SBDE Excel,,,Importar SBDE Excel,,Importar SBDE Excel,Importar SBDE Excel,Importar SBDE Excel,Importer  Excel SBDE,,,Importar SBDE Excel,Импортировать ЗДСК в Excel,Import SBDE Excel,Import SBDE Excel,Import SBDE Excel,Tuo SBDE Excel,Importer SBDE Excel,Import SBDE Excel,SBDE Excel importálása,Importați SBDE Excel,Import SBDE Excel,Բեռնել SBDE Excel,יבא SBDE מאקסל,استيراد SBDE Excel,Εισαγωγή SBDE Excel,SBDE Excelをインポート,949
AdvancedPreparation.Title,Advanced Preparation Functions,,,Funciones de preparación avanzadas,,Funciones de preparación avanzadas,Funciones de preparación avanzadas,Funciones de preparación avanzadas,Fonctions avancées de préparation,,,Funções de Preparação Avançada,Расширенные функции подготовки,Erweiterte Vorbereitungsfunktionen,Advanced Preparation Functions,Advancerede forberedelser,Kehittyneet valmistautumistoiminnot,Avanserte forberedelsesfunksjoner,Advanced Preparation Functions,Speciális Előkészítési Funkciók,Funcții avansate de pregătire,Advanced Preparation Functions,Նախապատրաստման ընդլայնված ֆույնկցիաներ,פונקציות הכנה מתקדמות,وظائف التحضير المتقدمة,Προηγμένες λειτουργίες προετοιμασίας,高度な準備機能,950
SubCategory,A/B/C/...,,,A/B/C/...,,A/B/C/...,A/B/C/...,A/B/C/...,A/B/C/...,,,A/B/C/...,A/B/C/...,A/B/C/...,A/B/C/...,A/B/C/...,A/B/C/...,A/B/C/...,A/B/C/...,A/B/C/...,A/B/C/...,A/B/C/...,A/B/C/...,A/B/C/...,أ/ب/ج/...,ΑΛΦΑΒΗΤΟ/...,A/B/C/...,951
EmptyInstructions.1,"Birth dates should be in international year-month-day format YYYY-MM-DD (2000-12-31 is December 31, 2000)",,,Las fechas de nacimiento deben estar en formato internacional año-mes-día. YYYY-MM-DD (2000-12-31 es 31 de Diciembre de 2000),,Las fechas de nacimiento deben estar en formato internacional año-mes-día. YYYY-MM-DD (2000-12-31 es 31 de Diciembre de 2000),Las fechas de nacimiento deben estar en formato internacional año-mes-día. YYYY-MM-DD (2000-12-31 es 31 de Diciembre de 2000),Las fechas de nacimiento deben estar en formato internacional año-mes-día. YYYY-MM-DD (2000-12-31 es 31 de Diciembre de 2000),Les dates de naissance doivent être en format international année-mois-jour YYYY-MM-DD (2000-12-31 est le 31 décembre 2000),,,As datas de nascimento devem estar no formato internacional ano-mês-dia AAAA-MM-DD (31/12/2000 é 31 de dezembro de 2000),Даты рождения должны быть указаны в международном формате год-месяц-день ГГГГ-ММ-ДД (2000-12-31 - это 31 декабря 2000 года),"Geburtsdaten sollten im internationalen Jahr-Monat-Tag-Format angegeben werden YYYY-MM-DD (2000-12-31 is December 31, 2000)","Födelsedatum ska skrivas in: international year-month-day format YYYY-MM-DD (2000-12-31 is December 31, 2000)",Fødselsdatoer skal indtastes i internationalt year-month-day format YYYY-MM-DD (2000-12-31 er 31. december 2000),Syntymäpäivien tulee olla kansainvälisessä muodossa vuosi-kuukausi-päivä VVVV-KK-PP (2000-12-31 on 31. joulukuuta 2000),Fødselsdatoene skal være i internasjonalt år-måned-dag-format ÅÅÅÅ-MM-DD (2000-12-31 er 31. desember 2000),"Birth dates should be in international year-month-day format YYYY-MM-DD (2000-12-31 is December 31, 2000)","A születési dátumokat nemzetközi év-hónap-nap formátumban kell megadni YYYY-MM-DD (2000-12-31 az December 31, 2000)","Datele de naștere ar trebui să fie în format internațional an-lună-zi YYYY-MM-DD (2000-12-31 ar fi December 31, 2000)","Birth dates should be in international year-month-day format YYYY-MM-DD (2000-12-31 is December 31, 2000)",Ծննդյան տարեթվերը պետք է նշվեն միջազգային ձևաչափով տարի-ամիս-օր՝ YYYY-MM-DD (2000-12-31-ը 2000 թվականի դեկտեմբերի 31-ն է),תאריכי הלידה צריכים להיות בפורמט הבינלאומי של שנה-חודש-יום YYYY-MM-DD (31-12-2000 הוא 31 בדצמבר 2000),تواريخ الميلاد يجب أن تكون بالتنسيق الدولي سنة-شهر-يوم YYYY-MM-DD (2000-12-31 هو 31 ديسمبر 2000),Οι ημερομηνίες γέννησης πρέπει να είναι σε διεθνή μορφή έτους-μήνας-ημέρας ΕΕΕΕ-ΜΜ-ΗΗ (2000-12-31 είναι 31 Δεκεμβρίου 2000),生年月日は国際標準の年-月-日形式（YYYY-MM-DD）で入力してください（例：2000-12-31は2000年12月31日）,952
EmptyInstructions.2,"If using only the year, 4 digits are required.",,,"Si se utiliza sólo el año, se requieren 4 dígitos.",,"Si se utiliza sólo el año, se requieren 4 dígitos.","Si se utiliza sólo el año, se requieren 4 dígitos.","Si se utiliza sólo el año, se requieren 4 dígitos.","Si l'année seule est utilisée, les 4 chiffres sont requis.",,,"Se usar apenas o ano, serão necessários 4 dígitos.","Если используется только год, требуется ввести 4 цифры.","Wenn nur das Jahr verwendet wird, sind 4 Ziffern erforderlich","Om du bara använder födelseår, behövs 4 siffror.",Hvis kun fødselsår anvendes er 4 cifre påkrævet.,"Jos käytät vain vuotta, vaaditaan 4 numeroa.","Hvis du bare bruker årstall, kreves det 4 sifre.","If using only the year, 4 digits are required.","Ha csak az évet használja, akkor 4 számjegy szükséges.","Dacă utilizați numai anul, sunt necesare 4 cifre.","If using only the year, 4 digits are required.","Եթե ​​օգտագործվում է միայն տարին, ապա պահանջվում է 4 նիշ:","אם משתמשים רק בשנה, יש להזין 4 ספרות",إذا كان يُستخدم العام فقط، فمطلوب 4 أرقام.,"Εάν χρησιμοποιείτε μόνο το έτος, απαιτούνται 4 ψηφία.",年のみを使う場合は4桁で入力してください,953
EmptyInstructions.3,"Gender is M for Men, F for women.",,,"El género es M para hombres, F para mujeres.",,"El género es M para hombres, F para mujeres.","El género es M para hombres, F para mujeres.","El género es M para hombres, F para mujeres.","Le genre est M pour masculin, F pour féminin.",,,"O gênero é M para homens, F para mulheres.","Пол - M для мужчин, F для женщин.","Geschlecht ist M für männlich, F für weiblich.","Kön är M for män, F för kvinnor.","Køn er M for Men, F for kvinder.",Sukupuoli on M miehillä ja N naisilla.,"Kjønn er M for menn, F for kvinner.","Gender is M for Men, F for women.","A nem férfiaknál F, nőknél N.","Genul este B pentru bărbați, F pentru femei.","Gender is M for Men, F for women.","Սեռը - Ա տղամարդկանց համար, Ի կանանց համար:","הגדר מין, M לגברים, F לנשים",الجنس هو M للرجال، F للنساء.,"Το φύλο είναι M για τους άνδρες, F για τις γυναίκες.",性別は男性がM、女性がFです,954
EmptyInstructions.4,Heavyweight categories are written 81+ 87+ 102+ 109+ etc.,,,Las categorías de peso pesado se escriben 81+ 87+ 102+ 109+ etc.,,Las categorías de peso pesado se escriben 81+ 87+ 102+ 109+ etc.,Las categorías de peso pesado se escriben 81+ 87+ 102+ 109+ etc.,Las categorías de peso pesado se escriben 81+ 87+ 102+ 109+ etc.,Les catégories super-lourdes sont notées 81+ 87+ 102+ 109+ etc.,,,As categorias de peso pesado são escritas 81+ 87+ 102+ 109+ etc.,Указаны категории тяжеловесов 81+ 87+ 102+ 109+ и т.д.,Schwergewichtskategorien werden geschrieben 81+ 87+ 102+ 109+ etc.,De tyngsta viktklasserna skrivs 81+ 87+ 102+ 109+ etc.,De tungeste klasser skrives 81+ 87+ 102+ 109+ etc.,Korkeimmat painoluokat kirjoitetaan muodossa 81+ 87+ 102+ 109+jne.,Tungvektskategorier skrives 81+ 87+ 102+ 109+ osv.,Heavyweight categories are written 81+ 87+ 102+ 109+ etc.,Nehézsúlyú súlycsoportok jelőlései 81+ 87+ 102+ 109+ stb.,Categoriile grele sunt scrise 81+ 87+ 102+ 109+ etc.,Heavyweight categories are written 81+ 87+ 102+ 109+ etc.,Նշված են ծանր քաշային կարգեր 81+ 87+ 102+ 109+ և այլն։,קטגוריות משקל כבד כתובות 81+ 87+ 102+ 109+ וכו'.,فئات الوزن الثقيل تُكتب 81+ 87+ 102+ 109+ إلخ.,Οι κατηγορίες βαρέων βαρών γράφονται 81+ 87+ 102+ 109+ κ.λπ.,ヘビー級の階級は81+、87+、102+、109+などと表記します,955
AgeGroups.ExportDefinitions,Export Definitions,,,Definicion de Exportaciòn,,Definición de Exportación,Definicion de Exportaciòn,Definicion de Exportaciòn,Exporter les définitions,,,Export Definitions,Определения экспорта,Definitionen exportieren,Export Definitions,Export Definitioner,Vienti määritelmät,Eksporter definisjoner,Export Definitions,Definíciók Letöltése,Export Definiții,Export Definitions,Ներբեռնման տարբերակումներ,יצא הגדרות,تصدير التعريفات,Ορισμοί εξαγωγής,定義をエクスポート,956
About.Bugs_Title,Reporting Problems,,,Problemas de informes,,Problemas de informes,Problemas de informes,Reporte de problemas,Signaler un problème,,,Reporting Issues,Проблемы с отчетностью,Probleme melden,Reporting Issues,Rapportering af fejl,Raportointi ongelmat,Rapporteringsproblemer,Reporting Problems,Problémák bejelentése,Raportare de probleme,Reporting Issues,Հաղորդել խնդիրների մասին,דוח בעיות,الإبلاغ عن المشاكل,Αναφορά προβλημάτων,問題の報告,957
About.Bugs,"Please report issues on <a href=""https://github.com/jflamy/owlcms4/issues"">this page</a> or by e-mail at <a href=""mailto:owlcms-bugs@jflamy.dev"">owlcms-bugs@jflamy.dev</a>",,,"Informe los problemas en <a href=""https://github.com/jflamy/owlcms4/issues"">this page</a> or by e-mail at <a href=""mailto:owlcms-bugs@jflamy.dev"">owlcms-bugs@jflamy.dev</a>",,"Informe los problemas en <a href=""https://github.com/jflamy/owlcms4/issues"">this page</a> or by e-mail at <a href=""mailto:owlcms-bugs@jflamy.dev"">owlcms-bugs@jflamy.dev</a>","Informe los problemas en <a href=""https://github.com/jflamy/owlcms4/issues"">this page</a> or by e-mail at <a href=""mailto:owlcms-bugs@jflamy.dev"">owlcms-bugs@jflamy.dev</a>","Informe los problemas en <a href=""https://github.com/jflamy/owlcms4/issues"">this page</a> or by e-mail at <a href=""mailto:owlcms-bugs@jflamy.dev"">owlcms-bugs@jflamy.dev</a>","Signaler les problèmes sur <a href=""https://github.com/jflamy/owlcms4/issues"">cette page</a> or par e-mail à <a href=""mailto:owlcms-bugs@jflamy.dev"">owlcms-bugs@jflamy.dev</a>",,,"Relate problemas <a href=""https://github.com/jflamy/owlcms4/issues"">ou nesta página</a> ou por e-mail <a href=""mailto:owlcms-bugs@jflamy.dev"">owlcms-bugs@jflamy.dev</a>","Пожалуйста, сообщайте о проблемах на <a href=""https://github.com/jflamy/owlcms4/issues"">этой странице</a> или по электронной почте по адресу <a href=""mailto:owlcms-bugs@jflamy.dev"">owlcms-bugs@jflamy.dev </a>","Bitte melde Probleme unter <a href=""https://github.com/jflamy/owlcms4/issues"">dieser Seite</a> or by e-mail at <a href=""mailto:owlcms-bugs@jflamy.dev"">owlcms-bugs@jflamy.dev</a>","Please report issues on <a href=""https://github.com/jflamy/owlcms4/issues"">this page</a> or by e-mail at <a href=""mailto:owlcms-bugs@jflamy.dev"">owlcms-bugs@jflamy.dev</a>","Please report issues on <a href=""https://github.com/jflamy/owlcms4/issues"">this page</a> or by e-mail at <a href=""mailto:owlcms-bugs@jflamy.dev"">owlcms-bugs@jflamy.dev</a>","Ilmoita ongelmista osoitteessa <a href=""https://github.com/jflamy/owlcms4/issues"">tämä sivu</a> or by e-mail at <a href=""mailto:owlcms-bugs@jflamy.dev"">owlcms-bugs@jflamy.dev</a>","Rapporter problemer på <a href=""https://github.com/jflamy/owlcms4/issues"">denne siden</a> eller via e-post på <a href=""mailto:owlcms-bugs@jflamy.dev"">owlcms-bugs@jflamy.dev</a>","Please report issues on <a href=""https://github.com/jflamy/owlcms4/issues"">this page</a> or by e-mail at <a href=""mailto:owlcms-bugs@jflamy.dev"">owlcms-bugs@jflamy.dev</a>","Kérjük, jelentse a problémákat a következő címen: <a href=""https://github.com/jflamy/owlcms4/issues"">this page</a> or by e-mail at <a href=""mailto:owlcms-bugs@jflamy.dev"">owlcms-bugs@jflamy.dev</a> ","Vă rugăm să raportați problemele aici <a href=""https://github.com/jflamy/owlcms4/issues"">this page</a> or by e-mail at <a href=""mailto:owlcms-bugs@jflamy.dev"">owlcms-bugs@jflamy.dev</a>","Please report issues on <a href=""https://github.com/jflamy/owlcms4/issues"">this page</a> or by e-mail at <a href=""mailto:owlcms-bugs@jflamy.dev"">owlcms-bugs@jflamy.dev</a>","Խնդրում ենք հայտնել խնդիրների մասին <a href=""https://github.com/jflamy/owlcms4/issues"">այս էջ</a> կամ էլփոստով <a href=""mailto:owlcms-bugs@jflamy .dev""> owlcms-bugs@jflamy.dev</a>","אנא דווח על בעיות ב<a href=""https://github.com/jflamy/owlcms4/issues"">דף זה</a> או בדוא""ל בכתובת <a href=""mailto:owlcms-bugs@jflamy.dev"">owlcms-bugs@jflamy.dev</a>","يُرجى الإبلاغ عن المشاكل في <a href=""https://github.com/jflamy/owlcms4/issues"">هذه الصفحة</a> أو بالبريد الإلكتروني على <a href=""mailto:owlcms-bugs@jflamy.dev"">owlcms-bugs@jflamy.dev</a>","Αναφέρετε προβλήματα σε <a href=""https://github.com/jflamy/owlcms4/issues"">αυτή τη σελίδα</a> ή μέσω ηλεκτρονικού ταχυδρομείου στη διεύθυνση <a href=""mailto:owlcms-bugs@jflamy.dev"">owlcms-bugs@jflamy.dev</a>","問題は <a href=""https://github.com/jflamy/owlcms4/issues"">こちらのページ</a>またはメール<a href=""mailto:owlcms-bugs@jflamy.dev"">owlcms-bugs@jflamy.dev</a>でご報告ください",958
About.Community_Title,Community Forum,,,Foro Comunitario,,Foro Comunitario,Foro Comunitario,Foro Comunitario,Community Forum,,,Fórum da Comunidade,Форум сообщества,Community Forum,Community Forum,Community Forum,Yhteisön keskustelufoorumi,Fellesskapsforum,Community Forum,Közösségi Fórum,Forumul comunitatii,Community Forum,Համայնքի ֆորում,פורום קהילתי,منتدى المجتمع,Φόρουμ κοινότητας,コミュニティフォーラム,959
About.Community,"You can ask questions on the <a href=""https://groups.google.com/g/owlcms"">owlcms community forum</a>",,,"Puedes hacer preguntas en el <a href=""https://groups.google.com/g/owlcms"">owlcms community forum</a>",,"Puedes hacer preguntas en el <a href=""https://groups.google.com/g/owlcms"">owlcms community forum</a>","Puedes hacer preguntas en el <a href=""https://groups.google.com/g/owlcms"">owlcms community forum</a>","Puedes hacer preguntas en el <a href=""https://groups.google.com/g/owlcms"">owlcms community forum</a>","You can ask questions on the <a href=""https://groups.google.com/g/owlcms"">owlcms community forum</a>",,,"Você pode fazer perguntas no <a href=""https://groups.google.com/g/owlcms"">fórum da comunidade owlcms</a>","Вы можете задавать вопросы на <a href=""https://groups.google.com/g/wolfcms"">форуме сообщества owlcms</a>","Fragen kannst du hier stellen <a href=""https://groups.google.com/g/owlcms"">owlcms community forum</a>","You can ask questions on the <a href=""https://groups.google.com/g/owlcms"">owlcms community forum</a>","You can ask questions on the <a href=""https://groups.google.com/g/owlcms"">owlcms community forum</a>","Voit esittää kysymyksiä <a href=""https://groups.google.com/g/owlcms"">owlcms community forum</a>","Du kan stille spørsmål på <a href=""https://groups.google.com/g/owlcms"">owlcms fellesskapsforum</a>","You can ask questions on the <a href=""https://groups.google.com/g/owlcms"">owlcms community forum</a>","Kérdéseket tehet fel a <a href=""https://groups.google.com/g/owlcms"">owlcms community forum</a>","Puteți pune întrebări pe<a href=""https://groups.google.com/g/owlcms"">owlcms community forum</a>","You can ask questions on the <a href=""https://groups.google.com/g/owlcms"">owlcms community forum</a>","Դուք կարող եք հարցեր տալ <a href=""https://groups.google.com/g/wolfcms"">owlcms համայնքի ֆորումում</a>","תוכל לשאול שאלות ב<a href=""https://groups.google.com/g/owlcms"">פורום הקהילה של owlcms</a>","يمكنك طرح الأسئلة في <a href=""https://groups.google.com/g/owlcms"">منتدى مجتمع owlcms</a>","Μπορείτε να κάνετε ερωτήσεις στο <a href=""https://groups.google.com/g/owlcms"">φόρουμ κοινότητας owlcms</a>","<a href=""https://groups.google.com/g/owlcms"">owlcmsコミュニティフォーラム</a>で質問できます",960
Ranking.BW_SINCLAIR,Sinclair,,,Sinclair,,Sinclair,Sinclair,Sinclair,Sinclair,,,Sinclair,Синклер,Sinclair,Sinclair,Sinclair,Sinclair,Sinclair,Sinclair,Sinclair,Sinclair,Sinclair,Սինկլեր,סינקלייר,Sinclair,Σινκλέρ,シンクレア,961
Ranking.SMM,SM(H)F,,,SM(H)F,,SM(H)F,SM(H)F,SM(H)F,SM(H)F,,,SM(H)F,SM(H)F,SM(H)F,SM(H)F,SM(H)F,SM(H)F,SM(H)F,SM(H)F,SM(H)F,SM(H)F,SM(H)F,SM(H)F,SM(H)F,SM(H)F,SM(H)F,SM(H)F,962
Ranking.ROBI,Robi,,,Robi,,Robi,Robi,Robi,Robi,,,Robi,Роби,Robi,Robi,Robi,Robi,Robi,Robi,Robi,Robi,Robi,"Ռոբի, Աղջիկներ",Robi,Robi,Ρόμπι,Robi,963
Ranking.QPOINTS,Q-points,,,Q-points,,Q-points,Q-points,Q-points,Q-points,,,Q-points,Q-баллы,Q-points,Q-points,Q-points,Q-points,Q-poeng,Q-points,Q-points,Q-points,Q-points,Q-միավոր,Q-points,Q-points,Q-points,Q-points,964
Results.Qpoints,Q-points,,,Q-points,,Q-points,Q-points,Q-points,Q-points,,,Q-points,Q-баллы,Q-points,Q-points,Q-points,Q-points,Q-poeng,Q-points,Q-points,Q-points,Q-points,Q-միավոր,Q-points,Q-points,Q-points,Q-points,965
Ranking.GAMX,GAMX,,,GAMX,,GAMX,GAMX,GAMX,GAMX,,,GAMX,ГАМКС,GAMX,GAMX,GAMX,GAMX,GAMX,GAMX,GAMX,GAMX,GAMX,GAMX,GAMX,GAMX,GAMX,GAMX,966
Ranking.CUSTOM,Custom,,,Custom,,Personalizado,Custom,Personalizado,Custom,,,Personalizado,Индивидуальный,Benutzerdefiniert,Custom,Tilpasset,Muokattu,Tilpasset,Custom,Egyedi,Personalizat,Custom,Անհատական,מותאם,مخصص,Εθιμο,カスタム,967
Ranking.CAT_SINCLAIR,Category Sinclair,,,Categoria Sinclair,,Categoría Sinclair,Categoria Sinclair,Categoria Sinclair,Sinclair Cat.,,,Categoria Sinclair,Категория Синклер,Kategorie Sinclair,Category Sinclair,Vægtklasse Sinclair,Painoluokka Sinclair,Kategori Sinclair,Category Sinclair,Sinclair kategória,Categorie Sinclair,Category Sinclair,Սիկլեր կարգ,קטגוריית סינקלייר,فئة Sinclair,Κατηγορία Sinclair,階級別シンクレア,968
Ranking.TOTAL,Total,,,Total,,Total,Total,Total,Total,,,Total,Сумма,ZK,Total,Tokamp,Yhteensä,Total,Total,Összetett,Total,Dwubój,Երկամարտ,קרב שתיים,المجموع,Σύνολο,トータル,969
Scoreboard.TopScore,Top {0},,,Top {0},,Top {0},Top {0},Top {0},Meilleurs {0},,,Top {0},Результаты ({0}),Top {0},Bästa {0},Top {0},Parhaat {0},Topp {0} - utøver,Top {0},Legjobb {0},Top {0},Top {0},Թոփ {0},{0} מובילים,أفضل {0},Κορυφαία {0},トップ {0},970
Scoreboard.TopScoreMen,Top {0} &ndash; Men,,,Mejor {0}  &ndash; Masculino,,Mejor {0}  &ndash; Masculino,Mejor {0}  &ndash; Masculino,Mejor {0}  &ndash; Masculino,Meilleurs {0} &ndash; Hommes,,,Melhor Sinclair; Masculino,Синклер &ndash; Мужчины,Top Sinclair &ndash; männlich,Bästa {0} &ndash; Herrar,Top {0} &ndash; Mænd,Parhaat {0} &ndash; Miehet,Topp {0} &ndash; Menn,Top Hold {0} &ndash; M,Legjobb {0} &ndash; Férfi,Top {0} &ndash; Bărbați,Top {0} &ndash; Men,Թոփ {0} &ndash; Տղաներ,{0} מובילים &ndash; גברים,أفضل {0} &ndash; رجال,Κορυφαία {0} &ndash; Ανδρες,トップ {0} &ndash; 男子,971
Scoreboard.TopScoreWomen,Top {0} &ndash; Women,,,Mejor {0}  &ndash; Femenino,,Mejor {0}  &ndash; Femenino,Mejor {0}  &ndash; Femenino,Mejor {0}  &ndash; Femenino,Meilleurs {0} &ndash; Femme,,,Melhor Sinclair; Feminino,Синклер &ndash; Женщины,Top Sinclair &ndash; weiblich,Bästa {0} &ndash; Damer,Top {0} &ndash; Kvinder,Parhaat {0} &ndash; Naiset,Topp {0} &ndash; Kvinner,Top Hold {0} &ndash; K,Legjobb {0} &ndash; Nők,Top {0} &ndash; Femei,Top {0} &ndash; Women,Թոփ {0} &ndash; Աղջիկներ,{0} מובילים &ndash; נשים,أفضل {0} &ndash; نساء,Κορυφαία {0} &ndash; Γυναίκες,トップ {0} &ndash; 女子,972
Scoreboard.TopTeamsScore,Top Team {0},,,El mejor equipo {0},,El mejor equipo {0},El mejor equipo {0},{0} Mejores equipos ,Meilleurs {0} par équipe,,,Melhor {0} Por Equipe,Команда (1-5 мест) / Синклер,Top Mannschaft {0},Bästa lag {0},Top Hold {0},Parhaat Seurat {0},Topp {0} - lag,Top Team {0},Legjobb {0} csapat,Echipa de top punctaj {0},Top Team {0},Թիմային(1-5 տեղերը) {0},{0} מובילים קבוצות,أفضل فريق {0},Κορυφαία ομάδα {0},トップチーム {0},973
Scoreboard.TopTeamsScoreMen,Top Team {0} &ndash; Men,,,"Varones, Mejor Equipo {0}",,"Hombres, Mejor Equipo {0}","Hombres, Mejor Equipo {0}",{0} Mejores equipos. Varones,Meilleurs {0} par équipe &ndash; Hommes,,,Masculino - Melhor {0} por equipe,Командное первенство (1-5 мест) / Синклер &ndash; Мужчины,Top Mannschaft {0} &ndash; männlich,Bästa lag {0} &ndash; Herrar,Top Hold {0} &ndash; Mænd,Parhaat Seurat {0} &ndash; Miehet,Beste lag {0} &ndash; Menn,Top Team {0} &ndash; Men,A {0} legjobb csapata &ndash; Férfiak,Echipa de top {0} &ndash; Bărbați,Top Team {0} &ndash; Men,Թիմային առաջատար(1-5 տեղեր) {0} &ndash; Տղաներ ,{0} מובילים &ndash; גברים קבוצות,أفضل فريق {0} &ndash; رجال,Κορυφαία ομάδα {0} &ndash; Ανδρες,トップチーム {0} &ndash; 男子,974
Scoreboard.TopTeamsScoreWomen,Top Team {0} &ndash; Women,,,"Damas, Mejor Equipo {0}",,"Mujeres, Mejor Equipo {0}","Mujeres, Mejor Equipo {0}",{0} Mejores equipos. Damas,Meilleurs {0} par équipe &ndash; Femmes,,,Feminino - Melhor {0} por equipe,Командное первенство (1-5 мест) / Синклер &ndash; Женщины,Top Mannschaft {0} &ndash; weiblich,Bästa lag {0} &ndash; Damer,Top Hold {0} &ndash; Kvinder,Parhaat Seurat {0} &ndash; Naiset,Beste lag {0} &ndash; Kvinner,Top Team {0} &ndash; Women,A {0} legjobb csapata &ndash; Nők,Echipa de top {0} &ndash; Femei,Top Team {0} &ndash; Women,Թիմային առաջատար(1-5 տեղեր) {0} &ndash; Աղջիկներ,{0} מובילים &ndash; נשים קבוצות,أفضل فريق {0} &ndash; نساء,Κορυφαία ομάδα {0} &ndash; Γυναίκες,トップチーム {0} &ndash; 女子,975
Config.DownloadLocalDirZipLabel,Backup the laptop local override directory (7z zip format),,,Haga una copia de seguridad del directorio de anulación local de la computadora portátil (formato zip 7z),,Copia de seguridad del directorio de anulación local de la computadora portátil (formato zip 7z),Copia de seguridad del directorio de anulación local de la computadora portátil (formato zip 7z),Haga una copia de seguridad del directorio de anulación local de la computadora portátil (formato zip 7z),Backup du répertoire local du laptop (format 7z),,,Faça backup do diretório de substituição local do laptop (formato zip 7z),Создайте резервную копию локального каталога переопределения ноутбука (формат zip 7z),Sichere das lokale Override-Verzeichnis des Laptops (7z-ZIP-Format).,Backup the laptop local override directory (7z zip format),Tag backup af lokalt override bibliotek (7z zip format),Varmuuskopioi kannettavan tietokoneen paikallisen ohituksen hakemisto (7z zip format),Sikkerhetskopier den bærbare lokale overstyringskatalogen (7z zip-format),Backup the laptop local override directory (7z zip format),Biztonsági másolat készítése a laptop helyi felülírási könyvtáráról (7z zip formátum),Faceți o copie de rezervă a directorului de înlocuire local al laptopului (format zip 7z),Backup the laptop local override directory (7z zip format),Создайте резервную копию локального каталога переопределения ноутбука (формат zip 7z),גבה את ספריית ה-override המקומית של המחשב הנייד (פורמט 7z zip),نسخ احتياطي لمجلد التجاوز المحلي للحاسوب المحمول (تنسيق 7z zip),Δημιουργία αντιγράφων ασφαλείας του τοπικού καταλόγου παράκαμψης του φορητού υπολογιστή (μορφή zip 7z),ノートパソコンのローカルオーバーライドディレクトリをバックアップ（7z形式）,976
Config.TemplateSelection,Selection of the Available Excel Templates,,,Selección de las plantillas de Excel disponibles,,Selección de las plantillas de Excel disponibles,Selección de las plantillas de Excel disponibles,Selección de las plantillas de Excel disponibles,Sélection des modèles Excel disponibles,,,Seleção dos modelos de Excel disponíveis,Выбор доступных шаблонов Excel,Auswahl der verfügbaren Excel -Vorlagen,Val av tillgängliga Excel -mallar,Valg af de tilgængelige Excel -skabeloner,Käytettävissä olevien Excel -mallien valinta,Valg av tilgjengelige Excel-maler,Selection of the Available Excel Templates,A rendelkezésre álló Excel sablonok kiválasztása,Selectarea șabloanelor Excel disponibile,Wybór dostępnych szablonów Excel,Առկա Excel ձևանմուշների ընտրություն,בחירת תבניות אקסל הזמינות,اختيار قوالب Excel المتاحة,Επιλογή των διαθέσιμων προτύπων Excel,利用可能なExcelテンプレートの選択,977
LocalOverride.Title,Restore the laptop local override directory,,,Restaurar el directorio de anulación local de la computadora portátil,,Restaurar el directorio de anulación local de la computadora portátil,Restaurar el directorio de anulación local de la computadora portátil,Restaurar el directorio de anulación local de la computadora portátil,Restaurer le répertoire local du laptop,,,Restaure o diretório de substituição local do laptop,Восстановите локальный каталог переопределения ноутбука,Stelle das lokale Override-Verzeichnis des Laptops wieder her,Restore the laptop local override directory,Gendan lokalt override bibliotek,Tuo takaisin kannettavan paikallinen ohitus hakemisto,Gjenopprett den bærbare lokale overstyringskatalogen,Restore the laptop local override directory,Állítsa vissza a laptop helyi felülírási könyvtárát,Restaurați directorul de înlocuire local al laptopului,Restore the laptop local override directory,Восстановите локальный каталог переопределения ноутбука,שחזר את ספריית ה-override המקומית של המחשב הנייד,استعادة مجلد التجاوز المحلي للحاسوب المحمول,Επαναφέρετε τον τοπικό κατάλογο παράκαμψης του φορητού υπολογιστή,ノートパソコンのローカルオーバーライドディレクトリを復元,978
LocalOverride.DirUploadButton,Load Zip File...,,,Cargar archivo .zip,,Cargar archivo .zip,Cargar archivo .zip,Cargar archivo .zip,Charger .zip,,,Carregar arquivo .zip,Загрузите Zip-файл...,Zip Datei laden,Load Zip File...,Load Zip File...,Lataa Zip-tiedosto,Last inn zip-fil...,Load Zip File...,Zip fájl betöltése...,Încărcați fișierul Zip...,Load Zip File...,Բեռնել Zip ֆայլը...,טען קובץ Zip,تحميل ملف Zip...,Φόρτωση αρχείου Zip...,ZIPファイルを読み込む...,979
LocalOverride.DirUploadDropZone,Drop Zip File Here...,,,Arrastra fichero .zip aqui...,,Arrastra fichero .zip aquí...,Arrastra fichero .zip aqui...,Arrastra archivo.zip aqui...,Glisser Fichier .zip ici ..,,,Solte o arquivo .zip aqui...,Сбросьте Zip-файл сюда...,Die Zip-Datei hier einfügen,Drop Zip File Here...,Drop Zip File her...,Pudota Zip-tiedosto tähän,Slipp zip-fil her...,Drop Zip File Here...,Másold ide a ZIP-fájlt...,Copiati fișierul Zip aici...,Drop Zip File Here...,Տեղադրեք Zip ֆայլը այստեղ...,זרוק קובץ Zip לכאן,اسحب ملف Zip هنا...,Αποθέστε το αρχείο Zip εδώ...,ここにZIPファイルをドロップしてください...,980
Config.DownloadLabel,Retrieve the override zip from database,,,Retrieve the override zip from database,,Recuperar el zip de anulación de la base de datos,Recuperar el zip de anulación de la base de datos,Recuperar el archivo comprimido de anulación de la base de datos,Récupérer le zip de subtitution de la base de données,,,Recuperar o zip de substituição do banco de dados,Извлеките переопределенный zip-файл из базы данных,Rufe die Override-ZIP-Datei aus der Datenbank ab,Retrieve the override zip from database,Hent override zip fil fra database,Hae ohitus-zip tietokannasta,Hent zip-filen for overstyring fra databasen,Retrieve the override zip from database,A felülbíráló zip lekérése az adatbázisból,Obțineți codul zip de înlocuire din baza de date,Retrieve the override zip from database,Արտահանեք վերացված zip ֆայլը տվյալների բազայից,קבל חזרה את העקיפות הנוכחיות כקובץ zip,استرداد ملف zip للتجاوز من قاعدة البيانات,Ανακτήστε το zip παράκαμψης από τη βάση δεδομένων,データベースからオーバーライドZIPを取得,981
Config.UploadLabel,Load a local override zip to the database,,,Load a local override zip to the database,,Cargue un zip de anulación local en la base de datos,Cargue un zip de anulación local en la base de datos,Cargue un archivo comprimido de anulación local en la base de datos,Charger un zip de substitution dans la base de données,,,Carregar um zip de substituição local no banco de dados,Загрузите локальный переопределенный zip-файл в базу данных,Lade eine lokale Override-ZIP-Datei in die Datenbank,Load a local override zip to the database,Load lokal override zip til database,Lataa paikallinen ohitus zip-tiedosto tietokantaan,Last inn en lokal zip-fil for overstyring til databasen,Load a local override zip to the database,Helyi felülírási zip betöltése az adatbázisba,Încărcați codul local zip de suprascriere în baza de date,Load a local override zip to the database,Загрузите локальный переопределенный zip-файл в базу данных,"בחר קובץ zip המכיל עקיפות משאבים (סגנונות, תרגומים, תבניות, צלילים וכו')",تحميل ملف zip للتجاوز المحلي إلى قاعدة البيانات,Φορτώστε ένα zip τοπικής παράκαμψης στη βάση δεδομένων,ローカルのオーバーライドZIPをデータベースに読み込む,982
Competition.startNumbersByAgeGroup,Display categories ordered by age group,,,Ordenar categorías por grupo de edad en el marcador,,Ordenar categorías por grupo de edad en el marcador,Ordenar categorías por grupo de edad en el marcador,Ordenar categorías por grupo de edad en el marcador,Afficher les catégories en ordre de groupe d'âge,,,Exibir categorias ordenadas por faixa etária,Отображать категории в порядке возрастной группы,Gewichtsklassen nach Altersgruppe anzeigen,Visa klasser sorterat efter åldersgrupper.,Vis klasser sorteret efter aldersgruppe,Näytä luokat ikäryhmän mukaan järjestettyinä,Vis kategorier sortert etter aldersgruppe,Display categories ordered by age group,Kategóriák megjelenítése korcsoport szerint,Afișați categoriile ordonate pe grupe de vârstă,Display categories ordered by age group,Ցուցադրել կարգերը  ըստ տարիքային խմբի,הצג קטגוריות מסודרות לפי קבוצת גיל,عرض الفئات مرتبة حسب الفئة العمرية,Εμφάνιση κατηγοριών ταξινομημένες ανά ηλικιακή ομάδα,年齢区分順に階級を表示,983
Preparation.Check-in,Check-in Sheet,,,Hoja de check-in,,Hoja de comprobación,Hoja de check-in,Hoja de check-in,Feuille de présences,,,Folha de check-in,Регистрационный лист,Check-in Formular,Check-in Sheet,Check-in Sheet,Check-in Sheet,Innsjekkingsark,Check-in Sheet,Bejelentkezési lap,Foaie de înregistrare,Check-in Sheet,Ստուգման թերթիկ,גיליון צ'ק-אין,ورقة تسجيل الحضور,Φύλλο check-in,チェックインシート,984
Announcer.JuryDecisionTitle,Jury Decision,,,Decisión del jurado,,Decisión del jurado,Decisión del jurado,Decisión del jurado,Décision du Jury,,,Decisão do Júri,Решение жюри,Jury Entscheidung,Jurybeslut,Jury Afgørelse,Jury Päätös,Jurybeslutning,Jury Decision,A zsűri döntése,Decizia juriului,Jury Decision,Ժյուրիի որոշում,החלטת ועדת השופטים,قرار لجنة التحكيم,Απόφαση της κριτικής επιτροπής,ジュリーの判定,985
Announcer.JuryDecisionExplanation,Please announce the decision and the reason.<br/> Then use the button below to update the system according to the decision and resume the competition.,,,Por favor anuncie la decisión y el motivo.<br/> Luego utilice el botón para actualizar el sistema según la decisión y reanudar la competencia.,,Por favor anuncie la decisión y el motivo.<br/> Luego utilice el botón para actualizar el sistema según la decisión y reanudar la competición.,Por favor anuncie la decisión y el motivo.<br/> Luego utilice el botón para actualizar el sistema según la decisión y reanudar la competición.,Por favor anuncie la decisión y el motivo.<br/> Luego utilice el botón para actualizar el sistema según la decisión y reanudar la competencia.,Veuillez annoncer la décision et la raison<br/>. Ensuite utiliser le bouton pour mettre à jour le système selon la décision et redémarrer la compétition.,,,"Anuncie a decisão e o motivo.<br/> Em seguida, use o botão abaixo para atualizar o sistema de acordo com a decisão e retomar a competição.","Пожалуйста, огласите решение и причину.<br/> Затем воспользуйтесь кнопкой ниже, чтобы обновить систему в соответствии с решением и возобновить соревнование.",Bitte gib die Entscheidung und den Grund bekannt.<br/> Anschließend kannst du über die Schaltfläche unten das System entsprechend der Entscheidung aktualisieren und den Wettbewerb fortsetzen.,Please announce the decision and the reason.<br/> Then use the button below to update the system according to the decision and resume the competition.,Bekendtgør afgørelsen og begrundelsen.<br/> Derefter anvendes knapperne nedenfor til at opdatere systemet og genoptage konkurrencen.,Kuuluta päätös ja syy.<br/> Käytä sitten alla olevaa painiketta päivittääksesi järjestelmän päätöksen mukaisesti ja jatkaaksesi kilpailua.,Vennligst kunngjør avgjørelsen og årsaken.<br/> Bruk deretter knappen nedenfor for å oppdatere systemet i henhold til avgjørelsen og gjenoppta konkurransen.,Please announce the decision and the reason.<br/> Then use the button below to update the system according to the decision and resume the competition.,"Kérem a döntést és annak okát közölni.<br/> Ezután az alábbi gombbal frissítse a rendszert a döntésnek megfelelően, és folytassa a versenyt.",Vă rugăm să anunțați decizia și motivul.<br/> Apoi utilizați butonul de mai jos pentru a actualiza sistemul conform deciziei și a relua competiția.,Please announce the decision and the reason.<br/> Then use the button below to update the system according to the decision and resume the competition.,Խնդրում ենք հրապարակել որոշումը և պատճառաբանությունը:<br /> Այնուհետև օգտագործեք ստորև կոճակը՝ համակարգը թարմացնելու որոշումը և վերսկսելու մրցույթը:,נא להודיע ​​על ההחלטה והסיבה.<br/> לאחר מכן השתמש בכפתור למטה כדי לעדכן את המערכת בהתאם להחלטה ולחדש את התחרות.,يرجى الإعلان عن القرار والسبب.<br/> ثم استخدم الزر أدناه لتحديث النظام وفقاً للقرار واستئناف المنافسة.,"Ανακοινώστε την απόφαση και τον λόγο.<br/> Στη συνέχεια, χρησιμοποιήστε το παρακάτω κουμπί για να ενημερώσετε το σύστημα σύμφωνα με την απόφαση και να συνεχίσετε τον διαγωνισμό.",判定と理由を発表してください<br/> その後、下のボタンで判定をシステムに反映し、競技を再開します,986
Announcer.PerformJuryDecision,Display the decision and update system,,,Mostrar la decisión y actualizar el sistema.,,Mostrar la decisión y actualizar el sistema.,Mostrar la decisión y actualizar el sistema.,Mostrar la decisión y actualizar el sistema.,Afficher la décision et mettre à jour,,,Exibir o sistema de decisão e atualização,Отобразите решение и обновите систему,Eintscheidung zeigen und System aktualisieren,Visa beslutet och uppdatera systemet.,Vis afgørelse og opdatér systemet,Näytä päätös ja päivitä järjestelmä,Vis beslutning og oppdater systemet,Display the decision and update system,Jelenítse meg a döntést és frissítse a rendszert,Afișeazați decizia și actualizți sistemul ,Display the decision and update system,Ցուցադրել որոշումը և թարմացնել համակարգը,הצג את ההחלטה ועדכן את המערכת,عرض القرار وتحديث النظام,Εμφάνιση του συστήματος απόφασης και ενημέρωσης,判定を表示してシステムを更新,987
Announcer.IgnoreJuryDecision,Ignore and Resume,,,Ignorar y reanudar,,Ignorar y reanudar,Ignorar y reanudar,Ignorar y reanudar,Ignorer et reprendre,,,Ignorar e Retomar,Игнорировать и возобновить соревнования,Ignorieren und fortfahren,Ignorera och sätt igång tävlingen.,Ignorér og genoptage konkurrencen,Ohita ja jatka,Ignorer og fortsett,Ignore and Resume,Figyelmen kívül hagyás és folytatás,Ignorați și reluați,Ignore and Resume,Անտեսեք և վերսկսեք մրցումները,התעלם והמשך,تجاهل واستئناف,Παράβλεψη και Συνέχιση,無視して再開,988
Competition.announcerControlledJury,Announcer controls the display of jury decisions,,,El locutor controla la visualización de las decisiones del jurado.,,El locutor controla la visualización de las decisiones del jurado.,El locutor controla la visualización de las decisiones del jurado.,El anunciador controla la visualización de las decisiones del jurado.,L'annonceur contrôle l'affichage des décisions du jury,,,O locutor controla a exibição das decisões do júri (após o anúncio),Ведущий секретарь управляет отображением решений жюри (после объявления),Der Sprecher steuert die Anzeige der Juryentscheidungen,Peakern avgör om Juryns beslut ska visas,Speaker afgør visning af jury afgørelser,Kuuluttaja hallitseee jury päätösten näyttämistä,Speaker kontrollerer visningen av jurybeslutninger,Announcer controls the display of jury decisions,Bemondó ellenőrizze a kijelzőn a zsűri döntéseinek megjelenítését,Crainicul controlează afișarea deciziilor juriului,Announcer controls the display of jury decisions,Գլխավոր քարտուղարը վերահսկում է ժյուրիի որոշումների ցուցադրումը (հայտարարությունից հետո),הכרוז שולט בהצגת החלטות ועדת השופטים,المذيع يتحكم في عرض قرارات لجنة التحكيم,Ο εκφωνητής ελέγχει την εμφάνιση των αποφάσεων της κριτικής επιτροπής,アナウンサーがジュリー判定の表示を操作します,989
AgeGroups.Predefined,Predefined Age Group Definitions,,,Definiciones de grupos de edad estandar,,Definiciones de grupos de edad estandar,Definiciones de grupos de edad estandar,Definiciones de grupos de edad estandar,Définitions prédéfinies,,,Definições de faixa etária predefinida,Предопределенные определения возрастных групп,Vordefinierte Altersklassendefinitionen,Predefined Age Group Definitions,Prædefinerede aldersgrupper,Ennalta määritetyt ikäryhmän määritelmät,Forhåndsdefinerte aldersgruppedefinisjoner,Predefined Age Group Definitions,Előre meghatározott korcsoport-Definíciók,Definiții ale grupelor de vârstă  predefinite,Predefined Age Group Definitions,Նախապես սահմանված տարիքային խմբերի սահմանումներ,הדרות קבוצת גיל המוגדרות מראש,تعريفات مجموعة العمر المحددة مسبقًا,Προκαθορισμένοι ορισμοί ηλικιακών ομάδων,既定の年齢区分定義,990
AgeGroups.LoadPredefined,Load Predefined Definition,,,Cargar definiciones estandar,,Cargar definiciones estándar,Cargar definiciones estandar,Cargar definiciones estandar,Charger une définition prédéfinie,,,Carregar definição predefinida,Загрузить предопределенное определение,Vordefinierte Definition laden,Load Predefined Definition,Load Prædefinerede definitioner,Lataa ennalta määritelty määritelmä,Last inn forhåndsdefinert definisjon,Load Predefined Definition,Előre meghatározott definíciók betöltése,Încărcați definiția predefinită,Load Predefined Definition,Բեռնել նախապես սահմանված սահմանումը,טען הגדרות מוגדרת מראש,تحميل التعريفات المحددة مسبقًا,Φόρτωση προκαθορισμένου ορισμού,既定定義を読み込む,991
AgeGroups.Custom,Custom Age Group Definitions,,,Definiciones de grupos de edad personalizados,,Definiciones de grupos de edad personalizados,Definiciones de grupos de edad personalizados,Definiciones de grupos de edad personalizados,Définitions sur mesure,,,Custom Age Group Definitions,Пользовательские определения возрастных групп,Benutzerdefinierte Altersklassendefinitionen,Custom Age Group Definitions,Tilpassede aldersgruppe definitioner,Mukautetut ikäryhmän määritelmät,Egendefinerte aldersgruppedefinisjoner,Custom Age Group Definitions,Egyéni korcsoport-definíciók feltöltése,Custom Age Group Definitions,Custom Age Group Definitions,Անհատական տարիքային խմբի սահմանումներ,הגדרות קבוצת גיל מותאמות אישית,تعريفات مجموعة العمر المخصصة,Προσαρμοσμένοι ορισμοί ηλικιακών ομάδων,カスタム年齢区分定義,992
AgeGroups.UploadCustom,Upload Custom Age Group Definitions,,,Cargar definiciones de grupos de edad personalizados,,Cargar definiciones de grupos de edad personalizados,Cargar definiciones de grupos de edad personalizados,Cargar definiciones de grupos de edad personalizados,Charger une définition sur mesure,,,Carregar definições de faixa etária personalizadas,Загружайте пользовательские определения возрастных групп,"Lade benutzerdefinierte Altersklassendefinitionen hoch
",Upload Custom Age Group Definitions,Upload tilpassede aldersgruppe definitioner,Lataa mukautettuja ikäryhmien määritelmiä,Last opp egendefinerte aldersgruppedefinisjoner,Upload Custom Age Group Definitions,Egyéni korcsoport-definíciók feltöltése,Încărcați definiții personalizate ale grupelor de vârstă,Upload Custom Age Group Definitions,Վերբեռնեք անհատական ​​տարիքային խմբի սահմանումները,טען הגדרות קבוצת גיל מותאמות אישית,رفع تعريفات مجموعة العمر المخصصة,Μεταφορτώστε τους προσαρμοσμένους ορισμούς ηλικιακών ομάδων,カスタム年齢区分定義をアップロード,993
AgeGroups.Reassign,Athlete Eligibility,,,Elegibilidad del atleta,,Elegibilidad del atleta,Elegibilidad del atleta,Elegibilidad del atleta,Calcul d'éligibilité,,,Elegibilidade do Atleta,Athlete Eligibility,Teilnahmeberechtigung des Athleten,Athlete Eligibility,Deltagerberettigelse for atlet,Urheilijakelpoisuus,Deltakerberettigelse for utøvere,Athlete Eligibility,Sportolói jogosultság,Eligibilitatea sportivului,Athlete Eligibility,Մարզիկի իրավասություն,זכאות ספורטאי,أهلية الرياضي,Επιλεξιμότητα αθλητή,選手資格,994
AgeGroups.WarningWillReplaceAll,Beware! This will reassign each athlete's category based on the active age groups.<ul><li>You should double-check category participations after reassignment</li><li>Team memberships will be reset and need to be reviewed.</li></ul>,,,¡Cuidado! Esto reasignará la categoría de cada atleta en función de los grupos de edad activos.<ul><li>Debe verificar las participaciones en las categorías después de la reasignación</li><li>Las inscripciones del equipo se restablecerán y deberán revisarse.</li> </ul>,,¡Cuidado! Esto reasignará la categoría de cada atleta en función de los grupos de edad activos.<ul><li>Debe verificar las participaciones en las categorías después de la reasignación</li><li>Las inscripciones del equipo se restablecerán y deberán revisarse.</li> </ul>,¡Cuidado! Esto reasignará la categoría de cada atleta en función de los grupos de edad activos.<ul><li>Debe verificar las participaciones en las categorías después de la reasignación</li><li>Las inscripciones del equipo se restablecerán y deberán revisarse.</li> </ul>,¡Cuidado! Esto reasignará la categoría de cada atleta en función de los grupos de edad activos.<ul><li>Debe verificar las participaciones en las categorías después de la reasignación</li><li>Las inscripciones del equipo se restablecerán y deberán revisarse.</li> </ul>,Attention! Ceci va réaffecter les athlètes à leur catégorie selon les groupes d'âges actifs.<ul><li>Revisez les catégories de participation après le recalcul</li><li>L'appartenance aux équipes est réinitialisée et doit être révisée</li></ul>,,,Cuidado! Isso reatribuirá a categoria de cada atleta com base nas faixas etárias ativas.<ul><li>Você deve verificar novamente as participações na categoria após a reatribuição</li><li>As associações de equipe serão redefinidas e precisam ser revisadas.</li> </ul>,Осторожно! Это переназначит категорию каждого спортсмена на основе активных возрастных групп.<ul> < li>вы должны перепроверить участие в категории после переназначения< / li> < li>членство в команде будет сброшено и должно быть пересмотрено.< / li > < / ul>,Achtung! Dadurch wird die Gewichtsklasse jedes Athleten basierend auf den aktiven Altersgruppen neu zugewiesen.<ul><li>Du solltest die Gewichtsklassen-Zugehörigkeit nach der Neuzuweisung noch einmal überprüfen</li><li>Teammitgliedschaften werden zurückgesetzt und müssen überprüft werden.</li> </ul>,Beware! This will reassign each athlete's category based on the active age groups.<ul><li>You should double-check category participations after reassignment</li><li>Team memberships will be reset and need to be reviewed.</li></ul>,Advarsel! Dette vil gentildele hver atlets vægtklasse baseret på den aktive aldersgruppe.<ul><li>Du bør dobbelttjekke vægtklasserne efter gentildelingen</li><li>Hold tilhørsforhold bliver ligeledes gentildelt og bør kontrolleres.</li></ul>,"Ole varuillasi! Tämä määrittää kunkin nostajan sarjan uudelleen aktiivisten ikäryhmien perusteella.<ul><li>Sinun tulee tarkistaa sarjan osallistujat uudelleen määrityksen jälkeen</li><li>Seuran jäsenyydet nollataan, ja ne on tarkistettava.</li></ul>",Pass på! Dette vil tildele hver utøvers kategori på nytt basert på de aktive aldersgruppene.<ul><li>Du bør dobbeltsjekke kategorideltakelser etter ny tildeling</li><li>Lagmedlemskap vil bli tilbakestilt og må gjennomgås.</li></ul>,Beware! This will reassign each athlete's category based on the active age groups.<ul><li>You should double-check category participations after reassignment</li><li>Team memberships will be reset and need to be reviewed.</li></ul>,"Figylem! Ez minden sportoló kategóriáját az aktív korosztályok alapján újraosztja.<ul><li>Az átcsoportosítás után még egyszer ellenőriznie kell a kategóriákban való részvételt</li><li>A csapattagságok visszaállnak, és felül kell vizsgálni őket.</li></ul>",Atenție! Acesta va reatribui categoria fiecărui atlet în funcție de grupele de vârstă active.<ul><li>Ar trebui să verificați din nou participările la categorii după realocare</li><li>Membrii echipei vor fi resetate și vor trebui revizuite.</li></ul>,Beware! This will reassign each athlete's category based on the active age groups.<ul><li>You should double-check category participations after reassignment</li><li>Team memberships will be reset and need to be reviewed.</li></ul>,"Ուշադրություն!  Սա կթարմացնի (վերանշանակել) բոլոր կատեգորիաները: <br> Ստուգեք այն մարզիկներին, ովքեր իրավունք ունեն այլ տարիքային խմբերում մասնակցել:",זהירות! פעולה זו תקצה מחדש את הקטגוריה של כל ספורטאי בהתבסס על קבוצות הגיל הפעילות.<ul><li>עליך לבדוק שוב את ההשתתפות בקטגוריה לאחר ההקצאה מחדש</li><li>החברות בצוות תאופס ויש צורך לבדוק אותן.</li></ul>,تحذير! سيؤدي هذا إلى إعادة تعيين فئة كل رياضي بناءً على المجموعات العمرية النشطة.<ul><li>يجب عليك التحقق من مشاركات الفئات بعد إعادة التعيين</li><li>ستتم إعادة تعيين عضويات الفريق ويجب مراجعتها.</li></ul>,Προσέχω! Αυτό θα εκχωρήσει εκ νέου την κατηγορία κάθε αθλητή με βάση τις ενεργές ηλικιακές ομάδες.<ul><li>Θα πρέπει να ελέγξετε ξανά τις συμμετοχές σε κατηγορίες μετά την εκ νέου ανάθεση</li><li>Οι συνδρομές ομάδων θα μηδενιστούν και θα πρέπει να ελεγχθούν.</li></ul>,注意！これにより選手の階級が現在有効な年齢区分に基づいて再割り当てされます<ul><li>再割り当て後は階級参加状況を必ず再確認してください</li><li>チーム所属はリセットされるため、再設定が必要です</li></ul>,995
Registration.UnknownColumnHeader,Unknown Column Header,,,Encabezado de columna desconocido,,Encabezado de columna desconocido,Encabezado de columna desconocido,Encabezado de columna desconocido,Entête de colonne inconnu,,,Cabeçalho de coluna desconhecido,Неизвестный заголовок столбца,Unbekannte Spalten-Überschrift,Unknown Column Header,Unknown Column Header,Tuntematon sarakkeen otsikko,Ukjent kolonneoverskrift,Unknown Column Header,Ismeretlen oszlopfejléc,Antet de coloană necunoscut,Unknown Column Header,Աղյուսակի անհայտ անուն,כותרת עמודה לא מוכרת,عنوان عمود غير معروف,Άγνωστη κεφαλίδα στήλης,不明な列見出し,996
Jury.JurySheet,Jury Sheet,,,Hoja del Jurado,,Hoja del Jurado,Hoja del Jurado,Hoja del Jurado,Évaluation par Jury,,,Folha do Júri,Лист жюри,Jury Blatt,Juryark,Jury ark,Jury välilehti,Juryark,Jury Sheet,Zsűri lap,Foaia Juriului,Jury Sheet,Ժյուրիի էջ,גיליון ועדת השופטים,ورقة لجنة التحكيم,Φύλλο κριτικής επιτροπής,ジュリーシート,997
Jury.JuryMember,Jury Member,,,Miembro del Jurado,,Miembro del Jurado,Miembro del Jurado,Miembro del Jurado,Membre du Jury,,,Membro do Júri,Члены жюри,Jury Mitglied,Jurymedlem,Jurymedlem,Jury Jäsen,Jurymedlem,Jury Member,Zsűritag,Membru al juriului,Jury Member,Ժյուրիի անդամ,חבר ועדת שופטים,عضو لجنة التحكيم,Μέλος της κριτικής επιτροπής,ジュリーメンバー,998
Jury.Signature,Signature,,,Firma,,Firma,Firma,Firma,Signature,,,Assinatura,Подпись,Unterschrift,Underskrift,Underskrift,Allekirjoitus,Signatur,Signature,Aláírás,Semnătură,Signature,Ստորագրություն,חתימת חברי ועדת שופטים,توقيع,Υπογραφή,署名,999
Jury.Level,Level,,,Nivel,,Nivel,Nivel,Nivel,Niveau,,,Nível,Уровень,Ebene,Level,Niveau,Taso,Nivå,Level,Szint,Nivel,Level,Աստիճան,רמה חברי ועדת שופטים,المستوى,Επίπεδο,レベル,1000
Jury.Score,Computed Scores,,,Nivel,,Nivel,Nivel,Nivel,Score calculé,,,Pontuações computadas,Вычисленные баллы,Berechnete Ergebnisse,Computed Scores,Beregnet score,Lasketut pisteet,Beregnet poengsum,Computed Scores,Számított pontszámok,Scoruri calculate,Computed Scores,Տրված միավորներ,ניקוד מחושב של ועדת שופטים,الدرجات المحسوبة,Υπολογιζόμενες Βαθμολογίες,計算されたスコア,1001
Jury.A,A - Number of attempts,,,A - Número de intentos,,A - Número de intentos,A - Número de intentos,A - Número de intentos,A - Nombre d'essais,,,A - Número de Tentativas,A - Количество подъемов,A - Anzahl der Versuche,A - Antal lyft.,A - Antal løft,A - Yritysten määrä,A - Antall forsøk,A - Number of attempts,A – A kísérletek száma,A - Numărul de încercări,A - Number of attempts,A - Մոտեցումների քանակ,A - מספר נסיונות,أ - عدد المحاولات,A - Αριθμός προσπαθειών,A - 試技回数,1002
Jury.B,B - Incomplete Attempts,,,B - Intentos no completados,,B - Intentos no completados,B - Intentos no completados,B - Intentos no completados,B - Essais non-complétés,,,B – Tentativas Incompletas,B - Incomplete Attempts,B - Unvollständige Versuche,B - Icke avslutade lyft,B - Ikke-afsluttede løft,B - Epäonnistuneet yritykset,B - Ufullstendige forsøk,B - Incomplete Attempts,B - Befejezetlen kísérletek,B - Încercări incomplete,B - Incomplete Attempts,B - Ձախողած մոտեցումներ,B - ניסיונות לא שלמים,ب - محاولات غير مكتملة,Β - Ατελείς Προσπάθειες,B - 不完全な試技,1003
Jury.C,C - Assessed Lifts (A-B),,,C - Levantamientos evaluados (A-B),,C - Levantamientos evaluados (A-B),C - Levantamientos evaluados (A-B),C - Levantamientos evaluados (A-B),C - Essais jugés (A-B),,,C - Levantamentos Avaliados (A-B),C - Оцененные подъемы (A-B),C - Bewertete Hebungen (A-B),C - Antal lyft som bedömts(A-B),C - Vurderede løft (A-B),C - Arvioidut nostot (A-B),C - Bedømte løft (A-B),C - Assessed Lifts (A-B),C – Értékelt gyakorlatok (A-B),C - Încercări evaluate (A-B),C - Assessed Lifts (A-B),C - Հաշվված մոտեցումներ (A-B),C - הרמות מוערכות (A-B),ج - الرفعات المقدرة (أ-ب),Γ - Αξιολογημένοι ανελκυστήρες (A-B),C - 評価された試技（A-B）,1004
Jury.D,D - Errors Made,,,D - Errores Cometidos,,D - Errores Cometidos,D - Errores Cometidos,D - Errores Cometidos,D - Erreurs,,,D - Erros cometidos,D - Допущенные ошибки,D - Fehler gemacht,D - Antal felbedömningar,D - Antal fejlbedømmelser,D - Virheitä tehty,D - Feil gjort,D - Errors Made,D - Hibák,D - Erori făcute,D - Errors Made,D - Թույլատրված սխալներ,D - שגיאות שבוצעו,د - الأخطاء المرتكبة,Δ - Έγιναν σφάλματα,D - ミス数,1005
Jury.E,E - Correct Decisions (C-D),,,E - Decisiones Correctas (C-D),,E - Decisiones Correctas (C-D),E - Decisiones Correctas (C-D),E - Decisiones Correctas (C-D),E - Décisions correctes (C-D),,,E - Decisões Corretas (C-D),E - Правильные решения (C-D),E - Richtige Entscheidungen (C-D),E - Korrekta bedömningar (C-D),E - Korrekte bedømmelser (C-D),E - Oikeat tuomiot (C-D),E - Riktige bedømmelser (C-D),E - Correct Decisions (C-D),E – Helyes döntések (C-D),E - Decizii corecte (C-D),E - Correct Decisions (C-D),E - Ճիշտ որոշումներ (C-D),E - החלטות תקינות (C-D),هـ - القرارات الصحيحة (ج - د),E - Σωστές αποφάσεις (C-D),E - 正しい判定数（C-D）,1006
Jury.F,F - Score (E / C),,,F - Puntuación  (E / C),,F - Puntuación (E / C),F - Puntuación (E / C),F - Puntuación (E / C),F - Note (E/C),,,F - Pontuação (E/C),F - Score (E / C),F - Punktestand (E / C),F - Score (E / C),F - Score (E / C),F - Tulos (E / C),F – Poengsum (E/C),F - Score (E / C),F – Pontszám (E/C),F - Scor (E/C),F - Score (E / C),F - Միավոր(E / C),F - ציון (E / C),و - النتيجة (هـ / ج),F - Βαθμολογία (E / C),F - スコア（E / C）,1007
Config.VideoDataTitle,URL for Video Data,,,URL para datos de vídeo,,URL para Video Data,URL para Video Data,URL para datos de vídeo,URL pour données video,,,URL para dados de vídeo,URL-адрес для видеоданных,URL für Videodaten,URL for Video Data,URL til Video Data,Videotietojen URL-osoite,URL for videodata,URL for Video Data,URL a videoadatokhoz,URL pentru date video,URL for Video Data,URL վիդեոտվյալների համար,כתובת (URL) עבור שידור וידאו,عنوان URL لبيانات الفيديو,URL για δεδομένα βίντεο,動画データのURL,1008
Config.videoDataURL,URL that will receive structured JSON data,,,URL que recibirá datos JSON estructurados,,URL que recibirá datos JSON estructurados,URL que recibirá datos JSON estructurados,URL que recibirá datos JSON estructurados,URL qui recevra des données structurées en JSON,,,URL que receberá dados JSON estruturados,"URL-адрес, по которому будут поступать структурированные данные в формате JSON",URL die strukturierte JSON-Daten empfängt,URL that will receive structured JSON data,URL der modtager struktureret JSON data,"URL-osoite, joka vastaanottaa jäsenneltyä JSON-dataa",URL som vil motta strukturerte JSON-data,URL that will receive structured JSON data,"URL, amely strukturált JSON-adatokat kap",URL care va primi date JSON structurate,URL that will receive structured JSON data,URL that will receive structured JSON data,כתובת (URL) שיקבל מידע מובנה בצורת JSON,عنوان URL الذي سيتلقى بيانات JSON المنظمة,URL που θα λαμβάνει δομημένα δεδομένα JSON,構造化されたJSONデータを受け取るURL,1009
Config.videoStylesLabel,"Styles for video streaming (""nogrid"" by default, use ""transparent"" if using a green color filter)",,,"Styles for video streaming (""nogrid"" by default, use ""transparent"" if using a green color filter)",,"Estilos para transmisión de vídeo (""nogrid"" de forma predeterminada, use ""transparent"" si usa un filtro de color verde)","Estilos para transmisión de video (""nogrid"" de forma predeterminada, use ""transparente"" si usa un filtro de color verde)","Estilos para transmisión de video (""nogrid"" de forma predeterminada, use ""transparente"" si usa un filtro de color verde)","Répertoire sous ""local/css"" avec les fichiers css pour diffusion vidée (""nogrid"" par défaut, choisir ""transparent"" si un filtre vert est utilisé)",,,"Estilos para streaming de vídeo (""nogrid"" por padrão, use ""transparent"" se estiver usando um filtro de cor verde)","Стили для потоковой передачи видео (по умолчанию ""no grid"", используйте ""прозрачный"" при использовании фильтра зеленого цвета)","Stile für Video-Streaming („nogrid“ standardmäßig, verwende „transparent“, wenn du einen grünen Farbfilter verwendest)","Styles for video streaming (""nogrid"" by default, use ""transparent"" if using a green color filter)","Styles til video streaming (""nogrid"" er default, brug ""transparent"" hvis der anvendes grønt farve filter)","Tyylit videon suoratoistoon (""nogrid"" oletuksena, käytä ""läpinäkyvää"", jos käytät vihreää värisuodatinta)","Stiler for videostrømming (""nogrid"" som standard, bruk ""gjennomsiktig"" hvis du bruker et grønt fargefilter)","Styles for video streaming (""nogrid"" by default, use ""transparent"" if using a green color filter)","Stílusok videó streaminghez (alapértelmezés szerint ""nogrid"", zöld színszűrő használata esetén használja az ""átlátszó"" lehetőséget)","Stiluri pentru video streaming (""nogrid"" în mod implicit, dacă utilizați un filtru de culoare verde, utilizați ""transparent"" )","Styles for video streaming (""nogrid"" by default, use ""transparent"" if using a green color filter)","Տեսանյութերի հոսքի ոճեր (ավտոմատ «nogrid», օգտագործեք «թափանցիկ» կանաչ գույնի ֆիլտր օգտագործելիս)","סיגנון עבור שידור וידאו (ללא רשת כברירת מחדל, יש להשתמש ב-""transparent"" אם משתמשים בפילטר צבע ירוק)","أنماط لبث الفيديو (""بدون شبكة"" بشكل افتراضي ، استخدم ""شفاف"" إذا كنت تستخدم فلتر لون أخضر)","Στυλ για ροή βίντεο (""nogrid"" από προεπιλογή, χρησιμοποιήστε ""διαφανές"" εάν χρησιμοποιείτε φίλτρο πράσινου χρώματος)","動画配信用スタイル（デフォルトは ""nogrid""、グリーンフィルター使用時は ""transparent""）",1010
WeighIn.Batch,Quick Mode,,,Modo rápido,,Modo rápido,Modo rápido,Modo rápido,Saisie rapide,,,Modo Rápido,Быстрый режим,Schneller Modus,Quick Mode,Quick Mode,Nopea Tila,Hurtigmodus,Quick Mode,Gyors mód,Mod Rapid,Quick Mode,Արագ ռեժիմ,מצב מהיר,وضع سريع,Γρήγορη λειτουργία,クイックモード,1011
WeighIn.UpdateAndNext,Update and Next,,,Actualizar y Siguiente,,Actualizar y Siguiente,Actualizar y Siguiente,Actualizar y Siguiente,Mise à jour et suivant,,,Atualizar e Próximo,Обновление и следующий,Aktualisieren und Weiter,Update and Next,Opdater og Næste,Päivitä ja seuraava,Oppdater og Neste,Update and Next,Frissítés és Továbblépés ,Actualizați și Continuați,Update and Next,Թարմացնել և հաջորդը,עדכן והבא,تحديث وانتقل إلى التالي,Ενημέρωση και Επόμενο,更新して次へ,1012
Championship,Championship,,,Campeonato,,Campeonato,Campeonato,Campeonato,Championnat,,,Campeonato,Чемпионат,Meisterschaft,Mästerskap,Mesterskab,Mestaruuskilpailut,Mesterskap,Championship,Bajnokság,Campionat,Mistrzostwo,առաջնություն,אליפות,بطولة,Πρωτάθλημα,選手権カテゴリー,1013
Championship.U,By Age Group,,,Grupo de Edad,,Grupo de Edad,Grupo de Edad,Grupo de Edad,Par groupes d'âge,,,Divisão de idade,Возрастное разделение,Altersklasse,Åldersindelning,Aldersinddelt,Ikäluokan mukaan,Etter aldersgruppe,By Age Group,Korcsoport szerint,Pe grupe de vârstă,Według grupy wiekowej,Տարիքային խումբ,לפי קבוצת גיל,حسب الفئة العمرية,Ανά Ηλικιακή Ομάδα,年齢区分別,1014
Championship.DEFAULT,Open,,,POR DEFECTO,,Todos,DEFECTO,POR DEFECTO,Open,Tous,,PADRÃO,Open,STANDARD,DEFAULT,DEFAULT,Avoin,Open,Open,Open,Open,Otwarty,Լռելյայն,פתוח,مفتوح,Ανοιχτό,オープン,1015
Championship.IWF,IWF,,,IWF,,IWF,IWF,IWF,IWF,,,IWF,IWF,IWF,IWF,IWF,IWF,IWF,IWF,IWF,IWF,IWF,IWF,IWF,ورقة لجنة التحكيم,IWF,IWF,1016
Championship.MASTERS,Masters,,,Masters,,Masters,Masters,Masters,Masters,Maîtres,,Masters,Masters,Masters,Masters,Masters,Masters,Masters,Masters,Masters,Masters,Masters,Վետերաններ,מאסטרים,عضو لجنة التحكيم,Masters,マスターズ,1017
BreakButton.cannotInterruptBreak,Only the announcer or timekeeper can interrupt or modify a break.,,,Sólo el Anunciador o Cronometrista puede interrumpir o modificar un descanso.,,Sólo el locutor o el cronometrador pueden interrumpir o modificar el descanso,Sólo el locutor o cronometrador puede interrumpir o modificar un descanso.,Sólo el Anunciador o Cronometrista puede interrumpir o modificar un descanso.,Seulement l'annonceur ou le chronométreur peut interrompre ou modifier une pause.,,,Somente o locutor ou cronometrista pode interromper ou modificar um intervalo.,Только ведущий секретарь или хронометрист может прервать или изменить перерыв,Nur der Sprecher oder Zeitnehmer kann eine Pause unterbrechen oder ändern.,Endast speakern eller Tidtagaren kan avbryta eller ändra en paus.,Kun speaker eller timekeeper kan afbryde eller ændre en pause.,Vain kuuluttaja tai ajanottaja voi keskeyttää tai muuttaa tauon.,Bare speaker eller tidtakeren kan avbryte eller endre en pause.,Only the announcer or timekeeper can interrupt or modify a break.,Csak a bemondó vagy az időmérő szakíthatja meg vagy módosíthatja a szünetet.,Numai craitorul sau cronometrantul poate întrerupe sau modifica o pauză.,Only the announcer or timekeeper can interrupt or modify a break.,Միայն քարտուղարը կամ ժամանակապահը կարող է ընդհատել կամ փոխել ընդմիջումը,רק הכרוז או שומר הזמן יכולים להפריע או לשנות הפסקה.,توقيع,Μόνο ο εκφωνητής ή ο χρονομέτρης μπορεί να διακόψει ή να τροποποιήσει ένα διάλειμμα.,休憩を中断したり変更したりできるのは、アナウンサーまたはタイムキーパーのみです,1018
Jury.AnnouncerWillAnnounce,Announcer has been notified of the decision.,,,El Anunciador ha sido notificado de la decisión.,,El locutor ha sido notificado de la decisión,El anunciador ha sido notificado de la decisión.,El Anunciador ha sido notificado de la decisión.,L'annonceur a été informé de la décision.,,,O locutor foi notificado da decisão.,Ведущий секретарь был уведомлен о принятом решении,Der Sprecher wurde über die Entscheidung informiert.,Speakern har blivit informerad om beslutet.,Speaker er blevet informeret om afgørelsen.,Kuuluttaja on nähnyt päätöksen,Speaker er varslet om beslutningen.,Announcer has been notified of the decision.,A bemondot  értesítették a döntésről,Crainicul a fost informat despre decizie.,Announcer has been notified of the decision.,Որոշման մասին ծանուցվել է գլխավոր քարտուղարը,הכרוז קיבל הודעה על ההחלטה.,صفحة {0} من {1},Ο εκφωνητής έχει ενημερωθεί για την απόφαση.,アナウンサーに決定が通知されました,1019
CategoryRequired,A Category must be selected.,,,La categoría es obligatoria.,,La categoría es obligatoria.,La categoría es obligatoria.,La categoría es obligatoria.,La catégorie est obligatoire.,,,A categoria é obrigatória.,Категория обязательна.,Die Gewichtsklasse ist erforderlich.,Viktklass är obligatorisk.,Kategori er obligatorisk.,Sarja on pakollinen.,En kategori må velges.,A Category must be selected.,A kategória kötelező.,Categoria este obligatorie.,Kategoria jest obowiązkowa.,Կարգավիճակը պարտադիր է։,יש לבחור קטגוריה,تمت بواسطة,Πρέπει να επιλεγεί μια κατηγορία.,カテゴリを選択する必要があります,1020
Weight_under_X,Weight should be between 0 and {0}kg,,,El peso debe estar entre 0 y {0}kg,,El peso entre 0 y {0}kg,El peso entre 0 y {0}kg,El peso debe estar entre 0 y {0}kg,Le poids doit être compris entre 0 et {0}kg,,,O peso deve ser entre 0 e {0} kg,Вес должен быть между 0 и {0} кг,Gewicht sollte zwischen 0 und {0}kg liegen,Vikten bör vara mellan 0 och {0} kg,Vægt skal være mellem 0 og {0} kg,Paino tulee olla 0 ja {0}kg välillä,Vekten skal være mellom 0 og {0}kg,Weight should be between 0 and {0}kg,A súlynak 0 és {0} kg között kell lennie,Greutatea trebuie să fie între 0 și {0} kg,Waga powinna mieścić się w przedziale od 0 do {0} kg,Քաշը պետք է լինի 0-ից {0}կգ,"משקל צריך להיות בין 0 ל-{0} ק""ג",جدول الميداليات,Το βάρος πρέπει να είναι μεταξύ 0 και {0}kg,重量は0〜{0}kgの間でなければなりません,1021
SnatchWithdrawalNotification,{0} WITHDRAWING from SNATCH,,,{0} RETIRADO EN ARRANQUE,,{0} RETIRADO EN ARRANCADA,{0} RETIRADO EN ARRANQUE,{0} RETIRADO EN ARRANQUE,{0} se RETIRE de l'ARRACHÉ,,,{0} Se RETIROU do ARRANCO,{0} ОТКАЗ от РЫВКА,{0} RÜCKZUG vom Reissen,{0} Avstår från RYCK,{0} AFSTÅR fra TRÆK,{0} Vetäytyminen Tempausnostoista,{0} TREKKER SEG fra RYKK,{0} WITHDRAWING from SNATCH,{0} VISSZALÉPÉS a SZAKÍTÁSBÓL,{0} RETRAGERE din SMULS,{0} WITHDRAWING from SNATCH,{0} ՊՈԿՈՒՄԻՑ հրաժարում,{0} פרישה מהנפה,انسحاب,{0} ΑΝΑΛΗΨΗ από το SNATCH,{0} はスナッチから棄権します,1022
FullWithdrawalNotification,{0} WITHDRAWING from COMPETITION,,,{0} RETIRADO DE LA COMPETICIÓN,,{0} RETIRADO DE LA COMPETICIÓN,{0} RETIRADO DE LA COMPETICIÓN,{0} RETIRADO DE LA COMPETENCIA,{0} se RETIRE de la COMPÉTITION,,,{0} Se RETIROU da COMPETIÇÃO,{0} ОТКАЗ от УЧАСТИЯ,{0} RÜCKZUG vom WETTKAMPF,{0} Drar sig ur Tävlingen,{0} AFSTÅR fra Konkurrencen,{0} Vetäytyminen koko kilpailusta,{0} TREKKER SEG fra KONKURRANSEN,{0} WITHDRAWING from COMPETITION,{0} VISSZALÉPÉS A VERSENYBŐL,{0} RETRAGERE din CONCURS,{0} WITHDRAWING from COMPETITION,{0} Մասնակցությունից հրաժարում,{0} פרישה מתחרות,انسحاب,{0} ΑΠΟΧΩΡΗΣΗ από τον ΔΙΑΓΩΝΙΣΜΟ,{0} は大会から棄権します,1023
Results.dateTime,{0} {1},,,{0} {1},,{0} {1},{0} {1},{0} {1},{0} {1},,,{0} {1},{0} {1},{0} {1},{0} {1},{0} {1},{0} {1},{0} {1},{0} {1},{0} {1},{0} {1},{0} {1},{0} {1},{0} {1},نتائج.التاريخ والوقت,{0} {1},{0} {1},1024
Results.pageOf,Page {0} of {1},,,página {0} of {1},,página {0} of {1},página {0} of {1},página {0} of {1},page {0} de {1},,,Página {0} of {1},страница {0} из {1},Seite {0}/{1},Page {0} of {1},Page {0} of {1},Sivu {0} -sta {1},Side {0} av {1},Page {0} of {1},Oldal {0} of {1},Pagina {0} of {1},Page {0} of {1},{0} էջ {1}-ից,עמוד {0} מ- {1},صفحة {0} من {1},Σελίδα {0} από {1},ページ {0}/{1},1025
Results.producedBy,{0} {1},,,{0} {1},,{0} {1},{0} {1},{0} {1},{0} {1},,,{0} {1},{0} {1},{0} {1},{0} {1},{0} {1},{0} {1},{0} {1},{0} {1},{0} {1},{0} {1},{0} {1},{0} {1},{0} {1},تمت بواسطة,{0} {1},{0} {1},1026
Results.MedalSchedule,Medal Schedule,,,Ceremonias de premiación,,Ceremonias de premiación,Ceremonias de premiación,Ceremonias de premiación,Remises de Médailles,,,Cerimônia de Premiação,Расписание награждения,Medaillen Zeitplan,Medaljschema,Medaljeskema,Mitalit aikataulu,Medaljeplan,Medal Schedule,Éremátadás menetrendje,Programul de medaliere,Medal Schedule,Պարգևատրման ժամանակացույց,"לו""ז מדליות",جدول الميداليات,Πρόγραμμα μεταλλίων,メダル授与スケジュール,1027
Results.MedalsThatCanBeAwarded,Medals that can be awarded at end,,,Medallas que se pueden entregar,,Medallas que se pueden entregar al final,Medallas que se pueden entregar,Medallas que se pueden entregar,Médailles pouvant être remises,,,Medalhas que podem ser entregues,"Медали, которые могут быть вручены","Medaillen, die verliehen werden können",Medaljer som kan delas ut.,Medaljer der kan tildeles,"Mitalit, jotka voidaan jakaa",Medaljer som kan deles ut til slutt,Medals that can be awarded at end,Kiosztható érmek,Medalii care pot fi acordate,Medals that can be awarded,"Մեդալներ, որոնք կարող են շնորհվել",מדליות שניתן להעניק בסיום,الميداليات التي يمكن منحها في النهاية,Μετάλλια που μπορούν να απονεμηθούν στο τέλος,終了時に授与できるメダル,1028
Results.sessionStart,Session Start,,,Session Start,,Inicio de Tanda,Inicio de Tanda,Inicio de Tanda,Début de la session,,Début du plateau,Início da sessão,Начало потока,,,Session Start,,Pulje Start,Session Start,,,,Խմբի սկիզբ,התחלת מקצה,بداية الجلسة,Έναρξη συνεδρίας,セッション開始,1029
Jury.incorrect.Title,IWF Jury Reversal Codes,,,Coodigos de Renovacion del Jurado IWF,,Códigos IWF de reversión del Jurado,Coodigos de Renovacion del Jurado IWF,Códigos IWF de reversión del Jurado,Codes IWF de renversement de décision,,,Códigos de Reversão do Júri da IWF,Коды отмены решения жюри IWF,IWF-Jury-Einsprüche,IWF Jury Reversal Codes,IWF Jury Reversal Codes,IWF Jury peruutuskoodit,IWF-juryens reverseringskoder,IWF Jury Reversal Codes,IWF zsűri megfordítási kódjai,Codurile de Inversare a juriului IWF,IWF Jury Reversal Codes,IWF-ի ժյուրիի որոշման անտեսման կոդերը,ועדת שופטים IWF קודי היפוך,رموز عكس قرار لجنة التحكيم IWF,Κώδικες αντιστροφής της κριτικής επιτροπής της IWF,IWFジュリーの判定覆しコード（リバーサルコード）,1030
Jury.incorrect.1,Bending and extending of the arms,,,Flexion y extencion de los brazos,,Flexion y extencion de los brazos,Flexion y extencion de los brazos,Flexion y extencion de los brazos,Flexion et extension du coude,,,Flexão e extensão dos braços,Сгибание и разгибание рук,Beugen und strecken der Arme,Bending and extending of the arms,Bending and extending of the arms,Käsivarsien taivutus ja ojentaminen,Bøyning og utstrekk av armene,Bending and extending of the arms,A karok hajlítása és nyújtása,Îndoirea și extinderea brațelor,Bending and extending of the arms,Ձեռքերի ծալում տարածում,כיפוף וישור של הידיים,ثني ومد الذراعين,Κάμψη και επέκταση των χεριών,腕の曲げと伸展,1031
Jury.incorrect.2,Press out,,,"Terminación ""a fuerza""",,"Terminación ""a fuerza""","Terminación ""a fuerza""","Terminación ""a fuerza""",Développé (press out),,,Empurrou,Дожим,Press out,Press out,Press out,Punnerrus,Trykk ut,Press out,Belenyomott ,Împins,Press out,Թերհրում,לחיצה,"إنهاء ""بقوة""",Πιέστε προς τα έξω,プレスアウト,1032
Jury.incorrect.3,Touched the barbell with the foot,,,Toco la barra con el pie,,Toco la barra con el pie,Toco la barra con el pie,Toco la barra con el pie,Toucher l'haltère avec le pied,,,Tocou a barra com o pé,Коснулся штанги ногой,Mit dem Fuß die Hantelstange berührt,Röra vid stången med foten.,Touched the barbell with the foot,Kosketti tankoa jalkaterällä,Berørte stangen med foten,Touched the barbell with the foot,Lábával megérintette a súlyzót,A atins bara cu piciorul,Touched the barbell with the foot,Ծանրաձողի հպում ոտքին,נגע במוט עם הרגל,لمس الباربل بالقدم,Άγγιξε τη μπάρα με το πόδι,足でバーベルに触れた,1033
Jury.incorrect.4,Time lapsed,,,Tiempo transcurrido,,Tiempo transcurrido,Tiempo transcurrido,Tiempo transcurrido,Temps écoulé,,,Tempo decorrido,Время вышло,Zeit abgelaufen,Tiden har gått ut.,Time lapsed,Aika loppui,Tiden gikk ut,Time lapsed,Letelt az idő,Timpul a expirat,Time lapsed,Ժամանակն ավարտվեց,הזמן חלף,الوقت المنقضي,Ο χρόνος παρήλθε,経過時間,1034
Jury.incorrect.5,Incomplete attempt,,,Intento incompleto,,Intento incompleto,Intento incompleto,Intento incompleto,Essai non complété,,,Tentativa Incompleta,Незавершенный подъем,Unvollständiger Versuch,Incomplete attempt,Incomplete attempt,Epätäydellinen yritys,Ufullstendig forsøk,Incomplete attempt,Befejezetlen kísérlet,Încercare incompletă,Incomplete attempt,Անավարտ մոտեցում,ניסיון לא שלם,محاولة غير مكتملة,Ατελής προσπάθεια,不完全な試技,1035
Jury.incorrect.6,Touched platform with the buttocks,,,Plataforma tocada por los gluteos,,Plataforma tocada por los gluteos,Plataforma tocada por los gluteos,Plataforma tocada por los gluteos,Touché la plateforme avec les fesses,,,Plataforma tocada com as nádegas,Касание помоста ягодицами,Bohle mit dem Gesäß berührt,Rörde plattformen med ändan.,Touched platform with the buttocks,Pakara kosketti lavaa,Berørt plattform med baken,Touched platform with the buttocks,Érintett platform a fenékkel,Platformă atinsă cu fesele,Touched platform with the buttocks,Նստատեղով հպում հարթակին,נגע בבמה עם הישבן,لمس المنصة بالأرداف,Ακουμπημένη πλατφόρμα με τους γλουτούς,お尻でプラットフォームに触れた,1036
Jury.incorrect.7,Elbow touch,,,Toque del codo,,Toque del codo,Toque del codo,Toque del codo,Touché avec le coude,,,Toque de Cotovelo,Прикосновение локтя,Ellenbogenberührung,Armbågen rörde vid ben/knä,Elbow touch,Kyynärpään kosketus,Albueberøring,Elbow touch,Könyökkel érintette,Atingerea cu cotului,Elbow touch,Արմնկային հպում,מגע במרפק,لمس الكوع,Άγγιγμα αγκώνα,肘タッチ,1037
Jury.incorrect.8,Double clean movement,,,Doble movimiento de clin,,Doble movimiento de clin,Doble movimiento de clin,Doble movimiento de clin,Double épaulé,,,Duplo Movimento,Двойной подъем штанги,Double clean movement,dubbelvändning,Double clean movement,Kaksoiskääntö,Dobbel overstøt bevegelse,Double clean movement,Dupla lőkés kisérlet,Tentetivă dublă la aruncat,Double clean movement,Կրկնակի հրում,תנועת קלין כפולה,حركة تنظيف مزدوجة,Διπλή κίνηση καθαρισμού,ダブルClean動作,1038
Jury.incorrect.9,Made effort to jerk but did not complete,,,No se completó el JERK,,No se completó el JERK,No se completó el JERK,No se completó el JERK,Épaulé débuté mais non complété,,,"Fez um esforço para levantar, mas não completou o movimento","Сделал усилие для подъема, но не завершил его",Ausstoß angedeutet aber nicht vollendet,Försök till stöt som inte fullföljdes.,Made effort to jerk but did not complete,"Aloitettu ylöstyöntöyritys, jota ei suoritettu loppuun","Prøvde å overstøt, men fullførte ikke",Made effort to jerk but did not complete,"Igyekezett megrántani, de nem fejezte be","A făcut un efort să pus la piept, dar nu a terminat",Made effort to jerk but did not complete,"Ջանք գործադրեց բարձրանալու համար, բայց չավարտեց այն",בוצע מאמץ לדחיקה אך לא הושלם,بذل جهدًا لرفع الوزن لكن لم يكتمل,Έκανε προσπάθεια για τράνταγμα αλλά δεν ολοκλήρωσε,ジャークしようとしたが完了できなかった,1039
Jury.incorrect.10,Deliberate oscillation,,,Oscilacion deliberada (Trampa),,Oscilacion deliberada (Trampa),Oscilacion deliberada (Trampa),Oscilacion deliberada (Trampa),Oscillation délibérée,,,Oscilação deliberada (Uso intencional da flexibilidade da barra),Преднамеренное колебание,Absichtliche Schwingung,Oscillation,Deliberate oscillation,"Tangon tahallinen heilauttaminen, oskillaatio",Bevisst svingning,Deliberate oscillation,Szándékos lengetés,Oscilatie deliberata,Deliberate oscillation,Կանխամտածված ճոճ,תנודת מוט מכוונת,تأرجح متعمد (فخ),Σκόπιμη ταλάντωση,意図的なバーベルの揺らし,1040
Jury.incorrect.11,Failed to fully extend the knees,,,No se extendieron completamente las rodillas,,No se extendieron completamente las rodillas,No se extendieron completamente las rodillas,No se extendieron completamente las rodillas,Extension incomplète des genoux,,,Não conseguiu estender totalmente os joelhos,Не удалось полностью выпрямить колени,Knie nicht vollständig durchgestreckt ,Sträckte inte på knäna.,Failed to fully extend the knees,Polvien epätäydellinen ojentuminen noston loppuasennossa,Klarte ikke å strekke knærne helt ut,Failed to fully extend the knees,Nem sikerült teljesen kinyújtani a térdeket,Nu au reușit să extindă complet genunchii,Failed to fully extend the knees,Ծնկների ամբողջությամբ տարածման անկարողություն,לא בוצעה ישור מלא של הרגליים,الفشل في مد الركبتين بالكامل,Απέτυχε η πλήρης επέκταση των γονάτων,膝を完全に伸ばすことができなかった,1041
Jury.incorrect.12,Failed to bring the feet in line,,,No se alinearon los pies,,No se alinearon los pies,No se alinearon los pies,No se alinearon los pies,Pieds non alignés,,,Não alinhou os pés,Не удалось привести ноги в соответствие,Füße konnten nicht parallel gebracht werden,Hade inte fötterna i linje.,Failed to bring the feet in line,"jalkaterät eivät ole sivulta katsottuna
samalla linjalla yhdensuuntaisesti vartalon ja tangon kanssa",Klarte ikke å sette føttene på linje,Failed to bring the feet in line,Nem sikerült egy vonalba hozni a lábakat,Nu s-a reușit să aducă picioarele în linie,Failed to bring the feet in line,Ոտքերի մի վրա գծի տեղադրման անկարողություն,רגלים לא נמצאים בקו ישר,الفشل في محاذاة القدمين,Απέτυχε να φέρει τα πόδια στη γραμμή,足を揃えることができなかった,1042
Jury.incorrect.13,Touching outside the platform,,,Se tocó fuera de la plataforma,,Se tocó fuera de la plataforma,Se tocó fuera de la plataforma,Se tocó fuera de la plataforma,Touché à l'extérieur de la plateforme,,,Tocou com os pés fora da plataforma,Касание за пределами помоста,Bohle außerhalb berührt,Rörde vid utanför plattformen.,Touching outside the platform,Lavalta poistuminen kesken nostosuorituksen,Berøring utenfor plattformen,Touching outside the platform,A platformon kívül érintve,Atingerea în afara platformei,Touching outside the platform,Հարթակից դուրս շփում,נגיעה מחוץ לשטח הבמה,اللمس خارج المنصة,Αγγίζοντας έξω από την πλατφόρμα,プラットフォームの外側に触れる,1043
Jury.incorrect.14,Dropped barbell from above the shoulders,,,La barra se bajó por encima del nivel de los hombros,,La barra se bajó por encima del nivel de los hombros,La barra se bajó por encima del nivel de los hombros,La barra se bajó por encima del nivel de los hombros,Haltère relâché au dessus des épaules,,,Barra solta acima dos ombros,Освобождение от штанги до уровня плеч,Hantel oberhalb der Schultern losgelassen,Tappad stången högre från än axlarna.,Dropped barbell from above the shoulders,Tangon pudottaminen hartiatason yläpuolelta,Droppet stang fra over skuldrene,Dropped barbell from above the shoulders,Leejtett súlyzó a vállak felett,Bara scăpată de deasupra umerilor,Dropped barbell from above the shoulders,Ծանրաձողի բացթողում մինչև ուսերի մակարդակը,הפלת המוט ללא ליווי עד גובה הכתפיים,إنزال الباربل من فوق مستوى الأكتاف,Έριξε μπάρα από πάνω από τους ώμους,肩の上からバーベルを落とす,1044
Jury.incorrect.15,Did not replace barbell on platform,,,Los discos cayeron fuera de la plataforma en la bajada,,Los discos cayeron fuera de la plataforma en la bajada,Los discos cayeron fuera de la plataforma en la bajada,Los discos cayeron fuera de la plataforma en la bajada,Haltère replacé hors de la plateforme,,,Ele não colocou a barra de volta na plataforma,Не заменял штангу на помосте,Hantel nicht auf der Bohle abgelassen,Lade inte ned stången på plattformen,Did not replace barbell on platform,Tangon laskeminen lavalle epäonnistuu,Satte ikke ned stangen på platten,Did not replace barbell on platform,Nem helyezte vissza a súlyzót a platformra,Nu a reașezat bara pe platformă,Did not replace barbell on platform,Չի փոխարինել ծանրաձողը հարթակի վրա,המוט לא הורד אל הבמה,لم يتم استبدال الباربل على المنصة,Δεν αντικαταστάθηκε η μπάρα στην πλατφόρμα,プラットフォーム上のバーベルを交換しなかった,1045
Jury.incorrect.16,Not motionless between clean and jerk,,,No estaba inmóvil entre el clin y el jerk,,No estaba inmóvil entre el clin y el jerk,No estaba inmóvil entre el clin y el jerk,No estaba inmóvil entre el clin y el jerk,N'était pas immobile entre l'épaulé et le jeté,,,Não houve pausa entre o Arranco e o Arremesso,Не стоит неподвижно перед толчком с груди,Nicht bewegungslos zwichen Umsatz und Ausstoß,Stod inte stilla mellan vändning och överstöt.,Not motionless between clean and jerk,Nostajan on oltava liikkumatta ennen ylöstyönnön aloittamista,Ikke stillstand mellom vending og overstøt,Not motionless between clean and jerk,Nem mozdulatlan a felvétek és lőkés között ,Nu a stat nemişcat între pus la piept și aruncat,Not motionless between clean and jerk,Չի անշարժացել մինչև կրծքից հրումը,המוט לא סטאטי בין שלבי הדחיקה,لم يكن ثابتًا بين الرفعة النظيفة والرفعة القذفية,Όχι ακίνητος μεταξύ καθαρού και τρανταχτού,クリーンとジャークの間に静止しない,1046
Jury.incorrect.17,Other,,,Otro,,Otro,Otro,Otro,Autre,,,Outro,Другой,Andere,Annat,Other,Muu syy,Annen,Other,Egyéb,Alte motive,Other,Այլ,אחר,آخر,Αλλος,その他,1047
CategoryChange_CategoryMustBeEligible,No eligible category has been selected.,,,No se ha seleccionado ninguna categoría elegible.,,No se ha seleccionado ninguna categoría elegible.,No se ha seleccionado ninguna categoría elegible.,No se ha seleccionado ninguna categoría elegible.,Aucune catégorie éligible n'a été sélectionnée.,,,Nenhuma categoria elegível foi selecionada.,Ни одна подходящая категория не была выбрана,Es wurde keine zulässige Gewichtsklasse ausgewählt,Ingen valbar viktklass har valts.,Der er ikke valgt en gyldig kategori,Ei valittu kelvollista painoluokkaa,Ingen kvalifisert kategori er valgt.,No eligible category has been selected.,Nem választottak ki alkalmas kategóriát.,Nici o categorie eligibilă nu a fost selectată.,No eligible category has been selected.,Համապատասխան կարգերչեն ընտրվել,לא נבחרה קטגוריה זמינה,لم يتم اختيار أي فئة مؤهلة.,Δεν έχει επιλεγεί κατάλληλη κατηγορία.,適格なカテゴリが選択されていません,1048
TooManyAthletes,Too many athletes. Maximum {0} for this report,,,Demasiados atletas. Máximo {0} para este reporte,,Demasiados atletas. Máximo {0} para este reporte,Demasiados atletas. Máximo {0} para este reporte,Demasiados atletas. Máximo {0} para este reporte,Trop d'athlètes. Maximum {0}.,,,Muitos atletas. Máximo {0} para este relatório,Слишком много спортсменов. Максимальное количество{0} для этого отчета,Zu viele Atlethen. Maximum {0} für diesen Bericht,För många lyftare. Maximum {0} för denna rapport,Antal atleter for højt. Maximum {0} for denne rapport,Liian monta nostajaa. Maksimi {0} tähän raporttiin,For mange utøvere. Maksimalt {0} for denne rapporten,Too many athletes. Maximum {0} for this report,Túl sok sportoló. Maximum {0} ehhez a jelentéshez,Prea mulți sportivi. Maximum {0} pentru acest raport,Too many athletes. Maximum {0} for this report,Չափազանց շատ մարզիկներ: Այս հաշվետվության համար առավելագույն քանակը՝ {0},יותר מדי ספורטאים. מבפר מקסימאלי לדוח זה הוא {0},عدد كبير جدًا من الرياضيين. الحد الأقصى {0} لهذا التقرير,Πάρα πολλοί αθλητές. Μέγιστο {0} για αυτήν την αναφορά,選手数が多すぎます。このレポートの上限は {0} 人です,1049
FullNameFormat,"{0}, {1}",,,"{0}, {1}",,"{0}, {1}","{0}, {1}","{0}, {1}","{0}, {1}",{0} {1},,"{0}, {1}","{0}, {1}","{0}, {1}","{0}, {1}","{0}, {1}","{0}, {1}","{0}, {1}","{0}, {1}","{0}, {1}","{0}, {1}","{0}, {1}","{0}, {1}","{0}, {1}","{0}, {1}","{0}, {1}","{0}, {1}",1050
AbbreviatedNameFormat,"{0}, {1}",,,"{0}, {1}",,"{0}, {1}","{0}, {1}","{0}, {1}","{0}, {1}",{0} {1},,"{0}, {1}","{0}, {1}","{0}, {1}","{0}, {1}","{0}, {1}","{0}, {1}","{0}, {1}","{0}, {1}","{0}, {1}","{0}, {1}","{0}, {1}","{0}, {1}","{0}, {1}","{0}, {1}","{0}, {1}","{0}, {1}",1051
PreviousAthleteOnJuryScoreboard,\u2B24 {0},,,\u2B24 {0},,\u2B24 {0},\u2B24 {0},\u2B24 {0},\u2B24 {0},\u2B24 {0},\u2B24 {0},\u2B24 {0},\u2B24 {0},\u2B24 {0},\u2B24 {0},\u2B24 {0},\u2B24 {0},\u2B24 {0},\u2B24 {0},\u2B24 {0},\u2B24 {0},\u2B24 {0},\u2B24 {0},\u2B24 {0},الرياضي السابق في لوحة نتائج لجنة التحكيم,\u2B24 {0},\u2B24 {0},1052
ChangeOfAthlete,Change of Athlete: {0},,,Cambio de atleta: {0},,Cambio de atleta: {0},Cambio de atleta: {0},Cambio de atleta: {0},Changement d'athlète: {0},,,Mudança de atleta: {0},Смена спортсмена: {0},Athletenwechsel: {0},Byte av lyftare: {0},Ny atlet: {0},Nostaja vaihtuu: {0},Endring av utøver: {0},Change of Athlete: {0},Sportolóváltás: {0},Schimbarea sportivului: {0},Change of Athlete: {0},Մարզիկի փոփոխություն: {0},החלפת ספורטאי: {0},تغيير الرياضي: {0},Αλλαγή αθλητή: {0},選手の変更: {0},1053
DisplayParameters.showDecisionLights,Show Live Decision Lights,,,Mostrar luces de decisión en directo,,Mostrar luces de decisión en directo,Mostrar luces de decisión en directo,Mostrar luces de decisión en directo,Afficher les décisions en temps réel,,,Exibir Luzes de Decisão ao Vivo,Показывать индикаторы принятия решений в режиме реального времени,Zeige die Entscheidungkriterien in Echtzeit an,Visa Live domarsignaler,Vis Live Nedsignal (Lys),Näytä heti tuomarivalot,Vis dommerlys direkte,Show Live Decision Lights,Élő döntési fények megjelenítése,Afișați lumini de decizie live,Show Live Decision Lights,Ցույց տալ որոշման լույսերը՝ իրական ժամանակում,הצג אורות החלטה,عرض أضواء القرار المباشرة,Εμφάνιση Live Decision Lights,ライブ決定ライトを表示,1054
DisplayParameters.centerNotifications,Show notifications in center of screen,,,Mostrar notificaciones en el centro de la pantalla,,Mostrar notificaciones en el centro de la pantalla,Mostrar notificaciones en el centro de la pantalla,Mostrar notificaciones en el centro de la pantalla,Afficher les notifications au centre de l'écran,,,Exibir Notificações no Centro da Tela,Отображать уведомления в центре экрана,Anzeige der Benachrichtigung in der Mitte des Bildchirms,Visa notifikationer i mitten av skärmen.,Vis notifikationer midt på skærmen,Näytä ilmoitukset keskellä näyttöä,Vis varsler i midten av skjermen,Show notifications in center of screen,Értesítések megjelenítése a képernyő közepén,Afișează notificările în centrul ecranului,Show notifications in center of screen,Ցույց տալ ծանուցումները էկրանի կենտրոնում,הצג התראות במרכז המסך,عرض الإشعارات في وسط الشاشة,Εμφάνιση ειδοποιήσεων στο κέντρο της οθόνης,画面中央に通知を表示する,1055
DisplayParameters.showDeclarationNotifications,Show notification for declarations,,,Mostrar notificación para declaraciones,,Mostrar notificación para declaraciones,Mostrar notificación para declaraciones,Mostrar notificación para declaraciones,Afficher notifications pour les déclarations,,,Exibir Notificação para Declarações,Показывать уведомления о перезаявках,Zeige die Benachrichtigung für die Entscheidung,Visa notifikationer när coachen deklarerar vikten.,Vis notifikation ved vægtændringer,Näytä ilmoitus painon muutoksesta,Vis melding for vektendring,Show notification for declarations,Értesítés megjelenítése a nyilatkozatokhoz,Afișați notificarea pentru declarații,Show notification for declarations,Ցույց տալ վերապատվերների մասին ծանուցումները,הצג התראות להצהרות,عرض الإشعار بالإعلانات,Εμφάνιση ειδοποίησης για δηλώσεις,宣言の通知を表示,1056
PublicResults.sessionExpiredTitle,Inactivity Delay Exceeded,,,Retraso de inactividad Excedido,,Retraso de inactividad Excedido,Retraso de inactividad Excedido,Retraso de inactividad Excedido,Délai d'inactivité dépassé,,,Tempo de Inatividade Excedido,Превышена задержка бездействия,Inaktivitätsverzögerung überschritten,Inactivity Delay Exceeded,Inaktivitetsperiode overskredet,Epäaktiivisuus viive ylitetty,For lang tid uten aktivitet,Inactivity Delay Exceeded,Inaktivitási késleltetés túllépve,Întârziere de inactivitate depășită,Inactivity Delay Exceeded,Անգործության ուշացումը գերազանցվել է,חריגה בעיכוב עקב חוסר פעילות,تأخير الخمول تجاوز,Υπέρβαση καθυστέρησης αδράνειας,非アクティブ遅延を超えました,1057
PublicResults.sessionExpiredText,This page has been inactive for too long.  You can reload the page by using the button below.,,,Esta página ha estado inactiva durante demasiado tiempo. Puede recargar la página usando el botón a continuación.,,Esta página ha estado inactiva durante demasiado tiempo. Puede recargar la página usando el botón a continuación.,Esta página ha estado inactiva durante demasiado tiempo. Puede recargar la página usando el botón a continuación.,Esta página ha estado inactiva durante demasiado tiempo. Puede recargar la página usando el botón a continuación.,Cette page est inactive depuis un certain temps. Vous pouvez recharger la page au moyen du bouton ci-dessous.,,,Esta página está inativa há muito tempo. Você pode recarregar a página usando o botão abaixo.,"Эта страница слишком долго была неактивна.  Вы можете перезагрузить страницу, нажав на кнопку ниже.",Diese Seite war zu lange inaktiv.  Du kannst die Seite über die Schaltfläche unten neu laden.,This page has been inactive for too long.  You can reload the page by using the button below.,Denne side har været inaktiv for længe. Du kan reloade siden ved at trykke på knappen nedenfor.,Tämä sivu on ollut epäaktiivinen liian pitkään. Voit ladata sivun uudelleen käyttämällä alla olevaa painiketta.,Denne siden har vært inaktiv for lenge.  Du kan laste inn siden på nytt ved å bruke knappen nedenfor.,This page has been inactive for too long.  You can reload the page by using the button below.,Ez az oldal túl sokáig volt inaktív. Az oldalt az alábbi gombbal újra töltheti.,Această pagină a fost inactivă de prea mult timp. Puteți reîncărca pagina folosind butonul de mai jos.,This page has been inactive for too long.  You can reload the page by using the button below.,Այս էջը չափազանց երկար ժամանակ անգործուն է:  Դուք կարող եք վերաբեռնել էջը՝ սեղմելով ներքևի կոճակը:,הדף הזה לא היה פעיל יותר מדי זמן. ניתן לטעון מחדש את הדף באמצעות הכפתור למטה.,لقد كانت هذه الصفحة غير نشطة لفترة طويلة جدًا. يمكنك إعادة تحميل الصفحة باستخدام الزر أدناه.,Αυτή η σελίδα είναι ανενεργή για πάρα πολύ καιρό.  Μπορείτε να φορτώσετε ξανά τη σελίδα χρησιμοποιώντας το παρακάτω κουμπί.,このページは長期間アクセスされていません。下のボタンを使用してページを再読み込みしてください,1058
PublicResults.sessionExpiredLabel,Reload {0},,,Recargar {0},,Recargar {0},Recargar {0},Recargar {0},Recharger {0},,,Recarregar {0},Перезагрузить {0],Neu laden {0],Reload {0],Reload {0],Lataa uudestaan {0],Last inn {0} på nytt,Reload {0},Újratöltés {0],Reîncărcați {0],Reload {0],Թարմացնել {0],טען מחדש {0},إعادة تحميل {0},Επαναφόρτωση {0},{0} を再読み込み,1059
Registration.IllegalInteger,Illegal value: {0}  (Number Expected),,,Valor no permitido: {0}  (Se esperaba un número),,Valor no permitido: {0}  (Se esperaba un número),Valor no permitido: {0}  (Se esperaba un número),Valor no permitido: {0}  (Se esperaba un número),Valeur illégale: {0} (Nombre attendu),,,Valor ilegal: {0} (Número esperado),Незаконное значение: {0}  (Ожидаемое количество),Ungültiger Wert: {0}  (Zahl erwartet),Illegal value: {0}  (Number Expected),Illegal værdi: {0}  (Tal forventet),Väärä arvo: {0}  (Numero oletuksena),Ulovlig verdi: {0} (antall forventet),Illegal value: {0}  (Number Expected),Érvénytelen érték: {0} (várható szám),Valoare ilegală: {0} (număr așteptat),Illegal value: {0}  (Number Expected),Անօրինական արժեք՝ {0} (ակնկալվող քանակ),ערך לא חוקי: {0} (צפוי מספר),قيمة غير قانونية: {0} (رقم متوقع),Παράνομη τιμή: {0} (Αριθμός Αναμενόμενος),不正な値: {0}（数値が必要です）,1060
Registration.IllegalGender,Illegal value: {0}  (M or F expected),,,Valor no permitido: {0}  (Se esperaba M o F),,Valor no permitido: {0}  (Se esperaba M o F),Valor no permitido: {0}  (Se esperaba M o F),Valor no permitido: {0}  (Se esperaba M o F),Valeur illégale: {0} (M ou F attendu),,,Valor ilegal: {0} (M ou F esperado),Незаконное значение: {0}  (Ожидаемый уровень M или F),Ungültiger Wert: {0}  (M oder W erwartet),Illegal value: {0}  (M or F expected),Illegal værdi: {0}  (M eller F forventet),Väärä arvo: {0}  (M tai F oletuksena),Ulovlig verdi: {0} (M eller F forventet),Illegal value: {0}  (M or F expected),Érvénytelen érték: {0} (N vagy F várható),Valoare ilegală: {0} (se așteaptă F sau B),Illegal value: {0}  (M or F expected),Անօրինական արժեք՝ {0} (ակնկալվող մակարդակ M կամ F),ערך לא חוקי: {0} (צפוי M או F),قيمة غير قانونية: {0} (م أو ف متوقع),Παράνομη τιμή: {0} (αναμένεται M ή F),不正な値: {0}（M または F が必要です）,1061
DisplayParameters.startOrder,Order by start number,,,Ordenar por número de inicio,,Ordenar por número de inicio,Ordenar por número de inicio,Ordenar por número de inicio,Ordonner par numéro de départ,,,Ordenar por número inicial,Показывать в порядке стартовых номеров,Reihenfolge nach Startnummer,Beställ efter startnummer,Bestil efter startnummer,Tilaa aloitusnumeron mukaan,Rekkefølge etter startnummer,Order by start number,Rendelés rajtszám szerint,Comandă după numărul de început,Zamawiaj według numeru startowego,Ցույց տալ մեկնարկային համարի հերթականությամբ,סדר לפי מספר התחלה,ترتيب حسب رقم البدء,Παραγγελία με αριθμό έναρξης,スタート番号順に並び替え,1062
Ranking.AGEFACTORS,Q-youth: age-adjusted totals,,,Q-youth: totales ajustados por edad,,Q-youth: totales ajustados por edad,Q-youth: totales ajustados por edad,Q-youth: totales ajustados por edad,Q-youth : totaux ajustés selon l'âge,,,Q-youth: totais ajustados por idade,"Q-youth: Всего, с поправкой на возраст","Q-Jugend: Gesamt, altersbereinigt","Q-youth: Totalt, åldersjusterat","Q-youth: I alt, alderskorrigeret","Q-youth: Yhteensä, ikätasoitettu",Q-ungdom: aldersjusterte totaler,Q-youth: age-adjusted totals,"Q-youth: Összesen, életkorhoz igazítva","Q-youth: total, ajustat în funcție de vârstă","Q-youth: Ogółem, z uwzględnieniem wieku","Q-youth: Ընդամենը, հարմարեցված տարիքով",Q-youth: סיכומים מותאמים לגיל,Q-youth: المجموعات المعدلة حسب العمر,Q-youth: σύνολα προσαρμοσμένα ανάλογα με την ηλικία,Q-ユース: 年齢補正済みトータル,1063
CompetitionBook.MXT,Men's Team Scores,,,Varones - Puntos de equipo,,Hombres - Puntos de equipo,Puntuación Masculina,Hombres - Puntos de equipo,Hommes - Pointage d'équipe,,,Masculino - Pontos de Equipe,Мужчины - Очки команды,männlich – Teampunkte,Herrar - lagpoäng,Mænd - Holdpoint,Miehet - joukkuepisteet,Lagpoeng for menn,Men's Team Scores,Férfi - csapateredmény,Bărbați - scorul echipei,Mężczyźni – wynik drużynowy,Տղամարդիկ - թիմային հաշիվ,ניקוד קבוצות גברים מותאם אישית,نتائج فرق الرجال,Αποτελέσματα ομάδων ανδρών,男子チームスコア,1064
CompetitionBook.WXT,Women's Team Scores,,,Damas - Puntos de equipo,,Mujeres - Puntos de equipo,Puntuación Feminina,Mujeres - Puntos de equipo,Femmes - Pointage d'équipe,,,Feminino - Pontos de Equipe,Женщины - Очки команды,weiblich – Teampunkte,Damer - lagpoäng,Kvinder - Holdpoint,Naiset - joukkuepisteet,Lagpoeng for kvinner,Women's Team Scores,Nők - csapateredmény,Feminin - scorul echipei,Kobiety – wynik drużynowy,Կանայք - թիմային հաշիվ,דירוג קבוצתי מותאם אישית לנשים,نتائج فرق النساء,Βαθμολογίες ομάδων γυναικών,女子チームスコア,1065
CompetitionBook.MWXT,Men's+Women's Team Scores,,,Damas + Varones - Puntos de equipo,,Hombres + Mujeres - Puntos de equipo,Hombres + Mujeres - Puntos de equipo personalizados,Hombres + Mujeres - Puntos de equipo,Hommes+Femmes - Pointage d'équipe,,,Masculino + Feminino - Pontos de Equipe,Мужчины+Женщины - Очки команды,männlich+weiblich – Teampunkte,Herrar + Damer - lagpoäng,Mænd+Kvinder - Holdpoint,Miehet+Naiset - joukkuepisteet,Lagpoeng for menn+kvinner,Men's+Women's Team Scores,Férfi + Nők - csapateredmény,Bărbați + Feminin - scorul echipei,Mężczyźni + Kobiety – wynik drużynowy,Տղամարդիկ + Կանայք - թիմային հաշիվ,גברים+נשים - נקודות קבוצתיות מותאמות אישית,نتائج فرق الرجال والنساء,Αποτελέσματα ομάδων ανδρών+γυναικών,男女合算チームスコア,1066
Ranking.QAGE,Q-masters: age-adjusted Q-points,,,Q-masters: Edad ajustada a Q-points,,Q-masters: Edad ajustada a Q-points,Q-masters: Edad ajustada a Q-points,Q-masters: Edad ajustada a Q-points,Q-masters: Q-points ajustés pour l'àge,,,Q-masters: age-adjusted Q-points,Q-masters: age-adjusted Q-points,Q-masters: altersbereinigt Q-points,Q-masters: age-adjusted Q-points,Q-masters: age-adjusted Q-points,Q-masters: age-adjusted Q-points,Q-mastere: aldersjusterte Q-poeng,Q-masters: age-adjusted Q-points,Q-masters: age-adjusted Q-points,Q-masters: age-adjusted Q-points,Q-masters: age-adjusted Q-points,Q-masters: age-adjusted Q-points,Q-masters: סיכומים מותאמים לQ-points,Q-masters: نقاط Q المعدلة حسب العمر,Q-master: Q-points προσαρμοσμένα ανάλογα με την ηλικία,Q-マスターズ：年齢補正済みQポイント,1067
CompetitionBook.MX,Men's - Score,,,Varones - Puntuación,,Hombres - Puntuación,Hombres - Puntuación,Varones - Puntuación,Hommes - Score,,,Masculino - Pontuação,Men - Score,männlich - Score,Herr - poäng,Mænd - Score,Miehet - tulos,Menn - Resultat,Men's - Score,Férfiak – pontszám,Bărbați - Scor,Men - Score,Տղաներ - Անհատական միավորներ,גברים - ניקוד מותאם אישית,نتيجة الرجال,Ανδρών - Βαθμολογία,男子 - スコア,1068
CompetitionBook.WX,Women's - Score,,,Damas- Puntuación,,Mujeres- Puntuación,Mujeres- Puntuación,Damas- Puntuación,Femmes - Score,,,Feminino - Pontuação,Women - Score,weiblich – Score,Dam - poäng,Kvinder - Score,Naiset - tulos,Kvinner - Resultat,Women's - Score,Nők – pontszám,Femei - Scor,Women - Score,Տղաներ+Աղջիկներ - Անհատական ​միավորներ,נשים - ניקוד מותאם אישית,نتيجة النساء,Γυναικών – Βαθμολογία,女子 - スコア,1069
CompetitionBook.MB,Men's - Best Athlete,,,Varones - Mejor Atleta,,Hombres - Mejor Atleta,Hombres - Puntuación,Varones - Mejor Atleta,Hommes - Meilleur Athlète,,,Masculino - Melhor Atleta,Men's - Best Athlete,männlich - bester Athlet,Bästa lyftare- Herrar,Mænd - Bedste Atlet,Miehet - Paras Nostaja,Menn - Beste utøver,Men's - Best Athlete,Férfi - legjobb sportoló,Bărbați - Cel mai bun sportiv,Men's - Best Athlete,Men's - Լավագույն մարզիկ,גברים - ספורטאי מוביל,أفضل رياضي - رجال,Ανδρών - Καλύτερος Αθλητής,男子 - 最優秀選手,1070
CompetitionBook.WB,Women's - Best Athlete,,,Damas - Mejor Atleta,,Mujeres - Mejor Atleta,Mujeres - Mejor Atleta,Damas - Mejor Atleta,Femmes - Meilleure athlète,,,Feminino - Melhor Atleta,Women's - Best Athlete,weiblich - beste Athletin,Bästa lyftare - Damer,Kvinder - Bedste Atlet,Naiset - Paras Nostaja,Kvinner – Beste utøver,Women's - Best Athlete,Női – legjobb sportoló,Femei - Cel mai bun sportiv,Women's - Best Athlete,Women's - Լավագույն մարզուհի,נשים - ספורטאית מובילה,أفضل رياضية - نساء,Γυναικών - Καλύτερη Αθλήτρια,女子 - 最優秀選手,1071
Results.Extra/Invited,ext.,,,ext.,,,,,inv.,,,ext.,ext.,ext.,ext.,ext.,ext.,ekst.,ext.,ext.,ext.,ext.,ext.,תוספת,إضافي/مدعو,εσωτ.,など,1072
Attempt.Extra/Invited,{0} (ext.),,,{0} (ext.),,{0} (ext.),{0} (ext.),{0} (ext.),{0} (inv.),,,{0} (ext.),{0} (ext.),{0} (ext.),{0} (ext.),{0} (ext.),{0} (ext.),{0} (ekst.),{0} (ext.),{0} (ext.),{0} (ext.),{0} (ext.),{0} (ext.),{0} (תוספת),{0} (إضافي),{0} (εσωτ.),{0} (など),1073
Scoreboard.Extra/Invited,{0},,,{0},,{0},{0},{0},{0},,,{0},{0},{0},{0},{0},{0},{0},{0},{0},{0},{0},{0},{0},إضافي,{0},{0},1074
START_LIST,Start List,,,Lista de inicio,,Lista de inicio,Lista de inicio,Lista de inicio,Liste de départ,,,Lista Inicial,Стартовый протокол,Startliste,Startlista,Startliste,Starttilistat,Startliste,Start List,Startlista,Lista de start,Listy Startowe,Մեկնարկի համար,רשימת התחלה,قائمة البداية,Λίστα έναρξης,スタートリスト,1075
SCHEDULE,Schedule,,,Calendario,,Calendario,Calendario,Calendario,Horaire,,,Cronograma,,,,,Aikataulut,Tidsplan,Schedule,,,,,לוח זמנים,الجدول الزمني,Πρόγραμμα,スケジュール,1076
OFFICIALS,Officials,,,Oficiales,,Jueces,Oficiales,Oficiales,Officiels,,,Juízes,Судьи,Offizielle,Officials,Officials,Toimihenkilöt,Funksjonærer,Officials,Tisztviselők,Oficialii,Oficjele,Պաշտոնյաները,שופטים,المسؤولون,αξιωματούχοι,公式役員,1077
JURY,Jury,,,Jurado,,Jurado,Jurado,Jurado,Jury,,,Júri,Жюри,Jury,Jury,Jury,Jury,Jury,Jury,Zsűri,Juriu,Jury,Ժյուրի,ועדת שופטים,لجنة التحكيم,Ενορκοι,ジュリー,1078
CHECKIN,Check-in Sheet,,,Hoja de check-in,,Hoja de comprobación,Hoja de check-in,Hoja de check-in,Feuille de présences,,,Folha de check-in,Регистрационный лист,Check-in Formular,Check-in Sheet,Check-in ark,Lista ilmoittautuneista ryhmittäin,Innsjekkingsark,Check-in Sheet,Bejelentkezési lap,Foaie de înregistrare,Check-in Sheet,Ստուգման թերթիկ,גיליון צ'ק-אין,ورقة تسجيل الحضور,Φύλλο check-in,チェックインシート,1079
EMPTY_PROTOCOL,Empty Protocol,,,Pesos iniciales,,Pesos iniciales,Pesos iniciales,Pesos iniciales,Poids de départ,Barres de départ,Protocole vide,Peso Inicial,Таблица стартовых весов,Anfangslast Tabelle,Startprotokoll,Startvægte,Tyhjä kilpailupöytäkirja,Tom protokoll,Empty Protocol,Kezdősúlyok lap,Fișa de pornire a greutăților,Empty Protocol,Մեկնարկի քաշերի համար,פרוטוקול ריק,بروتوكول فارغ,Κενό Πρωτόκολλο,空のプロトコル,1080
CARDS,Athlete Cards,,,Tarjetas de Atleta,,Tarjetas de Atleta,Tarjetas de Atleta,Tarjetas de Atleta,Cartons d'athlète,,,Cartões do Atleta,Карточки спортсменов,Startkarten,Lyftarkort,Atlet kort,Kilpailijakortit,Utøverkort,Athlete Cards,Versenyző kártyák,Card de sportiv,Karty sportowców,Քարտեր մարզիկների համար,כרטיס ספורטאי,بطاقات الرياضي,Κάρτες αθλητών,選手カード,1081
WEIGHIN,Weigh-In Form,,,Formulario de Pesaje,,Formulario de Pesaje,Planilla del Pesaje,Planilla del Pesaje,Formulaire de pesée,,,Planilha de Pesagem,Резюме взвешивания,Übersicht wiegen,Invägningsöversikt,Indvejningsoversigt,Punnitus-lomake,Innveiingsskjema,Weigh-In Form,Mérlegelési összefoglaló,Rezumatul cântăririi,Weigh-In Form,Կշռման արդյունք,טופס שקילה,استمارة الوزن,Φόρμα Ζύγισης,計量フォーム,1082
INTRODUCTION,Introduction Sheet,,,Presentación,,Presentación,Introducción,Introducción,Présentation,,,Apresentação,Представление,Vorstellung,Defilering,Præsentation,Esittely,Introduksjonsark,Introduction Sheet,Bevezetés,Introducere,Wstęp,Ներկայացում,גליון היכרות,ورقة المقدمة,Φύλλο εισαγωγής,紹介用シート,1083
BY_BODYWEIGHT,Bodyweight Categories,,,Divisiones de Peso Corporal,,Categorías de Peso Corporal,Categorias de Peso Corporal,Divisiones de Peso Corporal,Catégories de poids,,,Categorias de Peso Corporal,Весовые категории,Gewichtsklassen,Viktklasser,Vægtklasser,Kilpailusarjoittain,Vektklasser,Bodyweight Categories,Testsúly kategóriák,Categorii de greutate corporală,Kategoria wagowa,Քաշային կարգեր,קטגוריות משקל,فئات الوزن,Κατηγορίες σωματικού βάρους,体重別階級,1084
BY_TEAM,Teams,,,Equipos,,Equipos,Equipos,Equipos,Équipes,,,Equipes ,Команды,Mannschaften,Lag,Hold,Seurat,Lag,Teams,Csapatok,Echipe,Teams,Կազմ,קבוצות,الفرق,Ομάδες,チーム,1085
BY_CATEGORY,Categories,,,Categorias,,Categorías,Categorias ,Categorias,Catégories,,,Categorias,Категории,Gewichtsklassen,Viktklasser,Kategorier,Sarjat,Kategorier,Categories,Kategóriák,Categorii,Categories,Քաշային կարգեր,קטגוריות,الفئات,Κατηγορίες,階級,1086
PRE_WEIGHIN,Before Weigh-in Documents ,,,Documentos antes del pesaje,,Documentos antes del pesaje,Documentos antes del pesaje,Documentos antes del pesaje,Documents avant la pesée,,,Documentos antes da pesagem,Документы перед взвешиванием,Dokumente vor dem Wiegen,Dokument före invägning,Dokumenter før indvejning,Asiakirjat ennen punnitusta,Dokumenter før innveiing,Before Weigh-in Documents ,A mérlegelés előtti dokumentumok,Documente înainte de cântărire,Dokumenty przed ważeniem,Փաստաթղթեր կշռումից առաջ,לפני מסמכי שקילה,وثائق ما قبل الوزن,Πριν από τη ζύγιση των εγγράφων ,計量前印刷用ドキュメント,1087
POST_WEIGHIN,After Weigh-in Documents ,,,Documentos después del pesaje,,Documentos después del pesaje,Documentos después del pesaje,Documentos después del pesaje,Documents après pesée,,,Documentos após pesagem,Документы после взвешивания,Dokumente nach dem Wiegen,Dokument efter invägning,Dokumenter efter indvejning,Asiakirjat punnituksen jälkeen,Dokumenter etter innveiing,After Weigh-in Documents ,A mérlegelés utáni dokumentumok,Documente după cântărire,Dokumenty po zważeniu,Փաստաթղթեր կշռումից հետո,אחרי מסמכי שקילה,وثائق ما بعد الوزن,Έγγραφα μετά τη ζύγιση ,計量後印刷用ドキュメント,1088
Documents.Title,Documents,,,Documentos,,Documentos,Documentos,Documentos,Documents,,,Documentos,Предсоревновательная документация,Unterlagen,Dokument,Dokumenter,Asiakirjat,Dokumenter,Documents,Dokumentumok,Documente,Dokumenty,Փաստաթղթեր,מסמכים,المستندات,Εγγραφα,印刷用ドキュメント,1089
Documents.Competition,Competition,,,Competencia,,Competición,Competicion,Competencia,Compétition,,,Competição,Соревнование,Wettkampf,Tävling,Stævne,Kilpailu,Konkurranse,Competition,Verseny,competiție,Zawody,Մրցումներ,תחרות,المنافسة,Ανταγωνισμός,大会,1090
Documents.PreWeighIn,Before Weigh-in,,,Antes del pesaje,,Antes del pesaje,Antes del pesaje,Antes del pesaje,Avant la pesée,,,Antes da pesagem,До взвешивания,Vor dem Wiegen,Before Weigh-in,Før indvejning,Ennen punnistusta,Før innveiing,Before Weigh-in,Mérlegelés előtt,Înainte de cântărire,Before Weigh-in,Մինչև կշռում,לפני שקילה,قبل الوزن,Πριν τη ζύγιση,計量前,1091
Documents.PostWeighIn,After Weigh-in,,,Después del pesaje,,Después del pesaje,Después del pesaje,Después del pesaje,Après la pesée,,,Depois da pesagem,После взвешивания,Nach dem Wiegen,After Weigh-in,Efter indvejning,Punnituksen jälkeen,Etter innveiing,After Weigh-in,Mérlegelés után,După cântărire,After Weigh-in,Կշռումից հետո,אחרי שקילה,بعد الوزن,Μετά τη ζύγιση,計量後,1092
Documents.Kits,Document Set,,,Conjunto de documentos,,Conjunto de documentos,Conjunto de documentos,Conjunto de documentos,Jeux de documents,Ensemble de documents,,Conjunto de documentos,Набор документов,Dokumentensatz,Document Set,Dokumenter,Asiakirjat asetettu,Dokumentsett,Document Set,Dokumentum csomag,Set de documente,Document Set,Փաստաթղթերի հավաքածու,אוסף מסמכים,مجموعة الوثائق,Σετ εγγράφων,印刷用ドキュメント一式,1093
Documents.SelectTemplates,Select templates,,,Seleccionar plantillas,,Seleccionar plantillas,Seleccionar plantillas,Seleccionar plantillas,Choisir modèles,Choisir gabarits,,Selecionar modelos,Выберите шаблон,Vorlagen auswählen,Select templates,Vælg templates,Valitse luonnos,Velg maler,Select templates,Válasszon sablonokat,Selectați șabloanele,Select templates,Ընտրեք շաբլոնը,בחירת תבניות,اختر القوالب,Επιλέξτε πρότυπα,テンプレートを選択,1094
Documents.ProcessingZip,Creating Zip File...,,,Creando archivo Zip ...,,Creando archivo Zip ...,Creando archivo Zip ...,Creando archivo Zip ...,Création du fichier Zip...,,,Criando arquivo Zip...,Создаем Zip File...,Zip Datei erstellen,Creating Zip File...,Danner Zip Fil...,Luo Zip-tiedosto...,Oppretter zip-fil...,Creating Zip File...,Zip fájl létrehozása...,Se creează fișierul Zip...,Creating Zip File...,Zip ֆայլի ստեղծում...,יצירת קובץ ZIP...,إنشاء ملف Zip ...,Δημιουργία αρχείου Zip...,ZIPファイルを作成中...,1095
Documents.ProcessingExcel,Creating Excel File...,,,Creando archivo Excel ...,,Creando archivo Excel ...,Creando archivo Excel ...,Creando archivo Excel ...,Création du fichier Excel...,,,Criando arquivo Excel...,Создаем Excel File...,Excel Datei erstellen,Creating Excel File...,Danner Excel Fil...,Luodaan Excel-tiedosto...,Oppretter Excel-fil...,Creating Excel File...,Excel fájl létrehozása...,Se creează fișierul Excel...,Creating Excel File...,Excel ֆայլի ստեղծում...,יצירת קובץ אקסל...,إنشاء ملف Excel ...,Δημιουργία αρχείου Excel...,Excelファイルを作成中...,1096
Documents.NoSession,At least one session must be selected,,,Se debe seleccionar al menos una sesión,,Se debe seleccionar al menos una sesión,Se debe seleccionar al menos una sesión,Se debe seleccionar al menos una sesión,SVP sélectionner au moins une session,,,Selecione pelo menos uma sessão.,Необходимо выбрать хотя бы один сеанс,Es muss mindestens eine Veranstaltung ausgewählt werden,At least one session must be selected,Der skal vælges mindst én session,Vähintään yksi ryhmä pitää valita,Minst én pulje må velges,At least one session must be selected,Legalább egy verseny csoportot ki kell választani,Trebuie selectată cel puțin o sesiune,At least one session must be selected,Դուք պետք է ընտրեք առնվազն մեկ խումբ,יש לבחור לפחות מקצה אחד,يجب اختيار جلسة واحدة على الأقل,Πρέπει να επιλεγεί τουλάχιστον μία συνεδρία,少なくとも1つのセッションを選択してください,1097
Documents.TemplateSelection,Template Selection,,,Selección de plantilla,,Selección de plantilla,Selección de plantilla,Selección de plantilla,Choix des modèles,Choix des gabarits,,Seleção de modelos,Выбор шаблона,Vorlagenauswahl,Template Selection,Valg af Template,Luonnoksen valinta,Valg av mal,Template Selection,Sablon kiválasztása,Selectarea șablonului,Template Selection,Շաբլոնի ընտրություն,בחירת תבנית,اختيار القالب,Επιλογή προτύπου,テンプレート選択,1098
Documents.IgnoreNoTemplate,Items with no template will be ignored when producing a document set.,,,Los elementos que no tengan plantilla se ignorarán al producir un conjunto de documentos.,,Los elementos que no tengan plantilla se ignorarán al producir un conjunto de documentos.,Los elementos que no tengan plantilla se ignorarán al producir un conjunto de documentos.,Los elementos que no tengan plantilla se ignorarán al producir un conjunto de documentos.,Les éléments sans modèle seront ignorés lors de la production d'un ensemble de documents.,,,Itens sem modelo serão ignorados ao produzir um conjunto de documentos.,Расположение,Elemente ohne Vorlage werden beim Erstellen eines Dokumentsatzes ignoriert.,Objekt utan mall kommer att ignoreras när du skapar en dokumentuppsättning.,"Elementer uden skabelon vil blive ignoreret, når der produceres et dokumentsæt.","Kohteet, joissa ei ole mallia, jätetään huomioimatta asiakirjajoukkoa tuottaessa.",Elementer uten mal vil bli ignorert når du produserer et dokumentsett.,Items with no template will be ignored when producing a document set.,A sablon nélküli tételeket a rendszer figyelmen kívül hagyja a dokumentumkészlet létrehozásakor.,Elementele fără șablon vor fi ignorate la producerea setului de documente.,Elementy bez szablonu zostaną zignorowane podczas tworzenia zestawu dokumentów.,Առանց ձևանմուշի տարրերը անտեսվելու են փաստաթղթերի հավաքածու ստեղծելիս:,פריטים ללא תבנית לא ירשמו בעת הפקת ערכת מסמכים.,سيتم تجاهل العناصر التي لا تحتوي على قالب عند إنتاج مجموعة من الوثائق.,Τα στοιχεία χωρίς πρότυπο θα αγνοηθούν κατά την παραγωγή ενός συνόλου εγγράφων.,テンプレートが設定されていない項目はドキュメント作成時に無視されます,1099
Documents.Registration,Entries,,,Inscripciones,,Inscripciones,Inscripciones,Inscripciones,Inscriptions,,,Entradas,Документы,Anfangslasten,Entries,Entries,Ilmoittautuneet,Oppføringer,Entries,Nevezés,Intrări,Entries,Նախնական,ערכים,التسجيلات,Συμμετοχές,エントリー一覧,1100
Documents.StartBook,Pre-Competition,,,Precompetición,,Precompetición,Precompetición,Pre-competencia,Pré-compétition,,,Pré-Competição,Перед соревнованием,Vor dem Wettbewerb,Förtävling,Før konkurrencen,Ennen kilpailua,Før konkurranse,Pre-Competition,verseny előtti ,Pre-competiție,Przed zawodami,Նախամրցույթ,קדם-תחרות,قبل المنافسة,Προαγωνιστικό,競技前,1101
Documents.NoTemplate,Please select the desired document template.,,,Seleccione la plantilla de documento deseada.,,Seleccione la plantilla de documento deseada.,Seleccione la plantilla de documento deseada.,Seleccione la plantilla de documento deseada.,Veuillez sélectionner le modèle de document souhaité.,Veuillez sélectionner le gabarit de document souhaité.,,Selecione o modelo de documento desejado.,"Пожалуйста, выберите желаемый шаблон документа.",Bitte wähle die gewünschte Dokumentenvorlage aus,Välj önskad dokumentmall.,Vælg venligst den ønskede dokumentskabelon.,Valitse haluamasi asiakirjamalli.,Velg ønsket dokumentmal.,Please select the desired document template.,"Kérjük, válassza ki a kívánt dokumentumsablont.",Vă rugăm să selectați șablonul de document dorit.,Proszę wybrać żądany szablon dokumentu.,Խնդրում ենք ընտրել փաստաթղթի ցանկալի ձևանմուշը:,אנא בחר את תבנית המסמך הרצויה.,يرجى اختيار قالب الوثيقة المطلوب.,Επιλέξτε το επιθυμητό πρότυπο εγγράφου.,希望する書類テンプレートを選択してください,1102
Sessions.EditDetails,Edit Details,,,Editar detalles,,Editar detalles,Editar detalles,Editar detalles,Modifier les détails,,,Editar detalhes,Редактировать детали,Details bearbeiten,Redigera detaljer,Rediger detaljer,Muokkaa tietoja,Rediger detaljer,Edit Details,Részletek szerkesztése,Editați detaliile,Edytuj szczegóły,Խմբագրել մանրամասները,ערוך פרטים,تحرير التفاصيل,Επεξεργασία λεπτομερειών,詳細を編集,1103
Card.20kg_20percent,20kg Rule,,,Regla de los 20 kg,,Regla de los 20 kg,Regla de los 20 kg,Regla de los 20 kg,Règle des 20 kg,,,Regra dos 20 kg,Правило 20 кг,20-kg-Regel,20 kg regel,20 kg regel,20kg sääntö,20 kg regel,20kg Rule,20 kg szabály,Regula de 20 kg,Zasada 20 kg,20 կգ կանոն,"כלל 20 ק""ג",قاعدة 20 كجم,Κανόνας 20 κιλών,20kg ルール,1104
Card.RequiredCJ,Required C&J,,,Env. requerido,,D.T. requerido,Env. requerido,Env. requerido,É.J. requis,,,Arrem. obrigatório,Требуемый толчок,Required C&J,Required C&J,Påkrævet Stød,Vaaditaan C&J,Nødvendig Støt,Required C&J,Required C&J,Required C&J,Required C&J,Անհրաժեշտ հրում,נדרש דחיקה,الرفعة القذفية المطلوبة,Απαιτείται C&J,クリーン＆ジャークの申告必須,1105
Documents.Registration,Registrations,,,Inscripciones,,Inscripciones,Inscripciones,Inscripciones,Inscriptions,,,Entradas,Документы,Anfangslasten,Entries,Tilmeldinger,Ilmoittautuneet,Registreringer,Registrations,Nevezés,Intrări,Entries,Նախնական,רישומים,التسجيلات,Εγγραφές,登録情報,1106
Documents.TooManyAthletes,Too many athletes for a single Excel. Please select sessions below.,,,Demasiados deportistas para un solo Excel. Seleccione tandas a continuación.,,Demasiados deportistas para un solo Excel. Seleccione tandas a continuación.,Demasiados deportistas para un solo Excel. Seleccione tandas a continuación.,Demasiados deportistas para un solo Excel. Seleccione tandas a continuación.,Trop d’athlètes pour un seul Excel. Veuillez sélectionner des plateaux ci-dessous.,Trop d’athlètes pour un seul Excel. Veuillez sélectionner des sessions ci-dessous.,,Muitos atletas para um único Excel. Selecione as sessões abaixo.,"Слишком много спортсменов для одного Excel. Пожалуйста, выберите сеансы ниже.",Zu viele Athleten für ein einziges Excel. Bitte wähle unten die Sitzungen aus.,För många idrottare för en enda Excel. Välj sessioner nedan.,For mange atleter til en enkelt Excel. Vælg venligst sessioner nedenfor.,Liian monta urheilijaa yhteen Exceliin. Valitse istunnot alta.,For mange utøvere for en enkelt Excel. Velg puljer nedenfor.,Too many athletes for a single Excel. Please select sessions below.,"Túl sok sportoló egyetlen Excelhez. Kérjük, válassza ki az alábbi versenyt.",Prea mulți sportivi pentru un singur Excel. Vă rugăm să selectați sesiunile de mai jos.,Zbyt wielu sportowców na jeden Excel. Wybierz sesje poniżej.,Չափից շատ մարզիկներ մեկ Excel-ի համար: Խնդրում ենք ընտրել ստորև ներկայացված նիստերը:,יותר מדי ספורטאים עבור אקסל יחיד. אנא בחר מקצה למטה.,عدد كبير جدًا من الرياضيين لملف Excel واحد. يرجى اختيار الجلسات أدناه.,Πάρα πολλοί αθλητές για ένα μόνο Excel. Επιλέξτε τις συνεδρίες παρακάτω.,選手数が多すぎて1つのExcelに収まりません。以下からセッションを選択してください,1107
Range.LowerUpper,{0} – {1},,,{0} – {1},,{0} – {1},{0} – {1},{0} – {1},{0} – {1},,,{0} – {1},{0} – {1},{0} – {1},{0} – {1},{0} – {1},{0} – {1},{0} – {1},{0} – {1},{0} – {1},{0} – {1},{0} – {1},{0} – {1},{0} - {1},{0} – {1},{0} – {1},{0} – {1},1108
ImportSessions.PageTitle,Import from an offline site,,,Importar desde un sitio sin conexión,,Importar desde un sitio sin conexión,Importar desde un sitio sin conexión,Importar desde un sitio sin conexión,Importer d'un site hors-ligne,,,Importar de um site offline,Импорт с офлайн-сайта,Importieren von einer Offline-Site,Importera från en offlinewebbplats,Importér fra andet owlcms-system,Tuo offline-sivustolta,Importer fra et eksternt konkurransested,Import from an offline site,importálás offline webhelyről,import de pe site-ul offline,Importowanie z witryny offline,Ներմուծում անցանց կայքից,ייבוא ​​מאתר לא מקוון,استيراد من موقع غير متصل,Εισαγωγή από ιστότοπο εκτός σύνδεσης,オフラインサイトからのインポート,1109
ImportSessions.UploadDatabaseExport,Load data exported from an offline site,,,Cargar datos exportados desde un sitio sin conexión,,Cargar datos exportados desde un sitio sin conexión,Cargar datos exportados desde un sitio sin conexión,Cargar datos exportados desde un sitio sin conexión,Charger des données exportées d'un site offline,,,Carregar dados exportados de um site offline,"Загрузка данных, экспортированных с автономного сайта","Lade Daten, die von einer Offline-Site exportiert wurden",Ladda data som exporteras från en offlinewebbplats,Indlæs data eksporteret fra et eksternt owlcms-system,"Lataa tiedot, jotka on viety offline-sivustolta",Last inn data eksportert fra et eksternt konkurransested,Load data exported from an offline site,offline webhelyről exportált adatok betöltése,încărcați datele exportate de pe un site offline,Załaduj dane wyeksportowane z witryny offline,"Բեռնել տվյալները, որոնք արտահանվել են անցանց կայքից",טען נתונים שיוצאו מאתר לא מקוון,تحميل بيانات تم تصديرها من موقع غير متصل,Φόρτωση δεδομένων που εξάγονται από ιστότοπο εκτός σύνδεσης,オフラインサイトからエクスポートされたデータを読み込む,1110
ImportSessions.WarningWillReplaceAll,Extreme caution! Make sure you only choose the session that took place on the external site,,,¡Precaución extrema! Asegúrate de seleccionar únicamente sesiones realizadas en el sitio externo.,,¡Precaución extrema! Asegúrate de seleccionar únicamente sesiones realizadas en el sitio externo.,¡Precaución extrema! Asegúrate de seleccionar únicamente sesiones realizadas en el sitio externo.,¡Precaución extrema! Asegúrate de seleccionar únicamente sesiones realizadas en el sitio externo.,Extrème Prudence! S'assurer d'avoir choisi uniquement les sessions qui ont eu lieu sur le site externe.,,,Cuidado extremo! Certifique-se de selecionar apenas sessões que ocorreram no site externo.,"Крайняя осторожность! Убедитесь, что вы выбираете только сеансы, которые происходили на внешнем сайте.","Äußerste Vorsicht! Stelle sicher, dass du nur Sitzungen auswählst, die auf der externen Site stattgefunden haben.",Extrem försiktighet! Se till att du bara väljer sessioner som ägde rum på den externa webbplatsen.,"Ekstrem forsigtighed! Sørg for, at du kun vælger sessioner, der fandt sted på det eksterne websted.","Erittäin varovainen! Varmista, että valitset vain istunnot, jotka tapahtuivat ulkoisella sivustolla.",Ekstrem forsiktighet! Pass på at du kun velger puljen som fant sted på den eksterne konkurransestedet,Extreme caution! Make sure you only choose the session that took place on the external site,"Rendkívüli óvatosság! Győződjön meg arról, hogy csak a külső webhelyen lezajlott munkamenetet választja",Atenție extremă! Asigurați-vă că alegeți doar sesiunea care a avut loc pe site-ul extern,"Zachowaj szczególną ostrożność! Upewnij się, że wybierasz tylko sesje, które odbyły się na stronie zewnętrznej.","Ծայրահեղ զգուշություն. Համոզվեք, որ ընտրում եք միայն արտաքին կայքում տեղի ունեցած նիստերը:",זהירות יתרה! הקפידו לבחור רק את המקצה שהתרחש באתר החיצוני,حذر شديد! تأكد من أنك تختار فقط الجلسة التي حدثت على الموقع الخارجي,Εξαιρετική προσοχή! Βεβαιωθείτε ότι επιλέγετε μόνο τη συνεδρία που πραγματοποιήθηκε στον εξωτερικό ιστότοπο,細心の注意を払ってください！外部サイトで行われたセッションのみを選択してください,1111
ImportSessions.Explanation,Load lifting data exported from an external site,,,Carga de datos de levantamientos exportados desde un sitio externo,,Carga de datos de levantamientos exportados desde un sitio externo,Carga de datos de levantamientos exportados desde un sitio externo,Carga de datos de levantamientos exportados desde un sitio externo,Charger des données de levers effectués exportées d'un site offline,,,Carregar dados exportados de um site offline,Load lifting data exported from an external site,Von einer externen Website exportierte Lasthebedaten laden,Load lifting data exported from an external site,Indlæs data (løft) eksporteret fra et andet owlcms-system,Lataa nostojen data ulkoiselta sivulta,Last inn data eksportert fra et eksternt nettsted,Load lifting data exported from an external site,Load lifting data exported from an external site,Load lifting data exported from an external site,Load lifting data exported from an external site,Load lifting data exported from an external site,טען נתוני הרמה שיוצאו מאתר חיצוני,تحميل بيانات الرفع المصدرة من موقع خارجي,Δεδομένα ανύψωσης φορτίου που εξάγονται από εξωτερικό ιστότοπο,外部サイトからエクスポートされたリフティングデータを読み込む,1112
CompetitionBook.MQAGE,Men's Q-masters,,,Q-masters Hombres,,Q-masters Masculino,Q-masters Masculino,Q-masters Varones,Hommes Q-masters,,,Q-masters Masculino,"Q-masters, мужчины",männlich Q-masters,Herrar Q-masters,Q-masters Mænd,Miesten Q-pisteet,Q-mastere for menn,Men's Q-masters,Férfi Qpontok,Q-masters pentru bărbați,Mężczyźni Q-pkt,"Սինկլեր, Տղաներ",Q-masters גברים,Q-masters للرجال,Ανδρικά Q-master,男子Qマスターズ,1113
CompetitionBook.WQAGE,Women's Q-masters,,,Q-masters Mujeres,,Q-masters Femenino,Q-masters Femenino,Q-masters Damas,Femmes Q-masters,,,Q-masters Feminino,"Q-masters, женщины",weiblich Q-masters,Damer Q-masters,Q-masters Kvinder,Naisten Q-pisteet,Q-mastere for kvinner,Women's Q-masters,Női Qpontok,Q-masters pentru femei,Kobiet Q-pkt,"Ռոբի, Աղջիկներ",Q-masters נשים,Q-masters للنساء,Q-master γυναικών,女子Qマスターズ,1114
Athletes,Athletes,,,Atletas,,Atletas,Atletas,Atletas,Athlètes,,,Atletas,Спортсмены,Sportler,Idrottare,Atleter,Urheilijat,utøvere,Athletes,Versenyzők,Sportivi,Sportowcy,Մարզիկներ,ספורטאים,الرياضيون,Αθλητές,選手,1115
Competition.pointScoresTitle,Overall Best Athlete Scoring System,,,Sistema de puntos para el mejor atleta mundial,,Sistema de puntuación general para el mejor atleta,Sistema de puntos para el mejor atleta mundial,Sistema de puntos para el mejor atleta mundial,Système global de pointage du meilleur athlète,,,Sistema Global de Pontos de Melhor Atleta,Общая система подсчета очков лучшему спортсмену,Punktesystem für den weltweit besten Athleten,Globalt bästa idrottare poängsystem,Globalt bedste atlet pointsystem,Maailman parhaan urheilijan pistejärjestelmä,Samlet beste utøvers poengsystem,Overall Best Athlete Scoring System,Összesített legjobb versenyző pontozási rendszere,Sistem de notare a totalului pentru cel mai bun sportiv,Globalny system punktów dla najlepszych sportowców,Համաշխարհային լավագույն մարզիկների միավորների համակարգ,שיטת ניקוד לדירוג ספורטאים,نظام تسجيل النقاط لأفضل رياضي,Σύστημα βαθμολογίας καλύτερου αθλητή συνολικά,総合最優秀選手スコアリング方式,1116
Competition.scoringSystemTitle,Overall Best Athlete Scoring System Selected,,,Selección del sistema global de puntos,,Sistema de puntuación general para el mejor atleta seleccionado,Selección del sistema global de puntos,Selección del sistema global de puntos,Sélection du système de pointage global,,,Seleção do Sistema de Pontos Globais,Выбор глобальной системы подсчета очков,Globale Punktesystemauswahl,Globalt poängsystemval,Global Point System Valg,Globaali pistejärjestelmän valinta,Samlet beste utøvers scoringssystem valgt,Overall Best Athlete Scoring System Selected,Összesített legjobb versenyző pontozási rendszere lett kiválasztva ,Sistemul de notare a totalului pentru cel mai bun sportiv a fost selectat,Wybór Globalnego Systemu Punktowego,Համաշխարհային կետային համակարգի ընտրություն,השיטת ניקוד לדירוג הספורטאים שנבחרה,نظام تسجيل النقاط العالمي لأفضل رياضي تم اختياره,Επιλέξτε το Σύστημα βαθμολογίας καλύτερου αθλητή συνολικά,総合最優秀選手スコア方式が選択されました,1117
Competition.showScoresOnScoreboard,Show Overall Score on Scoreboard,,,Mostrar la puntuación general en el marcador,,Mostrar la puntuación general en el marcador,Mostrar la puntuación general en el marcador,Mostrar la puntuación general en el marcador,Afficher le pointage global sur le tableau de résultats,,,Mostrar pontuação geral no placar,Отображение общего балла в таблице результатов,Zeige die Gesamtpunktzahl in der Ergebnistabelle an,Visa totalpoängen på resultattavlan,Vis den samlede score på resultattavlen,Näytä kokonaispisteet tulostaululla,Vis samlet poengsum på resultatskjerm,Show Overall Score on Scoreboard,Összesített pontszám rendszer megjelenítése az eredménytáblán,Afișați scorul general pe tabloul de bord,Pokaż wynik ogólny na tablicy wyników,Ցույց տալ ընդհանուր միավորը ցուցատախտակի վրա,הצג ניקוד כללי על לוח תוצאות,عرض النتيجة العامة على لوحة النتائج,Εμφάνιση συνολικής βαθμολογίας στον πίνακα αποτελεσμάτων,スコアボードに総合スコアを表示,1118
Competition.showScoreRanksOnScoreboard,Show Overall Rank on Scoreboard,,,Mostrar la clasificación general en la tabla de resultados,,Mostrar la clasificación general en el marcador,Mostrar la clasificación general en la tabla de resultados,Mostrar la clasificación general en la tabla de resultados,Afficher le classement global sur le tableau de résultats,,,Mostrar classificação geral na tabela de resultados,Отображение общего рейтинга в таблице результатов,Zeige das Gesamtranking in der Ergebnistabelle an,Visa övergripande ranking i resultattabellen,Vis overordnet placering på resultattabellen,Näytä kokonaissijoitus tulostaulukossa,Pl.,Show Overall Rank on Scoreboard,Összesített helyezés megjelenítése az eredménytáblán,Afișați clasamentul general pe tabelul cu rezultate,Pokaż ogólną klasyfikację w tabeli wyników,Ցույց տալ ընդհանուր վարկանիշը արդյունքների աղյուսակում,הצג דירוג כללי על לוח תוצאות,عرض الترتيب العام على لوحة النتائج,Εμφάνιση συνολικής κατάταξης στον πίνακα αποτελεσμάτων,スコアボードに総合順位を表示,1119
Competition.SinclairMeet,Medals according to Overall Best Athlete Score,,,Medallas basadas en la puntuación general del mejor atleta,,Medallas según la mejor puntuación general del atleta,Medallas basadas en la puntuación general del mejor atleta,Medallas basadas en la puntuación general del mejor atleta,Médailles selon le pointage global du meilleur athlète,,,Medalhas baseadas na pontuação geral do melhor atleta,Медали по общему баллу лучшего спортсмена,Medaillen basierend auf der Gesamtpunktzahl des besten Athleten,Medaljer baserade på den bästa idrottarens totalpoäng,Medaljer tildeles udfra score for bedste atlet,Mitalit parhaan urheilijan kokonaispistemäärän perusteella,Medaljer i henhold til den samlede poengsummen for beste utøver,Medals according to Overall Best Athlete Score,Érmek a legjobb versenyző összesített pontszám szerint,Medalii conform punctajului general al celui mai bun concurent,Medale przyznawane na podstawie ogólnego wyniku najlepszego sportowca,Մեդալներ՝ լավագույն մարզիկի ընդհանուր գնահատականի հիման վրա,מדליות לפי שיטת ניקוד לספורטאי המצטיין,الميداليات وفقًا للنقاط العامة لأفضل رياضي,Μετάλλια σύμφωνα με τη συνολική βαθμολογία του καλύτερου αθλητή, 総合最優秀選手スコアに基づくメダル授与,1120
Competition.SinclairMeetExplanation,"No body weight divisions for medals. Medals are given according to the overall scoring system (Sinclair, Robi, Q-Points, etc.). ",,,"No se otorgan medallas por peso corporal. Las medallas se otorgan según el sistema de puntuación general (Sinclair, Robi, Puntos Q, etc.).",,"No se otorgan medallas por peso corporal. Las medallas se otorgan según el sistema de puntuación general (Sinclair, Robi, Puntos Q, etc.).","No se otorgan medallas por peso corporal. Las medallas se otorgan según el sistema de puntuación general (Sinclair, Robi, Puntos Q, etc.).","No se otorgan medallas por peso corporal. Las medallas se otorgan según el sistema de puntuación general (Sinclair, Robi, Puntos Q, etc.).","Aucune division de poids corporel pour les médailles. Les médailles sont décernées selon le système de pointage global (Sinclair, Robi, Q-Points, etc.). ",,,"Não há divisão de peso corporal para medalhas. As medalhas são concedidas de acordo com o sistema de pontuação geral (Sinclair, Robi, Q-Points, etc.).","Никаких весовых категорий для медалей. Медали начисляются по общей системе баллов (Синклер, Роби, Q-Points и т. д.). ","Keine Gewichtsklassen-Einteilung für Medaillen. Medaillen werden nach dem Gesamtpunktesystem (Sinclair, Robi, Q-Points etc.) vergeben. ","Ingen kroppsviktsdelning för medaljer. Medaljer delas ut med hjälp av det totala poängsystemet (Sinclair, Robi, Q-Points, etc.).","Ingen vægtklasseinddeling. Medaljer i henhold til samlet scoresystem (Sinclair, Robi, Q-points osv.)","Ei ruumiinpainojakoa mitaleille. Mitalit jaetaan yleisellä pisteytysjärjestelmällä (Sinclair, Robi, Q-pisteet jne.).","Ingen medaljer for vektklasser. Medaljer gis i henhold til det samlede poengsystemet (Sinclair, Robi, Q-Points, etc.). ","No body weight divisions for medals. Medals are given according to the overall scoring system (Sinclair, Robi, Q-Points, etc.). ","Az érmek nem súlycsoport szerint vannak osztva. Az érmeket az összesített pontozási rendszer szerint osztják ki (Sinclair, Robi, Q-Points stb.).","Medaliile nu se acordă pe categorii de greutate. Medaliile sunt acordate conform sistemului de puncte cumulate (Sinclair, Robi, Q-Points etc.).","Medale nie są klasyfikowane według wagi ciała. Medale przyznawane są według ogólnego systemu punktacji (Sinclair, Robi, Q-Points itp.).","Մեդալների համար մարմնի քաշի բաժանում չկա. Մեդալները շնորհվում են ընդհանուր միավորների համակարգով (Sinclair, Robi, Q-Points և այլն):","לא קיים קטגוריית משקל למדליות. הענקת מדליות היא לפי שיטת ניקוד כללית (Sinclair, Robi, Q-Points, etc.).",لا توجد تقسيمات لوزن الجسم للميداليات. تُمنح الميداليات وفقًا لنظام النقاط العام (Sinclair، Robi، Q-Points، إلخ).,"Δεν υπάρχουν κατηγορίες σωματικού βάρους για μετάλλια. Τα μετάλλια δίνονται σύμφωνα με το συνολικό σύστημα βαθμολόγησης (Sinclair, Robi, Q-Points κ.λπ.). ",階級別のメダルはありません。メダルはSinclair、Robi、Qポイントなどの総合スコア方式で授与されます,1121
Ranking.AGEFACTORS,Q-youth,,,Q-youth,Q-youth,Q-youth,Q-youth,Q-youth,Q-youth,,,Q-youth,Q-youth,Q-jugend,Q-youth,Q-youth,Q-youth,Q-ungdom,Q-youth,Q-youth,Q-youth,Q-youth,Q-youth,Q-youth,Q-youth,Q-νεολαία,Qユース,1122
Results.AGEFACTORS,Q-youth,,,Q-youth,Q-youth,Q-youth,Q-youth,Q-youth,Q-youth,,,Q-youth,Q-youth,Q-jugend,Q-youth,Q-youth,Q-youth,Q-ungdom,Q-youth,Q-youth,Q-youth,Q-youth,Q-youth,Q-youth,Q-youth,Q-νεολαία,Qユース,1123
Ranking.QAGE,Q-masters,,,Q-masters,Q-masters,Q-masters,Q-masters,Q-masters,Q-masters,,,Q-masters,Q-masters,Q-masters,Q-masters,Q-masters,Q-masters,Q-masters,Q-masters,Q-masters,Q-masters,Q-masters,Q-masters,Q-masters,Q-masters,Q-master,Qマスターズ,1124
Results.QAGE,Q-masters,,,Q-masters,Q-masters,Q-masters,Q-masters,Q-masters,Q-masters,,,Q-masters,Q-masters,Q-masters,Q-masters,Q-masters,Q-masters,Q-masters,Q-masters,Q-masters,Q-masters,Q-masters,Q-masters,Q-masters,Q-masters,Q-master,Qマスターズ,1125
Ranking.BW_SINCLAIR,Sinclair,,,Sinclair,,Sinclair,Sinclair,Sinclair,Sinclair,,,Sinclair,Синклер,Sinclair,Sinclair,Sinclair,Sinclair,Sinclair,Sinclair,Sinclair,Sinclair,Sinclair,Սինկլեր,סינקליר,Sinclair,Σινκλέρ,シンクレア,1126
Ranking.SMM,SM(H)F,,,SM(H)F,,SM(H)F,SM(H)F,SM(H)F,SM(H)F,,,SM(H)F,SM(H)F,SM(H)F,SM(H)F,SM(H)F,SM(H)F,SM(H)F,SM(H)F,SM(H)F,SM(H)F,SM(H)F,SM(H)F,SM(H)F,SM(H)F,SM(H)F,SM(H)F,1127
Ranking.ROBI,Robi,,,Robi,,Robi,Robi,Robi,Robi,,,Robi,Роби,Robi,Robi,Robi,Robi,Robi,Robi,Robi,Robi,Robi,"Ռոբի, Աղջիկներ",Robi,Robi,Ρόμπι,Robi,1128
Ranking.QPOINTS,Q-points,,,Q-points,,Q-points,Q-points,Q-points,Q-points,,,Q-points,Q-баллы,Q-points,Q-points,Q-points,Q-points,Q-poeng,Q-points,Q-points,Q-points,Q-points,Q-միավոր,Q-points,Q-points,Q-points,Q-points,1129
Ranking.GAMX,GAMX,,,GAMX,,GAMX,GAMX,GAMX,GAMX,,,GAMX,ГАМКС,GAMX,GAMX,GAMX,GAMX,GAMX,GAMX,GAMX,GAMX,GAMX,GAMX,GAMX,GAMX,GAMX,GAMX,1130
Ranking.CUSTOM,Custom,,,Personalizado,,Personalizado,Personalizado,Personalizado,Custom,,,Personalizado,Индивидуальный,Benutzerdefiniert,Custom,Tilpasset,Muokattu,Tilpasset,Custom,Egyedi,Personalizat,Custom,Անհատական,מותאם,مخصص,Εθιμο,カスタム,1131
Ranking.CAT_SINCLAIR,Category Sinclair,,,Categoría Sinclair,,Categoría Sinclair,Categoria Sinclair,Categoria Sinclair,Sinclair Cat.,,,Categoria Sinclair,Категория Синклер,Kategorie Sinclair,Category Sinclair,Vægtklasse Sinclair,Painoluokka Sinclair,Kategori Sinclair,Category Sinclair,Sinclair kategória,Categorie Sinclair,Category Sinclair,Սիկլեր կարգ,קטגוריית סינקלייר,فئة Sinclair,Κατηγορία Sinclair,階級別シンクレア,1132
RankingExplanation.AGEFACTORS,Q-Youth: totals adjusted for age and body weight (U9 - U20),,,Q-Youth: totales ajustados por edad y peso corporal (U9 - U20),,Q-Youth: totales ajustados por edad y peso corporal (U9 - U20),Q-Youth: totales ajustados por edad y peso corporal (U9 - U20),Q-Youth: totales ajustados por edad y peso corporal (U9 - U20),Q-Youth: totaux ajustés selon l'âge et le poids corporel (U9 - U20),,,Q-Youth: totais ajustados por idade e peso corporal (U9 - U20),Q-Youth: общие показатели скорректированы с учетом возраста и массы тела.  (U9 - U20),Q-Jugend: Gesamtwerte angepasst an Alter und Körpergewicht (U9 - U20),Q-Youth: summor justerade för ålder och kroppsvikt (U9 - U20),Q-Youth: totaler justeret for alder og kropsvægt (U9 - U20),Q-Youth iän ja ruumiinpainon mukaan mukautetut kokonaissummat,Q-Youth: totaler justert for alder og kroppsvekt (U9 - U20),Q-Youth: totals adjusted for age and body weight (U9 - U20),Q-Youth: életkorhoz és testtömeghez igazított összesítés (U9 - U20),Q-Youth: totaluri ajustate pentru vârstă și greutatea corporală (U9 - U20),Q-Youth: wartości całkowite dostosowane do wieku i masy ciała (U9 - U20),Q-Youth. ընդհանուր գումարները ճշգրտվում են ըստ տարիքի և մարմնի քաշի (U9 - U20),Q-youth: סיכומים מותאמים לגיל ומשקל (U9 - U20),Q-Youth: المجموعات المعدلة حسب العمر والوزن,Q-Youth: σύνολα προσαρμοσμένα για την ηλικία και το σωματικό βάρος (U9 - U20),Qユース：年齢と体重に基づく補正トータル（U9～U20）,1133
RankingExplanation.QAGE,Q-Masters: totals adjusted for age and body weight,,,Q-Masters: totales ajustados por edad y peso corporal,,Q-Masters: totales ajustados por edad y peso corporal,Q-Masters: totales ajustados por edad y peso corporal,Q-Masters: totales ajustados por edad y peso corporal,Q-Masters: totaux ajustés selon l'âge et le poids corporel,,,Q-Masters: totais ajustados por idade e peso corporal,Q-Masters: общие показатели скорректированы с учетом возраста и массы тела.,Q-Masters: Gesamtwerte angepasst an Alter und Körpergewicht,Q-Masters: summor justerade för ålder och kroppsvikt,Q-Masters: totaler justeret for alder og kropsvægt,Q-Masters iän ja ruumiinpainon mukaan mukautetut kokonaissummat,Q-Masters: totaler justert for alder og kroppsvekt,Q-Masters: totals adjusted for age and body weight,Q-Masters: életkorhoz és testtömeghez igazított összesítés,Q-Masters: totaluri ajustate pentru vârstă și greutatea corporală,Q-Masters: wartości całkowite dostosowane do wieku i masy ciała,Q-Masters. ընդհանուր գումարները ճշգրտվում են ըստ տարիքի և մարմնի քաշի,Q-Masters: סיכומים מותאמים לגיל ומשקל,Q-Masters: المجموعات المعدلة حسب العمر والوزن,Q-Masters: σύνολα προσαρμοσμένα για την ηλικία και το σωματικό βάρος,Qマスターズ：年齢と体重に基づく補正トータル,1134
RankingExplanation.BW_SINCLAIR,Sinclair,,,Sinclair,,Sinclair,Sinclair,Sinclair,Sinclair,,,Sinclair,Синклер,Sinclair,Sinclair,Sinclair,Sinclair,Sinclair,Sinclair,Sinclair,Sinclair,Sinclair,Սինկլեր,סינקליר,Sinclair,Σινκλέρ,シンクレア,1135
RankingExplanation.SMM,SM(H)F,,,SM(H)F,,SM(H)F,SM(H)F,SM(H)F,SM(H)F,,,SM(H)F,SM(H)F,SM(H)F,SM(H)F,SM(H)F,SM(H)F,SM(H)F,SM(H)F,SM(H)F,SM(H)F,SM(H)F,SM(H)F,SM(H)F,SM(H)F,SM(H)F,SM(H)F,1136
RankingExplanation.ROBI,Robi,,,Robi,,Robi,Robi,Robi,Robi,,,Robi,Роби,Robi,Robi,Robi,Robi,Robi,Robi,Robi,Robi,Robi,"Ռոբի, Աղջիկներ",Robi,Robi,Ρόμπι,Robi,1137
RankingExplanation.QPOINTS,Q-points: totals adjusted for body weight,,,Q-points: totales ajustados por peso corporal,,Q-points: totales ajustados por peso corporal,Q-points: totales ajustados por peso corporal,Q-points: totales ajustados por peso corporal,Q-points: totaux ajustés selon le poids corporel,,,Q-points: totais ajustados para peso corporal,Q-points: общие суммы скорректированы с учетом массы тела.,Q-points: Gesamtwerte angepasst an das Körpergewicht,Q-poäng: totalsummor justerade för kroppsvikt,Q-points: totaler justeret for kropsvægt,Q-points: ruumiinpainoon mukautetut kokonaismäärät,Q-poeng: totaler justert for kroppsvekt,Q-points: totals adjusted for body weight,Q-points: a testsúlyhoz igazított összesített érték,Q-points: totaluri ajustate pentru greutatea corporală,Q-points: suma skorygowana o masę ciała,Q-points: ընդհանուր գումարները ճշգրտվում են մարմնի քաշի համար,Q-points: סיכומים מותאמים למשקל גוף,Q-points: المجموعات المعدلة حسب وزن الجسم,Πόντοι Q: σύνολα προσαρμοσμένα για το σωματικό βάρος,Qポイント：体重に基づく補正トータル,1138
RankingExplanation.GAMX,GAMX,,,GAMX,,GAMX,GAMX,GAMX,GAMX,,,GAMX,ГАМКС,GAMX,GAMX,GAMX,GAMX,GAMX,GAMX,GAMX,GAMX,GAMX,GAMX,GAMX,GAMX,GAMX,GAMX,1139
RankingExplanation.CUSTOM,Custom,,,Personalizado,,Personalizado,Personalizado,Personalizado,Custom,,,Personalizado,Индивидуальный,Benutzerdefiniert,Custom,Tilpasset,Muokattu,Skikk,Custom,Egyedi,Personalizat,Custom,Անհատական,מותאם,مخصص,Εθιμο,カスタム,1140
RankingExplanation.CAT_SINCLAIR,Category Sinclair: Sinclair at category weight,,,Categoria Sinclair,,Categoría Sinclair,Categoria Sinclair,Categoria Sinclair,Sinclair Cat.,,,Categoria Sinclair,Категория Синклер,Kategorie Sinclair,Category Sinclair,Vægtklasse Sinclair,Painoluokka Sinclair,Kategori Sinclair: Sinclair i vektklasse,Category Sinclair: Sinclair at category weight,Sinclair kategória,Categorie Sinclair,Category Sinclair,Սիկլեր կարգ,קטגורית סינקליר: סינקליר לפי קטגורית משקל,فئة Sinclair: Sinclair عند وزن الفئة,Κατηγορία Sinclair: Sinclair σε βάρος κατηγορίας,階級体重に基づくシンクレア計算,1141
Ranking.BestAthlete,Score for best athlete,,,Puntuación para el mejor atleta,,Puntuación para el mejor deportista,Puntuación para el mejor atleta,Puntuación para el mejor atleta,Pointage pour meilleur athlète,,,Pontuação para melhor atleta,Оценка лучшему спортсмену,Wertung für den besten Sportler,Poäng för bästa idrottare,Score for bedste atlet,Pisteet parhaalle urheilijalle,Poeng for beste utøver,Score for best athlete,Pontszám a legjobb sportolónak,Scor pentru cel mai bun sportiv,Wynik dla najlepszego sportowca,Միավոր լավագույն մարզիկի համար,תוצעה לספורטאי מצטיין,النتيجة لأفضل رياضي,Βαθμολογία για τον καλύτερο αθλητή,最優秀選手のスコア,1142
NoCollarsUnder,No collars if the requested weight is less than,,,No se permiten collarines si el peso solicitado es inferior a,,No se permiten collarines si el peso solicitado es inferior a,No se permiten collarines si el peso solicitado es inferior a,No se permiten collarines si el peso solicitado es inferior a,Pas de colliers si le poids demandé est inférieur à,Pas de collets si le poids demandé est inférieur à,,Não serão permitidas coleiras se o peso solicitado for inferior a,"Нет замков, если запрошенный вес меньше","Keine Verschlüsse, wenn das gewünschte Gewicht geringer ist als ",Inga kragar om den begärda vikten är mindre än,"Ingen låse, hvis ønsket vægt er mindre end","Ei lukkoja, jos pyydetty paino on vähemmän kuin",Ingen låser hvis ønsket vekt er mindre enn,No collars if requested weight is less than,"Nincs bilincs, ha a kért súly kisebb, mint
","Fără cleme, dacă greutatea cerută este mai mică decât","Brak obroży, jeśli żądana waga jest mniejsza niż","Ոչ մի մանյակ, եթե պահանջվող քաշը պակաս է",ללא סוגרים עם המשקל המבוקש הוא מתחת,لا يُسمح باستخدام الأساور إذا كان الوزن المطلوب أقل من,Όχι γιακά αν το ζητούμενο βάρος είναι μικρότερο από,要求された重量が以下の場合、首輪は不要です,1143
EditChampionships.Title,Edit Championships,,,Editar campeonatos,,Editar campeonatos,Editar campeonatos,Editar campeonatos,Éditer les championnats,,,Editar Campeonatos,Редактировать чемпионаты,Meisterschaften bearbeiten,Redigera mästerskap,Rediger mesterskaber,Muokkaa mestaruuskilpailuja,Rediger mesterskap,Edit championships,Bajnokságok szerkesztése,Editează campionate,Edytuj Mistrzostwa,Խմբագրել առաջնությունները,ערוך אליפויות,تحرير البطولات,Επεξεργασία πρωταθλημάτων,選手権カテゴリーを編集,1144
MedalScoringSystem,Medals awarded based on score?,,,¿Se otorgarán medallas según la puntuación?,,¿Se otorgarán medallas según la puntuación?,¿Se otorgarán medallas según la puntuación?,¿Se otorgarán medallas según la puntuación?,Médailles attribuées au score?,Médailles attribuées au pointage?,,Medalhas concedidas com base na pontuação?,Медали присуждаются по баллам?,Werden Medaillen auf Grundlage der Punktzahl vergeben?,Medaljer tilldelade baserat på poäng?,Medaljer tildelt baseret på score?,Mitalit jaetaan pisteiden perusteella?,Medaljer tildelt etter poengsum?,Medals awarded by score?,Érmek kiosztása pontszám szerint?,Acordarea de medalii în funcție de punctaj?,Czy medale są przyznawane na podstawie wyników?,Մեդալներ շնորհվե՞լ են ըստ միավորների:,חלוקת מדליות על פי ניקוד ?,هل ستُمنح الميداليات بناءً على النقاط؟,Μετάλλια που απονέμονται κατά βαθμολογία;,スコアに応じてメダルが授与されますか?,1145
CodeIncludesGender,The code contains the gender,,,El código contiene el género,,El código contiene el género,El código contiene el género,El código contiene el género,Le code contient le genre,,,O código contém o gênero,Код содержит пол,Der Code enthält das Geschlecht,Koden innehåller könet,Koden indeholder kønnet,Koodi sisältää sukupuolen,Koden inneholder kjønn,The code contains the gender,A kód tartalmazza a nemet,Codul conține genul,Kod zawiera płeć,Կոդը պարունակում է սեռը,הקוד מכיל את המגדר,الكود يحتوي على الجنس,Ο κωδικός περιέχει το φύλο,コードには性別が含まれています,1146
ExportCurrentRecords,Export current records,,,Exportar récords actuales,,Exportar récords actuales,Exportar récords actuales,Exportar récords actuales,Exporter les records actuels,,,Exportar recordes atualizados,Экспортировать текущие записи,Aktuelle Datensätze exportieren,Exportera aktuella poster,Eksporter aktuelle poster,Vie nykyiset tietueet,Eksporter gjeldende rekorder,Export current records,Aktuális rekordok exportálása,Exportați recordurile curente,Eksportuj bieżące rekordy,Արտահանել ընթացիկ գրառումները,יצא רשומות נוכחיות,تصدير السجلات الحالية,Εξαγωγή τρεχουσών εγγραφών,現在のレコードをエクスポートする,1147
CategoryAssignment.Title,BEWARE!,,,¡CUIDADO!,,¡CUIDADO!,¡CUIDADO!,¡CUIDADO!,MÉFIEZ-VOUS!,,,CUIDADO!,ОСТЕРЕГАТЬСЯ!,VORSICHT!,AKTA SIG!,PAS PÅ!,VARO!,PASS PÅ!,BEWARE!,VIGYÁZAT!,ATENȚIE!,STRZEC SIĘ!,ԶԳՈՒՇԱՑԵՔ,זהיורות!,تحذير!,ΠΡΟΣΕΧΩ!,注意！,1148
CategoryAssignment.Warning,"There are athletes already assigned to the existing categories in this age group.
If you confirm the age group changes, these existing categories will be removed.
You will need to review the athletes in this age group and reassign the categories.",,,"Ya hay atletas asignados a las categorías existentes en este grupo de edad.
Si confirma los cambios en el grupo de edad, estas categorías se eliminarán.
Deberá revisar a los atletas de este grupo de edad y reasignar las categorías.",,"Ya hay atletas asignados a las categorías existentes en este grupo de edad.
Si confirma los cambios en el grupo de edad, estas categorías se eliminarán.
Deberá revisar a los atletas de este grupo de edad y reasignar las categorías.","Ya hay atletas asignados a las categorías existentes en este grupo de edad.
Si confirma los cambios en el grupo de edad, estas categorías se eliminarán.
Deberá revisar a los atletas de este grupo de edad y reasignar las categorías.","Ya hay atletas asignados a las categorías existentes en este grupo de edad.
Si confirma los cambios en el grupo de edad, estas categorías se eliminarán.
Deberá revisar a los atletas de este grupo de edad y reasignar las categorías.","Des athlètes sont déjà affectés aux catégories existantes de cette tranche d'âge.
Si vous confirmez les modifications de tranche d'âge, ces catégories existantes seront supprimées.
Vous devrez réexaminer les athlètes de cette tranche d'âge et réaffecter les catégories.",,,"Já existem atletas atribuídos às categorias existentes nesta faixa etária.
Se você confirmar as alterações na faixa etária, essas categorias existentes serão removidas.
Você precisará revisar os atletas nesta faixa etária e reatribuir as categorias.","В этой возрастной группе уже есть спортсмены, отнесенные к существующим категориям.
Если вы подтвердите изменение возрастной группы, существующие категории будут удалены.
Вам нужно будет просмотреть спортсменов этой возрастной группы и переназначить категории.","Den bestehenden Gewichtsklassen dieser Altersgruppe sind bereits Sportler zugeordnet.
Wenn Sie die Altersgruppenänderungen bestätigen, werden diese vorhandenen Gewichtsklassen entfernt.
Sie müssen die Athleten dieser Altersgruppe überprüfen und die Gewichtsklassen neu zuweisen.","Det finns redan idrottare som tillhör de befintliga kategorierna i denna åldersgrupp.
Om du bekräftar åldersgruppsändringarna kommer dessa befintliga kategorier att tas bort.
Du måste granska idrottarna i den här åldersgruppen och tilldela om kategorierna.","Der er allerede tildelt atleter til de eksisterende kategorier i denne aldersgruppe.
Hvis du bekræfter aldersgruppeændringerne, vil disse eksisterende kategorier blive fjernet.
Du skal gennemgå atleterne i denne aldersgruppe og omplacere kategorierne.","Tässä ikäryhmässä on jo urheilijoita, jotka on määrätty olemassa oleviin luokkiin.
Jos vahvistat ikäryhmän muutokset, nämä olemassa olevat luokat poistetaan.
Sinun on tarkistettava tämän ikäryhmän urheilijat ja määritettävä luokat uudelleen.","Det er allerede utøvere tildelt de eksisterende kategoriene i denne aldersgruppen.
Hvis du bekrefter aldersgruppeendringene, vil disse eksisterende kategoriene bli fjernet.
Du må gå gjennom utøverne i denne aldersgruppen og tildele kategoriene på nytt.","There are athletes already assigned to the existing categories in this age group.
If you confirm the age group changes, these existing categories will be removed.
You will need to review the athletes in this age group and reassign the categories.","Ebben a korcsoportban már vannak sportolók a meglévő kategóriákba besorolva.
Ha megerősíti a korcsoport módosításait, akkor ezek a meglévő kategóriák eltávolításra kerülnek.
Át kell tekintenie az ebbe a korcsoportba tartozó sportolókat, és át kell osztania a kategóriákat.","Există sportivi deja repartizați la categoriile existente în această grupă de vârstă.
Dacă confirmați modificările grupului de vârstă, aceste categorii existente vor fi eliminate.
Va trebui să revizuiți sportivii din această grupă de vârstă și să reatribuiți categoriile.","W tej grupie wiekowej są już zawodnicy przypisani do istniejących kategorii.
Jeśli potwierdzisz zmianę kategorii wiekowej, istniejące kategorie zostaną usunięte.
Będziesz musiał sprawdzić zawodników w tej grupie wiekowej i ponownie przypisać im kategorie.","Այս տարիքային խմբում արդեն կան մարզիկներ, որոնք նշանակված են գոյություն ունեցող կատեգորիաներին:
Եթե հաստատեք տարիքային խմբի փոփոխությունները, այս գոյություն ունեցող կատեգորիաները կհեռացվեն:
Դուք պետք է վերանայեք այս տարիքային խմբի մարզիկներին և վերանշեք կատեգորիաները:","יש ספורטאים שכבר שויכו לקטגוריות הקיימות בקבוצת הגיל הזו.
 אם תאשר את השינויים בקבוצת הגיל הקטגוריות הקיימות הללו יוסרו.
 תצטרך לסקור את הספורטאים בקבוצת גיל זו ולהקצות מחדש את הקטגוריות.",تحذير! هناك رياضيون معينون بالفعل في الفئات الحالية في هذه الفئة العمرية. إذا كنت تؤكد تغييرات الفئة العمرية ، فسيتم إزالة هذه الفئات الحالية. ستحتاج إلى مراجعة الرياضيين في هذه الفئة العمرية وإعادة تعيين الفئات.,"Υπάρχουν ήδη αθλητές που έχουν τοποθετηθεί στις υπάρχουσες κατηγορίες σε αυτήν την ηλικιακή ομάδα.
Εάν επιβεβαιώσετε τις αλλαγές της ηλικιακής ομάδας, αυτές οι υπάρχουσες κατηγορίες θα καταργηθούν.
Θα χρειαστεί να ελέγξετε τους αθλητές σε αυτήν την ηλικιακή ομάδα και να επαναπροσδιορίσετε τις κατηγορίες.","この年齢区分には、すでに既存の階級に割り当てられている選手がいます。
年齢区分の変更を確定すると、これらの既存の階級は削除されます。
この年齢区分の選手を再確認し、階級を再割り当てする必要があります",1149
ManageOwlcms.Title,Manage the owlcms program,,,Administrar el programa owlcms,,Administrar el programa owlcms,Administrar el programa owlcms,Administrar el programa owlcms,Gérer le programme owlcms,,,Gerenciar o programa owlcms,Управление программой owlcms,Verwalte das OWLCMS-Programm,Hantera owlcms-programmet,Administrer owlcms-programmet,Hallitse owlcms-ohjelmaa,Administrer owlcms-programmet,Manage the owlcms program,Kezelje az owlcms programot,Gestionați programul owlcms,Zarządzaj programem owlcms,Կառավարեք owlcms ծրագիրը,נהל את תוכנת owlcms,إدارة برنامج owlcms,Διαχειριστείτε το πρόγραμμα owlcms,owlcmsプログラムを管理する,1150
ManageOwlcms.Warning,Use with extreme caution: These features affect all users of the system.,,,Úselo con extrema precaución: estas características afectan a todos los usuarios del sistema.,,Úselo con extrema precaución: estas características afectan a todos los usuarios del sistema.,Úselo con extrema precaución: estas características afectan a todos los usuarios del sistema.,Úselo con extrema precaución: estas características afectan a todos los usuarios del sistema.,Utiliser avec extrème prudence:  Ces fonctions affectent tous les utilisateurs du système.,,,Use com extremo cuidado: esses recursos afetam todos os usuários do sistema.,Используйте с особой осторожностью: эти функции затрагивают всех пользователей системы.,Mit äußerster Vorsicht verwenden: Diese Funktionen betreffen alle Benutzer des Systems.,Använd med extrem försiktighet: Dessa funktioner påverkar alla användare av systemet.,Brug med ekstrem forsigtighed: Disse funktioner påvirker alle brugere af systemet.,Käytä erittäin varoen: Nämä ominaisuudet vaikuttavat kaikkiin järjestelmän käyttäjiin.,Bruk med ekstrem forsiktighet: Disse funksjonene påvirker alle brukere av systemet.,Use with extreme caution: These features affect all users of the system.,Használja rendkívül óvatosan: Ezek a szolgáltatások a rendszer minden felhasználóját érintik.,Utilizați cu precauție extremă: Aceste caracteristici afectează toți utilizatorii sistemului.,Używaj z zachowaniem szczególnej ostrożności: Funkcje te dotyczą wszystkich użytkowników systemu.,Օգտագործեք ծայրահեղ զգուշությամբ. այս հատկանիշները ազդում են համակարգի բոլոր օգտագործողների վրա:,יש להשתמש עם זהירות מוגברת: הגדרות אלו משפיעים על כלל משתמשי המערכת,استخدم بحذر شديد: هذه الميزات تؤثر على جميع مستخدمي النظام.,Χρήση με εξαιρετική προσοχή: Αυτές οι λειτουργίες επηρεάζουν όλους τους χρήστες του συστήματος.,細心の注意を払って使用してください。これらの機能はシステムのすべてのユーザーに影響します。,1151
ManageOwlcms.Restart,Restart the program,,,Reiniciar el programa,,Reiniciar el programa,Reiniciar el programa,Reiniciar el programa,Relancer le programme,,,Reinicie o programa,Перезапустите программу,Starte das Programm neu,Starta om programmet,Genstart programmet,Käynnistä ohjelma uudelleen,Start programmet på nytt,Restart the program,Indítsa újra a programot,Reporniți programul,Uruchom ponownie program,Վերագործարկեք ծրագիրը,אתחל את המערכת,إعادة تشغيل البرنامج,Επανεκκινήστε το πρόγραμμα,プログラムを再起動します,1152
ManageOwlcms.RestartWarning,Restarting the program will cause an interruption of several seconds. All consoles and screens will reload after startup.,,,Reiniciar el programa provocará una interrupción de varios segundos. Todas las consolas y pantallas se recargarán tras el inicio.,,Reiniciar el programa provocará una interrupción de varios segundos. Todas las consolas y pantallas se recargarán tras el inicio.,Reiniciar el programa provocará una interrupción de varios segundos. Todas las consolas y pantallas se recargarán tras el inicio.,Reiniciar el programa provocará una interrupción de varios segundos. Todas las consolas y pantallas se recargarán tras el inicio.,Relancer le programme causera une interruption de plusieurs secondes. Toutes les consoles et écrans se rechargeront après le démarrage.,,,Reiniciar o programa causará uma interrupção de alguns segundos. Todos os consoles e telas serão recarregados após a inicialização.,Перезапуск программы приведет к прерыванию работы на несколько секунд. Все консоли и экраны перезагрузятся после запуска.,Ein Neustart des Programms führt zu einer Unterbrechung von mehreren Sekunden. Alle Konsolen und Bildschirme werden nach dem Start neu geladen.,Om du startar om programmet kommer det att orsaka ett avbrott på flera sekunder. Alla konsoler och skärmar laddas om efter start.,Genstart af programmet vil medføre en afbrydelse på flere sekunder. Alle konsoller og skærme genindlæses efter opstart.,Ohjelman uudelleenkäynnistys aiheuttaa useiden sekuntien keskeytyksen. Kaikki konsolit ja näytöt latautuvat uudelleen käynnistyksen jälkeen.,Omstart av programmet vil føre til et avbrudd på flere sekunder. Alle konsoller og skjermer vil lastes inn på nytt etter oppstart.,Restarting the program will cause an interruption of several seconds. All consoles and screens will reload after startup.,A program újraindítása több másodperces megszakítást okoz. Indítás után minden konzol és képernyő újratöltődik.,Repornirea programului va cauza o întrerupere de câteva secunde. Toate consolele și ecranele se vor reîncărca după pornire.,Ponowne uruchomienie programu spowoduje kilkusekundową przerwę. Wszystkie konsole i ekrany zostaną ponownie załadowane po uruchomieniu.,Ծրագրի վերագործարկումը կհանգեցնի մի քանի վայրկյանի ընդհատմանը: Բոլոր վահանակները և էկրանները կվերաբեռնվեն գործարկումից հետո:,אתחול המערכת תגרום להפרעה של מספר שניות. כלל הממשקים והמסכים יעברו רענון לאחר האתחול.,إعادة تشغيل البرنامج سيسبب انقطاعاً لعدة ثوان. جميع وحدات التحكم والشاشات ستُعاد تحميلها بعد البدء.,Η επανεκκίνηση του προγράμματος θα προκαλέσει διακοπή αρκετών δευτερολέπτων. Όλες οι κονσόλες και οι οθόνες θα επαναφορτωθούν μετά την εκκίνηση.,プログラムを再起動すると数秒間の中断が発生します。起動後、すべてのコンソールと画面が再読み込みされます。,1153
ManageOwlcms.Stop,Stop the program completely,,,Detener el programa por completo,,Detener el programa por completo,Detener el programa por completo,Detener el programa por completo,Arrêter complètement le programme,,,Pare o programa completamente,Полностью остановить программу,Stoppe das Programm vollständig,Stoppa programmet helt,Stop programmet helt,Pysäytä ohjelma kokonaan,Stopp programmet helt,Stop the program completely,Állítsa le teljesen a programot,Opriți complet programul,Całkowicie zatrzymaj program,Ամբողջովին դադարեցրեք ծրագիրը,עצור את המערכת,إيقاف البرنامج كلياً,Διακόψτε τελείως το πρόγραμμα,プログラムを完全に停止する,1154
ManageOwlcms.StopWarning,Shutting down will close the program. You will need to start it manually.<br>All consoles and screens will reload after startup.,,,"Al apagar el programa, se cerrará. Deberá iniciarlo manualmente.<br>Todas las consolas y pantallas se recargarán después del inicio.",,"Al apagar el programa, se cerrará. Deberá iniciarlo manualmente.<br>Todas las consolas y pantallas se recargarán después del inicio.","Al apagar el programa, se cerrará. Deberá iniciarlo manualmente.<br>Todas las consolas y pantallas se recargarán después del inicio.","Al apagar el programa, se cerrará. Deberá iniciarlo manualmente.<br>Todas las consolas y pantallas se recargarán después del inicio.",L'arrêt entraînera la fermeture du programme. Il faudra le démarrer manuellement.<br>Toutes les consoles et écrans se rechargeront après le démarrage.,,,"Ao desligar, o programa será fechado. Você precisará iniciá-lo manualmente.<br>Todos os consoles e telas serão recarregados após a inicialização.",Остановка приведет к закрытию программы. Вам придется запустить его вручную.<br>Все консоли и экраны перезагрузятся после запуска.,"Das Stoppen führt dazu, dass das Programm geschlossen wird. Du musst es manuell starten.<br>Alle Konsolen und Bildschirme werden nach dem Start neu geladen.",Om du stänger av stängs programmet. Du måste starta den manuellt.<br>Alla konsoler och skärmar laddas om efter start.,Lukning vil lukke programmet. Du skal starte det manuelt.<br>Alle konsoller og skærme genindlæses efter opstart.,Sammuttaminen sulkee ohjelman. Sinun on käynnistettävä se manuaalisesti.<br>Kaikki konsolit ja näytöt latautuvat uudelleen käynnistyksen jälkeen.,Stopp vil føre til at programmet lukkes. Du må starte den manuelt.<br>Alle konsoller og skjermer vil lastes inn på nytt etter oppstart.,Shutting down will close the program. You will need to start it manually.<br>All consoles and screens will reload after startup.,A leállítás a program bezárását okozza. Manuálisan kell elindítania.<br>Az indítás után minden konzol és képernyő újratöltődik.,Oprirea va duce la închiderea programului. Va trebui să îl porniți manual.<br>Toate consolele și ecranele se vor reîncărca după pornire.,Zamknięcie programu spowoduje jego zamknięcie. Należy go uruchomić ręcznie.<br>Wszystkie konsole i ekrany zostaną ponownie załadowane po uruchomieniu.,Անջատումը կփակի ծրագիրը: Դուք պետք է այն գործարկեք ձեռքով:<br>Բոլոր վահանակները և էկրանները կվերաբեռնվեն գործարկումից հետո:,עצירה תגרום לכיבוי המערכת. יש להתחיל מחדש ידנית את המערכת <br/> כלל הממשקים והמסכים יעברו רענון לאחר העליה.,الإغلاق سيُغلق البرنامج. ستحتاج لبدئه يدوياً.<br>جميع وحدات التحكم والشاشات ستُعاد تحميلها بعد البدء.,Η διακοπή θα προκαλέσει το κλείσιμο του προγράμματος. Θα πρέπει να το ξεκινήσετε με μη αυτόματο τρόπο.<br>Όλες οι κονσόλες και οι οθόνες θα επαναφορτωθούν μετά την εκκίνηση.,シャットダウンするとプログラムも終了します。手動で起動する必要があります。<br>起動後、すべてのコンソールと画面が再読み込みされます。,1155
Records.Federation,Federation,,,Federación,,Federación,Federación,Federación,Fédération,,,Federação,Федерация,Verband,Federation,Forbund,Liitto,Forbund,Federation,Szövetség,Federaţie,Federacja,Ֆեդերացիա,התאחדות,اتحاد,Ομοσπονδία,連盟,1156
Records.RecordName,Record Name,,,Nombre del récord,,Nombre del récord,Nombre del récord,Nombre del récord,Nom du record,,,Nome do registro,Имя записи,Datensatzname,Rekordnamn,Rekord navn,Tietueen nimi,Rekordnavn,Record Name,Rekord neve,Nume înregistrare,Nazwa rekordu,Գրառման անունը,שם רשומה,اسم السجل,Όνομα εγγραφής,記録名,1157
Records.AgeGroup,Age Group,,,Grupo de edad,,Grupo de edad,Grupo de edad,Grupo de edad,Groupe d'âge,,,Faixa etária,Возрастная группа,Altersgruppe,Åldersgrupp,Aldersgruppe,Ikäryhmä,Aldersgruppe,Age Group,Korcsoport,Grupa de vârstă,Grupa wiekowa,Տարիքային խումբ,קבוצת גיל,مجموعة عمرية,Ηλικιακή ομάδα,年齢区分,1158
Records.M/F,Gender,,,Género,,Género,Género,Género,Genre,,,Gênero,Пол,Geschlecht,Kön,Køn,Sukupuoli,Kjønn,Gender,Nem,Gen,Płeć,Սեռ,מגדר,جنس,Γένος,性別,1159
Records.ageLow,Lower Age,,,Edad más baja,,Edad más baja,Edad más baja,Edad más baja,Âge inférieur,,,Idade Inferior,Младший возраст,Niedrigstes Alter,Lägre ålder,Nedre alder,Alempi Ikä,Laveste alder,Lower Age,Alsó korhatár,Vârsta minimă,Niższy wiek,Ստորին տարիք,גיל תחתון,أدنى عمر,Κατώτερη Ηλικία,最低年齢,1160
Records.ageUpper,Top Age,,,Edad superior,,Edad superior,Edad superior,Edad superior,Âge maximal,,,Idade máxima,Лучший возраст,Höchstalter,Toppålder,Øvre aldre,Huippu-ikä,Høyeste alder,Top Age,Felső korhatár,Varsta superioara,Najwyższy wiek,Լավագույն տարիք,גיל עליון,أقصى عمر,Κορυφαία Ηλικία,最高年齢,1161
Records.bwLow,Lower BodyWeight,,,Peso corporal más bajo,,Peso corporal más bajo,Peso corporal más bajo,Peso corporal más bajo,Poids du bas du corps,,,Peso corporal inferior,Нижняя часть телаВес,Unterstes Körpergewicht,Lägre kroppsvikt,Nedre vægtgrænse,Alempi kehon paino,Laveste kroppsvekt,Lower BodyWeight,Alsó súlyhatár,Greutatea inferioară a corpului,Dolna masa ciała,Ստորին մարմնի քաշը,משקל גוף תחתון,أدنى وزن جسم,Χαμηλότερο Σωματικό Βάρος,最低体重,1162
Records.bwUpper,Top Bodyweight,,,Peso corporal superior,,Peso corporal superior,Peso corporal superior,Peso corporal superior,Poids corporel maximal,,,Peso corporal máximo,Лучший вес,Top-Körpergewicht,Topp kroppsvikt,Øvre vægtgrænse,Huippukehon paino,Høyeste kroppsvekt,Top Bodyweight,Felső súlyhatár,Limita superioara de greutate,Największa masa ciała,Top Bodyweight,משקל גוף עליון,أقصى وزن جسم,Κορυφαίο σωματικό βάρος,最高体重,1163
Records.Lift,Modality,Type,Type,Modalidad,,Modalidad,Modalidad,Modalidad,Type,,,Modalidade,модальность,Modalität,Modalitet,Løft,Modaliteetti,Løft,Modality,Modalitás,Modalitate,Modalność,Մոդալություն,מצב משפחתי,نوع الرفع,Τυπικότης,種目,1164
Records.Record,Record Weight,,,Peso de récord,,Peso récord,Peso de récord,Peso de récord,Poids record,,,Peso recorde,Рекордный вес,Rekordgewicht,Rekordvikt,Rekordvægt,Ennätyspaino,Rekordvekt,Record Weight,Rekord súly,Record Weight,Rekordowa waga,Ռեկորդային քաշ,משקל שיא,وزن السجل,Βάρος ρεκόρ,記録重量,1165
Records.Name,Athlete,,,Atleta,,Atleta,Atleta,Atleta,Athlète,,,Atleta,Спортсмен,Athlet,Idrottsman,Atlet,Urheilija,Utøver,Athlete,Sportoló,Sportiv,Sportowiec,Մարզիկ,שם ספורטאי,رياضي,Αθλητής,選手名,1166
Records.Born,Birth Date,,,Fecha de nacimiento,,Fecha de nacimiento,Fecha de nacimiento,Fecha de nacimiento,Date de naissance,,,Data de nascimento,Дата рождения,Geburtsdatum,Födelsedatum,Fødselsdato,Syntymäpäivä,Fødselsdato,Birth Date,Születési dátum,Data de naștere,Data urodzenia,Ծննդյան ամսաթիվ,תאריך לידה,تاريخ الميلاد,Ημερομηνία Γέννησης,生年月日,1167
Records.Nation,Nation/Team,,,Nación/Equipo,,Nación/Equipo,Nación/Equipo,Nación/Equipo,Nation/Équipe,,,Nação/Equipe,Нация/Команда,Nation/Team,Nation/lag,Nation/hold,Kansa/joukkue,Nasjon/lag,Nation/Team,Nemzet/csapat,Națiune/Echipă,Naród/Drużyna,Ազգ/թիմ,מדינה/נבחרת,دولة/فريق,Έθνος/Ομάδα,国／チーム,1168
Records.Date,Date,,,Fecha,,Fecha,Fecha,Fecha,Date,,,Data,Дата,Datum,Datum,Dato,Päivämäärä,Dato,Date,Dátum,Data,Data,Ամսաթիվ,תאריך,تاريخ,Ημερομηνία,日付,1169
Records.Place,Location,,,Ubicación,,Ubicación,Ubicación,Ubicación,Emplacement,,,Localização,Расположение,Standort,Plats,Sted,Sijainti,Sted,Location,Helyszín,Locaţie,Lokalizacja,Գտնվելու վայրը,מיקום,مكان,Τοποθεσία,開催地,1170
Records.Group,Record Session,,,Grabar sesión,,Grabar sesión,Grabar sesión,Grabar sesión,Session d'enregistrement,,,Sessão de gravação,Запись сеанса,Sitzung aufzeichnen,Spela in session,Session,Record Session,Ta opp pulje,Record Session,Csoport rögzítése,înregistrare de sesiune,Sesja nagraniowa,Ձայնագրման նիստ,שיא מקצה,جلسة السجل,Καταγραφή συνεδρίας,記録が出たセッション,1171
Records.Event,Event,,,Evento,,Evento,Evento,Evento,Événement,,,Evento,Событие,Ereignis,Händelse,Stævne,Tapahtuma,Hendelse,Event,Esemény,Eveniment,Wydarzenie,Իրադարձություն,תחרות,حدث,Συμβάν,イベント,1172
Records.exportCurrentRecordsLabel,Export Current Records,,,Exportar récords actuales,,Exportar récords actuales,Exportar records actuales,Exportar records actuales,Exporter les enregistrements actuels,,,Exportar records atuais,Экспортировать текущие записи,Aktuelle Datensätze exportieren,Exportera aktuella poster,Eksporter aktuelle poster,Vie nykyiset tietueet,Eksporter gjeldende rekorder,Export Current Records,Aktuális rekordok exportálása,Export înregistrări curente,Eksportuj bieżące rekordy,Արտահանել ընթացիկ գրառումները,יצא רשומות נוכחיות,تصدير السجلات الحالية,Εξαγωγή τρεχουσών εγγραφών,現在の記録をエクスポート,1173
Records.exportCurrentRecordsTitle,Export Current Records,,,Exportar récords actuales,,Exportar récords actuales,Exportar records actuales,Exportar records actuales,Exporter les enregistrements actuels,,,Exportar records atuais,Экспортировать текущие записи,Aktuelle Datensätze exportieren,Exportera aktuella poster,Eksporter aktuelle poster,Vie nykyiset tietueet,Eksporter gjeldende rekorder,Export Current Records,Aktuális rekordok exportálása,Export înregistrări curente,Eksportuj bieżące rekordy,Արտահանել ընթացիկ գրառումները,יצא רשומות נוכחיות,تصدير السجلات الحالية,Εξαγωγή τρεχουσών εγγραφών,現在の記録をエクスポート,1174
Config.v55_videoStylesLabel,"Styles for video streaming (""transparent"" by default, use ""nogrid"" to have the same scoreboards as on-site)",,,"Estilos para transmisión de video (""transparent"" por defecto, use ""nogrid"" para tener los mismos marcadores que en el sitio)",,"Estilos para transmisión de video (""transparent"" por defecto, use ""nogrid"" para tener los mismos marcadores que en el sitio)","Estilos para transmisión de video (""transparent"" por defecto, use ""nogrid"" para tener los mismos marcadores que en el sitio)","Estilos para transmisión de video (""transparent"" por defecto, use ""nogrid"" para tener los mismos marcadores que en el sitio)","Styles pour le streaming vidéo (""transparent"" par défaut, utilisez ""nogrid"" pour avoir les mêmes tableaux d'affichage que sur site)",,,"Estilos para streaming de vídeo (""transparent"" por padrão, use ""nogrid"" para ter os mesmos placares do local)","Стили для потокового видео («transparent» по умолчанию, используйте «nogrid», чтобы иметь те же табло, что и на сайте)","Stile für Video-Streaming („transparent“ standardmäßig, verwenden Sie „nogrid“, um die gleichen Anzeigetafeln wie vor Ort zu haben)","Stilar för videoströmning (""transparent"" som standard, använd ""nogrid"" för att ha samma resultattavlor som på plats)","Styles til videostreaming (""transparent"" som standard, brug ""nogrid"" for at have de samme resultattavler som på stedet)","Tyylit videoiden suoratoistoon (""läpinäkyvä"" oletuksena, käytä ""nogrid"" -taulukkoa saadaksesi samat tulostaulut kuin paikan päällä)","Stiler for videostreaming (""gjennomsiktig"" som standard, bruk ""nogrid"" for å ha samme resultatskjermer som på konkurransestedet)","Styles for video streaming (""transparent"" by default, use ""nogrid"" to have the same scoreboards as on-site)","Stílusok a videó streaminghez (alapértelmezés szerint ""transparent"", használja a ""nogrid""-et, hogy ugyanazok az eredménytáblák legyenek, mint a helyszínen)","Stiluri pentru streaming video („transparent” în mod implicit, utilizați „nogrid” pentru a avea aceleași tablouri de bord ca pe site)","Style przesyłania strumieniowego wideo (domyślnie „przezroczyste”, użyj „nogrid”, aby wyświetlić takie same tablice wyników jak na miejscu)","Տեսահոսքի ոճեր (կանխադրված «transparent», օգտագործեք «nogrid»՝ նույն ցուցատախտակներն ունենալու համար, ինչ տեղում)","סיגנון עבור שידור וידאו (""transparent"" כברירת מחדל, יש להשתמש ב-""ללא רשת"" כדי להשתמש בלוח תוצאות זהה למקומי)","أنماط بث الفيديو (""transparent"" افتراضياً، استخدم ""nogrid"" للحصول على نفس لوحات النتائج كما في الموقع)","Στυλ για ροή βίντεο (""διαφανές"" από προεπιλογή, χρησιμοποιήστε το ""nogrid"" για να έχετε τους ίδιους πίνακες αποτελεσμάτων με τον ιστότοπο)","ビデオ配信用スタイル（デフォルトは ""transparent""。現地と同じスコアボードにするには ""nogrid"" を使用）",1175
CJ_BreakDuration,Time before Clean & Jerk,,,Tiempo antes del dos tiempos,,Antes del Dos Tiempos,Antes Envión,Antes del Envión,Décompte avant l'épaulé-jeté,,,Antes do Arremesso,До толчка,Vor dem Stossen,Innan Stöt,Før Stød,Aikaa työntönostoihin,Tid før Støt,Time before Clean & Jerk,Lökés előtti szünet,Pauză înainte de aruncat,Czas do rozpoczęcia podrzutu,Մինչև հրում,זמן לפני דחיקה,الوقت قبل النتر,Time before Clean & Jerk,クリーン＆ジャーク前の時間,1176
CJ_BreakDurationPlaceHolder,Enter the duration in minutes (leave empty for the default rules),,,Duración en minutos (déjelo vacío para las reglas predeterminadas),,Ingrese la duración en minutos (déjelo vacío para las reglas predeterminadas),Duración en minutos (déjelo vacío para las reglas predeterminadas),Duración en minutos (déjelo vacío para las reglas predeterminadas),Saisissez la durée en minutes (laissez vide pour les règles par défaut),,,Insira a duração em minutos (deixe em branco para as regras padrão),Введите длительность в минутах (оставьте поле пустым для правил по умолчанию),Gib die Dauer in Minuten ein (für die Standardregeln leer lassen),Ange varaktigheten i minuter (låt vara tomt för standardreglerna),Indtast varigheden i minutter (tom for standardreglerne),Anna kesto minuutteina (jätä tyhjäksi oletussäännöille),Skriv inn varigheten i minutter (la stå tomt for standardreglene),Enter the duration in minutes (leave empty for the default rules),Adja meg az időtartamot percben (az alapértelmezett szabályokhoz hagyja üresen),Introduceți durata în minute (lăsați necompletat pentru regulile implicite),"Wprowadź czas trwania w minutach (pozostaw puste pole, aby zastosować domyślne reguły)",Մուտքագրեք տևողությունը րոպեներով (դատարկ թողեք լռելյայն կանոնների համար),הזן משך בדקות (השאר ריק לערכי ברירת מחדל),أدخل المدة بالدقائق (اتركه فارغاً للقواعد الافتراضية),Εισαγάγετε τη διάρκεια σε λεπτά (αφήστε κενό για τους προεπιλεγμένους κανόνες),分単位で時間を入力してください（未入力の場合はデフォルトのルールが適用されます）,1177
CheckVersion.ControlPanelUpdate,Use the control panel to update.,,,Utilice el panel de control para actualizar.,,Utilice el panel de control para actualizar.,Utilice el panel de control para actualizar.,Utilice el panel de control para actualizar.,Utiliser le panneau de contrôle pour se mettre à jour.,,,Use o painel de controle para atualizar.,Используйте панель управления для обновления.,Verwende zum Aktualisieren das Bedienfeld.,Använd kontrollpanelen för att uppdatera.,Brug kontrolpanelet til at opdatere.,Käytä ohjauspaneelia päivittämiseen.,Bruk kontrollpanelet til å oppdatere.,Use the control panel to update.,Lefordított szöveg a J oszlopból,Text tradus din coloana J,Do aktualizacji użyj panelu sterowania.,Թարմացնելու համար օգտագործեք կառավարման վահանակը:,השתמש/י בממשק הגדרות על מנת לבצע עדכון,استخدم لوحة التحكم للتحديث.,Χρησιμοποιήστε τον πίνακα ελέγχου για ενημέρωση.,コントロールパネルを使用して更新します。,1178
Settings.ImmediateDecision,Do not show the down signal when announcer enters decision,,,No muestre la señal de abajo cuando el anunciador ingresa la decisión,,No muestre la señal de abajo cuando el anunciador ingresa la decisión,No muestre la señal de abajo cuando el anunciador ingresa la decisión,No muestre la señal de abajo cuando el anunciador ingresa la decisión,Ne pas afficher le signal de descente lorsque l'annonceur entre dans la décision,,,Não mostre o sinal de descida quando o locutor entrar na decisão,"Не показывать сигнал «вниз», когда диктор принимает решение.","Zeige das Ab-Signal nicht, wenn der Sprecher eine Entscheidung trifft",Visa inte nedsignalen när talaren fattar beslut,"Vis ikke ned-signalet, når speaker trykker godkendt/underkendt","Älä näytä alas-signaalia, kun kuuluttaja tekee päätöksen",Ikke vis nedsignalet når speaker tar avgjørelse,Do not show the down signal when announcer enters decision,"Ne mutasson le jelet, amikor a bemondó döntést hoz","Nu dâ semnalul jos, atunci când crainicul dâ decizia","Nie pokazuj sygnału w dół, gdy spiker podejmuje decyzję","Մի ցույց տվեք ներքև ազդանշանը, երբ հաղորդավարը որոշում է ընդունում",לא להציג סימן הורדה כאשר הכרוז מזין החלטה,لا تُظهر إشارة النزول عندما يدخل المذيع القرار,Μην εμφανίζετε το σήμα κάτω όταν ο εκφωνητής εισάγει την απόφαση,アナウンサーが判定を入力する際にダウン信号を表示しない,1179
Settings.SingleReferee,Single Referee,,,Juez de silla único,,Juez de silla único,Juez de silla único,Juez de silla único,Arbitre unique,,,Árbitro Único,Единоличный судья,Einzelkampfrichter,Ensam domare,Enkelt dommer,Yksittäinen erotuomari,Enkel dommer,Single Referee,Egyedülálló vezetőbíró,Arbitru unic,Pojedynczy sędzia,Միայնակ մրցավար,שופט יחיד,حكم فردي,Μονός Διαιτητής,単独審判,1180
URL.missingProtocol,URL must start with https:// or http://,,,La URL debe comenzar con https:// o http://,,La URL debe comenzar con https:// o http://,La URL debe comenzar con https:// o http://,La URL debe comenzar con https:// o http://,L'URL doit commencer par https:// ou http://,,,A URL deve começar com https:// ou http://,URL должен начинаться с https:// или http://,Die URL muss mit https:// oder http:// beginnen.,URL måste börja med https:// eller http://,URL skal starte med https:// eller http://,URL-osoitteen alussa on oltava https:// tai http://,URL må starte med https:// eller http://,URL must start with https:// or http://,Az URL-nek https:// vagy http:// előtaggal kell kezdődnie,Adresa URL trebuie să înceapă cu https:// sau http://,Adres URL musi zaczynać się od https:// lub http://,URL-ը պետք է սկսվի https:// կամ http://-ով,כתובת רשת צריכה להתחיל עם http:// או https://,يجب أن تبدأ URL بـ https:// أو http://,Η διεύθυνση URL πρέπει να ξεκινά με https:// ή http://,URLは https:// または http:// で始まる必要があります,1181
Competition.masters20kg,Use 20kg rule for Masters instead of 80%,,,Utilice la regla de los 20 kg para Máster en lugar del 80%,,Utilice la regla de los 20 kg para Máster en lugar del 80%,Utilice la regla de los 20 kg para Máster en lugar del 80%,Utilice la regla de los 20 kg para Máster en lugar del 80%,Utiliser la règle des 20 kg pour les Masters au lieu de 80 %,,,Use a regra de 20 kg para Masters em vez de 80%,Используйте правило 20 кг для мастеров вместо 80%.,Verwende für Masters die 20-kg-Regel anstelle von 80 %.,Använd 20 kg regel för Masters istället för 80 %,Brug 20 kg regel for Masters i stedet for 80 %,Käytä Mastersille 20 kg sääntöä 80 %:n sijaan,Bruk 20 kg-regelen for Masters i stedet for 80 %,Use 20kg rule for Masters instead of 80%,Használjon 20 kg-os szabályt a Masters számára 80% helyett,Folosește regula de 20 kg pentru Masters în loc de 80%,W przypadku Masters należy stosować zasadę 20 kg zamiast 80%.,Վարպետների համար օգտագործեք 20 կգ կանոն 80%-ի փոխարեն,"שימוש בחוק 20 ק""ג לקטגורית Masters במקום 80%",استخدم قاعدة 20 كجم للماسترز بدلاً من 80%,Χρησιμοποιήστε τον κανόνα 20 κιλών για Masters αντί για 80%,マスターズでは80%ルールの代わりに20kgルールを使用する,1182
Competition.Invited/Extra,Extra/Invited,,,Extra/Invitado,,Extra/Invitado,Extra/Invitado,Extra/Invitado,Supplémentaire/Invité,,,Extra/Convidado,Дополнительный/приглашенный,Extra/Eingeladen,Extra/inbjuden,Ekstra/Inviteret,Ylimääräinen/kutsuttu,Ekstra/Invitert,Extra/Invited,Extra/Meghívott,Extra/Invitat,Dodatkowy/Zaproszony,Լրացուցիչ / Հրավիրված,תוספת/מוזמן,إضافي/مدعو,Extra/Καλεσμένος,エキストラ／招待選手,1183
ColorSelection,Background Color Selection,,,Selección de color de fondo,,Selección de color de fondo,Selección de color de fondo,Selección de color de fondo,Sélection de la couleur d'arrière-plan,,,Seleção de cor de fundo,Выбор цвета фона,Auswahl der Hintergrundfarbe,Val av bakgrundsfärg,Valg af baggrundsfarve,Taustavärin valinta,Valg av bakgrunnsfarge,Background Color Selection,Háttérszín kiválasztása,Selectarea culorii de fundal,Wybór koloru tła,Ֆոնի գույնի ընտրություն,בחירת צבע רקע,اختيار لون الخلفية,Επιλογή χρώματος φόντου,背景色の選択,1184
ColorSelection.Intro,"This section controls the background color used when streaming, for the scoreboard heading and for the attempt board",,,"Esta sección controla el color de fondo utilizado durante la transmisión, para el encabezado del marcador y para el tablero de intentos.",,"Esta sección controla el color de fondo utilizado durante la transmisión, para el encabezado del marcador y para el tablero de intentos.","Esta sección controla el color de fondo utilizado durante la transmisión, para el encabezado del marcador y para el tablero de intentos.","Esta sección controla el color de fondo utilizado durante la transmisión, para el encabezado del marcador y para el tablero de intentos.","Cette section contrôle la couleur d'arrière-plan utilisée lors de la diffusion, pour l'en-tête du tableau de bord et pour le tableau des tentatives",,,"Esta seção controla a cor de fundo usada durante a transmissão, para o título do placar e para o quadro de tentativas","Этот раздел управляет цветом фона, используемым при трансляции, для заголовка табло и для табло попыток.",Dieser Abschnitt steuert die beim Streaming verwendete Hintergrundfarbe für die Überschrift der Anzeigetafel und für die Versuchstafel,"Det här avsnittet styr bakgrundsfärgen som används vid streaming, för resultattavlans rubrik och för försökstavlan","Denne sektion styrer den baggrundsfarve, der bruges ved streaming, for resultattavlens overskrift og for forsøgstavlen","Tämä osio ohjaa taustaväriä, jota käytetään suoratoistossa, tulostaulun otsikossa ja yritystaulussa","Denne delen kontrollerer bakgrunnsfargen som brukes ved streaming, for resultatskjermens overskrift og for forsøksskjerm","This section controls the background color used when streaming, for the scoreboard heading and for the attempt board","Ez a rész szabályozza a streamelés során használt háttérszínt, az eredményjelző fejlécét és a kísérleti táblát","Ez a rész szabályozza a streamelés során használt háttérszínt, az eredményjelző fejlécét és a kísérleti táblát","Ta sekcja kontroluje kolor tła używany podczas przesyłania strumieniowego, dla nagłówka tablicy wyników i tablicy prób","Այս բաժինը վերահսկում է ֆոնի գույնը, որն օգտագործվում է հոսքի ժամանակ, ցուցատախտակի վերնագրի և փորձի տախտակի համար","איזור זה שולט בצבע הרקע המשמש בעת סטרימינג, עבור כותרת לוח התוצאות ועבור לוח הניסיון",هذا القسم يتحكم في لون الخلفية المستخدم عند البث، لعنوان لوحة النتائج ولوحة المحاولة,"Αυτή η ενότητα ελέγχει το χρώμα φόντου που χρησιμοποιείται κατά τη ροή, για την επικεφαλίδα του πίνακα αποτελεσμάτων και για τον πίνακα προσπάθειας",このセクションはストリーミング時の背景色（スコアボード見出しおよびアテンプトボード用）を設定します,1185
ColorSelection.EnabledLabel,Override the default,,,Sobreescribir el valor predeterminado,,Sobreescribir el valor predeterminado,Sobreescribir el valor predeterminado,Sobreescribir el valor predeterminado,Remplacer la valeur par défaut,,,Substituir o padrão,Переопределить значение по умолчанию,Überschreibe die Standardeinstellung,Åsidosätt standardinställningen,Tilsidesæt standarden,Ohita oletusasetus,Overstyr standarden,Override the default,Az alapértelmezett felülbírálása,Ignorați valoarea implicită,Zastąp domyślne,Անտեսել կանխադրվածը,עקוף את ברירת המחדל,تجاوز الافتراضي,Παράκαμψη της προεπιλογής,デフォルトを上書きする,1186
ColorSelection.EnabledHelperText,"If selected, the color picked at the right will be used instead of the default CSS style sheet",,,"Si se selecciona, se utilizará el color elegido a la derecha en lugar de la hoja de estilo CSS predeterminada.",,"Si se selecciona, se utilizará el color elegido a la derecha en lugar de la hoja de estilo CSS predeterminada.","Si se selecciona, se utilizará el color elegido a la derecha en lugar de la hoja de estilo CSS predeterminada.","Si se selecciona, se utilizará el color elegido a la derecha en lugar de la hoja de estilo CSS predeterminada.","Si cette option est sélectionnée, la couleur choisie à droite sera utilisée à la place de la feuille de style CSS par défaut",,,"Se selecionado, a cor escolhida à direita será usada em vez da folha de estilo CSS padrão","Если выбрано, вместо таблицы стилей CSS по умолчанию будет использоваться цвет, выбранный справа.","Wenn diese Option ausgewählt ist, wird die rechts ausgewählte Farbe anstelle des Standard-CSS-Stylesheets verwendet.",Om det väljs kommer färgen som väljs till höger att användas istället för standard CSS-stilmall,"Hvis valgt, vil den farve, der er valgt til højre, blive brugt i stedet for standard CSS-typografiarket","Jos valitaan, oikealta valittua väriä käytetään oletusarvoisen CSS-tyylisivun sijaan","Hvis valgt, vil fargen valgt til høyre brukes i stedet for standard CSS-stilarket","If selected, the color picked at the right will be used instead of the default CSS style sheet","Dacă este selectată, culoarea aleasă din dreapta va fi folosită în locul foii de stil CSS implicite","Dacă este selectată, culoarea aleasă din dreapta va fi folosită în locul foii de stil CSS implicite","Jeśli wybrano tę opcję, zamiast domyślnego arkusza stylów CSS zostanie użyty kolor wybrany po prawej stronie","Եթե ընտրված է, աջ կողմում ընտրված գույնը կօգտագործվի կանխադրված CSS ոճի թերթիկի փոխարեն","אם נבחר, הצבע שנבחר מימין ישמש במקום גיליון הסגנונות של ברירת המחדל של CSS",إذا تم تحديده، سيتم استخدام اللون المختار على اليمين بدلاً من ورقة أنماط CSS الافتراضية,"Εάν επιλεγεί, το χρώμα που επιλέχθηκε στα δεξιά θα χρησιμοποιηθεί αντί για το προεπιλεγμένο φύλλο στυλ CSS",選択すると、右側で指定した色がデフォルトのCSSスタイルシートの代わりに使用されます,1187
ColorSelection.Label,Color Picker,,,Selector de color,,Selector de color,Selector de color,Selector de color,Sélecteur de couleurs,,,Seletor de cores,Палитра цветов,Farbwähler,Färgväljare,Farvevælger,Värinvalitsin,Fargevelger,Color Picker,Selector de culoare,Selector de culoare,Próbnik kolorów,Գույնի ընտրիչ,בוחר צבעים,منتقي الألوان,Επιλογέας χρώματος,カラーピッカー,1188
ColorSelection.Helper,"Click on the colored box to pick a color, or use the dropdown to select a preset. You may also type an HTML color in the #ffffff format.",,,Haz clic en el cuadro de color para elegir un color o usa el menú desplegable para seleccionar un ajuste preestablecido. También puedes escribir un color HTML en formato #ffffff.,,Haz clic en el cuadro de color para elegir un color o usa el menú desplegable para seleccionar un ajuste preestablecido. También puedes escribir un color HTML en formato #ffffff.,Haz clic en el cuadro de color para elegir un color o usa el menú desplegable para seleccionar un ajuste preestablecido. También puedes escribir un color HTML en formato #ffffff.,Haz clic en el cuadro de color para elegir un color o usa el menú desplegable para seleccionar un ajuste preestablecido. También puedes escribir un color HTML en formato #ffffff.,Cliquez sur la case colorée pour choisir une couleur ou utilisez le menu déroulant pour sélectionner un préréglage. Vous pouvez également saisir une couleur HTML au format #ffffff.,,,Clique na caixa colorida para escolher uma cor ou use o menu suspenso para selecionar uma predefinição. Você também pode digitar uma cor HTML no formato #ffffff.,"Нажмите на цветное поле, чтобы выбрать цвет, или воспользуйтесь раскрывающимся списком, чтобы выбрать предустановленный цвет. Вы также можете ввести HTML-цвет в формате #ffffff.","Klicke auf das farbige Feld, um eine Farbe auszuwählen, oder verwende das Dropdown-Menü, um eine Voreinstellung auszuwählen. Du kannst auch eine HTML-Farbe im #ffffff-Format eingeben.","Klicka på den färgade rutan för att välja en färg, eller använd rullgardinsmenyn för att välja en förinställning. Du kan också skriva en HTML-färg i #ffffff-formatet.","Klik på den farvede boks for at vælge en farve, eller brug rullemenuen til at vælge en forudindstilling. Du kan også skrive en HTML-farve i #ffffff-formatet.",Valitse väri napsauttamalla värillistä laatikkoa tai valitse esiasetus pudotusvalikosta. Voit myös kirjoittaa HTML-värin muodossa #ffffff.,"Klikk på den fargede boksen for å velge en farge, eller bruk rullegardinmenyen for å velge en forhåndsinnstilling. Du kan også skrive inn en HTML-farge i #ffffff-formatet.","Click on the colored box to pick a color, or use the dropdown to select a preset. You may also type an HTML color in the #ffffff format.","Kattintson a színes mezőre egy szín kiválasztásához, vagy használja a legördülő menüt egy előre beállított beállítás kiválasztásához. Beírhat egy HTML-színt is #ffffff formátumban.","Faceți clic pe caseta colorată pentru a alege o culoare sau utilizați meniul drop-down pentru a selecta o presetare. De asemenea, puteți introduce o culoare HTML în formatul #ffffff.","Kliknij kolorowe pole, aby wybrać kolor, lub skorzystaj z listy rozwijanej, aby wybrać predefiniowany kolor. Możesz również wpisać kolor HTML w formacie #ffffff.","Սեղմեք գունավոր տուփի վրա՝ գույն ընտրելու համար, կամ օգտագործեք բացվող ցանկը՝ նախադրված ընտրելու համար: Կարող եք նաև մուտքագրել HTML գույն #ffffff ձևաչափով:","לחץ על התיבה הצבעונית כדי לבחור צבע, או השתמש בתפריט הנפתח כדי לבחור הגדרה מראש. אתה יכול גם להקליד צבע HTML בפורמט #ffffff.",انقر على المربع الملون لاختيار لون، أو استخدم القائمة المنسدلة لاختيار إعداد مسبق. يمكنك أيضاً كتابة لون HTML بتنسيق #ffffff.,Κάντε κλικ στο έγχρωμο πλαίσιο για να επιλέξετε ένα χρώμα ή χρησιμοποιήστε το αναπτυσσόμενο μενού για να επιλέξετε μια προεπιλογή. Μπορείτε επίσης να πληκτρολογήσετε ένα χρώμα HTML στη μορφή #ffffff.,色付きのボックスをクリックして色を選択するか、ドロップダウンでプリセットを選択してください。#ffffff形式のHTMLカラーコードも入力可能です,1189
VideoStreaming.Intro,The displays on this page are used for video streaming.  A transparent background is used on the scoreboards.,,,Las pantallas de esta página se utilizan para la transmisión de vídeo. Los marcadores tienen un fondo transparente.,,Las pantallas de esta página se utilizan para la transmisión de vídeo. Los marcadores tienen un fondo transparente.,Las pantallas de esta página se utilizan para la transmisión de vídeo. Los marcadores tienen un fondo transparente.,Las pantallas de esta página se utilizan para la transmisión de vídeo. Los marcadores tienen un fondo transparente.,Les écrans de cette page sont utilisés pour le streaming vidéo. Un fond transparent est utilisé sur les tableaux d'affichage.,,,As telas desta página são usadas para streaming de vídeo. Os placares têm fundo transparente.,Дисплеи на этой странице используются для потоковой передачи видео. На табло используется прозрачный фон.,Die Anzeigen auf dieser Seite dienen zum Video-Streaming. Die Anzeigetafeln haben einen transparenten Hintergrund.,Skärmarna på den här sidan används för videoströmning.  En transparent bakgrund används på resultattavlarna.,Displayene på denne side bruges til videostreaming.  Der bruges en gennemsigtig baggrund på resultattavlerne.,Tämän sivun näyttöjä käytetään videoiden suoratoistoon.  Tulostauluissa käytetään läpinäkyvää taustaa.,Skjermene på denne siden brukes til videostreaming.  En gjennomsiktig bakgrunn brukes på resultatskjermene.,The displays on this page are used for video streaming.  A transparent background is used on the scoreboards.,Ezen az oldalon található kijelzők video streamingre szolgálnak. Az eredményjelző táblákon átlátszó hátteret használnak.,Ecranele de pe această pagină sunt folosite pentru streaming video. Pe tablourile de bord este folosit un fundal transparent.,Wyświetlacze na tej stronie służą do strumieniowego przesyłania wideo. Na tablicach wyników zastosowano przezroczyste tło.,Այս էջի էկրաններն օգտագործվում են վիդեո հոսքի համար:  Ցուցատախտակների վրա օգտագործվում է թափանցիկ ֆոն:,התצוגות בדף זה מיועדות לשימוש בהפקת וידאו. בלוח התוצאות משתמשים ברקע שקוף,الشاشات في هذه الصفحة تُستخدم لبث الفيديو. يتم استخدام خلفية شفافة على لوحات النتائج.,Οι οθόνες σε αυτήν τη σελίδα χρησιμοποιούνται για ροή βίντεο.  Στους πίνακες αποτελεσμάτων χρησιμοποιείται διαφανές φόντο.,このページの表示はビデオ配信用で、スコアボードは透明背景が使われています,1190
TechnicalOfficial,Technical Official,,,Oficial Técnico,,Oficial Técnico,Oficial Técnico,Oficial Técnico,Responsable technique,,,Oficial Técnico,Технический специалист,Technischer Offizieller,Teknisk tjänsteman,Technical official,Tekninen virkamies,Teknisk funksjonær,Technical Official,Technikai ellenőr ,Oficialul tehnic,Oficjalny urzędnik techniczny,Տեխնիկական պաշտոնյա,שופט טכני,مسؤول تقني,Τεχνικός Υπάλληλος,テクニカルオフィシャル,1191
TechnicalOfficials,Technical Officials,,,Oficiales técnicos,,Oficiales técnicos,Oficiales técnicos,Oficiales técnicos,Officiels techniques,,,Oficiais Técnicos,Технические специалисты,Technische Offizielle,Tekniska tjänstemän,Technical officials,Tekniset virkamiehet,Tekniske funksjonærer,Technical Officials,Technikai ellenőrök ,Oficialii tehnici,Sędziowie techniczni,Տեխնիկական պաշտոնյաներ,שופטים טכנים,مسؤولون تقنيون,Κριτές,テクニカルオフィシャル,1192
TechnicalOfficial.LastName,Last Name,,,Apellido,,Apellido,Apellido,Apellido,Nom,,,Sobrenome,Фамилия,Nachname,Efternamn,Efternavn,Sukunimi,Etternavn,Last Name,Családinév,Prenume,Nazwisko,Ազգանուն,שם משפחה,اسم العائلة,Επώνυμο,姓,1193
TechnicalOfficial.FirstName,First Name,,,Nombre,,Nombre,Nombre,Nombre,Prénom,,,Nome,Имя,Vorname,Förnamn,Fornavn,Etunimi,Fornavn,First Name,Kersztnév,Nume,Imię,Անուն,שם פרטי,الاسم الأول,Ονομα,名,1194
TechnicalOfficial.Level,Level,,,Nivel,,Nivel,Nivel,Nivel,Niveau,,,Nível,Уровень,Ebene,Nivå,Niveau,Taso,Nivå,Level,Szint,Nivel,Poziom,Մակարդակ,דרגה,مستوى,Επίπεδο,レベル,1195
TechnicalOfficial.Federation,Federation,,,Federación,,Federación,Federación,Federación,Fédération,,,Federação,Федерация,Verband,Federation,Nationalt Forbund,Liitto,Forbund,Federation,Szövetség,Federatie,Federacja,Ֆեդերացիա,התאחדות,اتحاد,Ομοσπονδία,連盟,1196
TechnicalOfficial.FederationId,Federation Membership Id,,,ID de miembro de la federación,,ID de miembro de la federación,ID de miembro de la federación,ID de miembro de la federación,Numéro de membre de la Fédération,,,ID de membro da Federação,Идентификатор членства в Федерации,Verbandsmitglieds-ID,Federation Membership ID,ForbundsID,Liiton jäsentunnus,Forbundsmedlems-ID,Federation Membership Id,Szövetségi tagsági azonosító,Id. de membru al federației,Identyfikator członkostwa w federacji,Ֆեդերացիայի անդամակցության ID,מספר חברות בהתאחדות,رقم عضوية الاتحاد,Αναγνωριστικό Μέλους Ομοσπονδίας,連盟会員ID,1197
TechnicalOfficial.IWFId,IWF Card Number,,,Número de tarjeta IWF,,Número de tarjeta IWF,Número de tarjeta IWF,Número de tarjeta IWF,Numéro de carte IWF,,,Número do cartão IWF,Номер карты IWF,IWF-Kartennummer,IWF-kortnummer,IWF-kortnummer,IWF-kortin numero,IWF-kortnummer,IWF Card Number,IWF kártya száma,Numărul cardului IWF,Numer karty IWF,IWF քարտի համարը,מספר כרטיס IWF,اختبار IWF 2,Αριθμός κάρτας IWF,IWFカード番号,1198
TechnicalOfficials.ImportExport,Import/Export,Import/Export,Import/Export,Importación/Exportación,Importación/Exportación,Importación/Exportación,Importación/Exportación,Importación/Exportación,Importation/Exportation,Importation/Exportation,Importation/Exportation,Importação/Exportação,Импорт/Экспорт (Import/Eksport),Import/Export,Import/Export,Import/Eksport,Tuonti/Vienti,Import/eksport,Innflutningur/Útflutningur,Importálás/Exportálás,Import/Export,Import/Eksport,Ներմուծում/Արտահանում (Nermuts'um/Artahanum),יבא/יצא,IWF 2,Εισαγωγή/Εξαγωγή,インポート／エクスポート,1199
TechnicalOfficials.Upload,Import,Import,Import,Importar,Importar,Importar,Importar,Importar,Importer,Importer,Importer,Importar,Импорт (Import),Importieren,Importera,Importer,Tuo,Import,Flyt inn,Importálás,Import,Importuj,Ներմուծել (Nermuts'el),יבא,اختبار IWF 1,Εισαγωγή,インポート,1200
TechnicalOfficials.Export,Export,Export,Export,Exportar,Exportar,Exportar,Exportar,Exportar,Exporter,Exporter,Exporter,Exportar,Экспорт (Eksport),Exportieren,Exportera,Eksporter,Vie,Eksport,Flyt út,Exportálás,Export,Eksportuj,Արտահանել (Artahanel),יצא,IWF 1,Εξαγωγή,エクスポート,1201
TechnicalOfficials.AssignmentReports,Assignment Reports,Assignment Reports,Assignment Reports,Informes de asignación,Informes de asignación,Informes de asignación,Informes de asignación,Informes de asignación,Rapports d''affectation,Rapports d''affectation,Rapports d''affectation,Relatórios de atribuição,Отчеты о назначениях (Otchety o naznacheniyakh),Zuweisungsberichte,Tilldelningsrapporter,Tildelingsrapporter,Määritysraportit,Funksjonæroversikt,Útflutningsskýrslur,Kiosztási jelentések,Rapoarte de atribuire,Raporty przydziału,Առաջադրանքների հաշվետվություններ (Aradranqneri hashvetvutyunner),דוח הצוות,قواعد الجلسات العادية (غير الماسترز),Αναφορές Εργασιών,割り当て報告書,1202
TechnicalOfficials.ExportAssignmentReports,Download Assignment Report,Download Assignment Report,Download Assignment Report,Descargar informe de asignación,Descargar informe de asignación,Descargar informe de asignación,Descargar informe de asignación,Descargar informe de asignación,Télécharger le rapport d''affectation,Télécharger le rapport d''affectation,Télécharger le rapport d''affectation,Descarregar relatório de atribuição,Скачать отчет о назначении (Skachat'' otchet o naznachenii),Zuweisungsbericht herunterladen,Ladda ner tilldelningsrapport,Download tildelingsrapport,Lataa määritysraportti,Funksjonæroversikt,Niðurhal úr útflutningsskýrslu,Kiosztási jelentés letöltése,Descarcă raportul de atribuire,Pobierz raport przydziału,Ներբեռնել առաջադրանքի հաշվետվություն (Nerbernel aradranqi hashvetvutyun),הורד דוח הצוות,قواعد جلسات الماسترز,Λήψη Αναφοράς Εργασίας,割り当て報告書をダウンロード,1203
DropZone,Drop a file here,,,Suelta un archivo aquí,,Arrastre un archivo aquí,Suelta un archivo aquí,Suelta un archivo aquí,Déposer un fichier ici,,,Solte um arquivo aqui,Перекиньте сюда файл,"Lege hier eine Datei ab
",Släpp en fil här,Gem fil her,Pudota tiedosto tähän,Slipp en fil her,Drop a file here,Lefordított szöveg a J oszlopból,Text tradus din coloana J,Upuść plik tutaj,Գցեք ֆայլ այստեղ,זרוק לכאן קובץ,تطبيق قواعد IMWA (80%، نقاط الفريق),Ρίξτε ένα αρχείο εδώ,ここにファイルをドロップしてください,1204
SelectFile,Select a file,,,Seleccione un archivo,,Seleccione un archivo,Seleccione un archivo,Seleccione un archivo,Sélectionner un fichier,,,Selecione um arquivo,Выберите файл,Wähle eine Datei aus,Välj en fil,Vælg en fil,Valitse tiedosto,Velg en fil,Select a file,Lefordított szöveg a J oszlopból,Text tradus din coloana J,Wybierz plik,Ընտրեք ֆայլ,בחר קובץ,IMWA,Επιλέξτε ένα αρχείο,ファイルを選択,1205
Competition.EndDate,Competition End Date,,,Fecha de finalización del concurso,,Fecha de finalización del concurso,Fecha de finalización del concurso,Fecha de finalización del concurso,Date de fin du concours,,,Data de término da competição,Дата окончания конкурса,Enddatum des Wettbewerbs,Slutdatum för tävlingen,Konkurrencens slutdato,Kilpailun päättymispäivä,Sluttdato for konkurransen,Competition End Date,A verseny befejezésének dátuma,Data de încheiere a competiției,Data zakończenia konkursu,Մրցույթի ավարտի ամսաթիվը,תאריך סיום תחרות,منافسة الماسترز,Ημερομηνία Λήξης Διαγωνισμού,大会終了日,1206
Competition.LeaveEmpty,Leave empty if same as Start Date,,,Déjelo vacío si es igual a la fecha de inicio,,Déjelo vacío si es igual a la fecha de inicio,Déjelo vacío si es igual a la fecha de inicio,Déjelo vacío si es igual a la fecha de inicio,Laisser vide si identique à la date de début,,,Deixe em branco se for igual à data de início,"Оставьте пустым, если дата совпадает с датой начала","Leer lassen, wenn es mit dem Startdatum identisch ist",Lämna tomt om samma som Startdatum,"Lad være tom, hvis samme som Startdato","Jätä tyhjäksi, jos sama kuin aloituspäivämäärä",La stå tomt hvis det er samme som Startdato,Leave empty if same as Start Date,"Hagyja üresen, ha megegyezik a kezdési dátummal",Lăsați necompletat dacă este aceeași cu Data de începere,"Pozostaw puste, jeśli jest takie samo jak data rozpoczęcia","Թողեք դատարկ, եթե նույնն է մեկնարկի ամսաթիվը",השאר ריק אם זהה לתאריך התחלה,الجلسات تتبع قواعد الماسترز افتراضياً,Αφήστε κενό εάν είναι ίδια με την Ημερομηνία έναρξης,開始日と同じ場合は空欄のままにしてください,1207
TOLevel.LocalCandidate,Regional Examination,Local Candidate,Provincial Examination,Examen regional,,Examen regional,Examen regional,Examen regional,Examen régional,Examen provincial,,Exame Regional,Региональный экзамен,Regionale Prüfung,Regional examen,Regional Eksamen,Kansallinen I-koe ,Regional eksamen,Regional Examination,Területi vizsga,Examenul regional,Egzamin regionalny,Տարածաշրջանային քննություն,בחינה אזורית,المجموعات العمرية الأكبر سناً يتم وزنها مبكراً وتحصل على أرقام بداية أصغر.,Περιφερειακή Εξέταση,地域審査,1208
TOLevel.Local,Regional,Local,Provincial,Regional,,Regional,Regional,Regional,Régional,Provincial,,Regional,Региональный,Regional,Regional,Regional,Kansallinen III,Regional,Regional,Területi,Regional,Regionalny,Տարածաշրջանային,אזורי,فائزو الفئات فقط,Περιφερειακός,地域,1209
TOLevel.NationalCandidate,National Examination,National Examination,National Examination,Examen Nacional,,Examen Nacional,Examen Nacional,Examen Nacional,Examen national,Examen national,,Exame Nacional,Национальный экзамен,Nationale Prüfung,Nationellt prov,National Eksamen,Kansallinen II,Nasjonal eksamen,National Examination,Országos vizsga,Examenul național,Egzamin państwowy,Ազգային քննություն,בחינה לאומית,مختلط,Πανελλαδική Εξέταση,国内審査,1210
TOLevel.National,National,National,National,Nacional,,Nacional,Nacional,Nacional,National,National,,Nacional,Национальный,National,Nationell,National,Kansallinen I,Nasjonal,National,Országos  ,Național,Krajowy,Ազգային,לאומי,أفضل الفرق - مختلط,Εθνικός,国内,1211
TOLevel.IWF2Candidate,IWF 2 Examination,IWF 2 Examination,IWF 2 Examination,Examen IWF 2,,Examen IWF 2,Examen IWF 2,Examen IWF 2,Examen IWF 2,Examen IWF 2,,Exame IWF 2,Экзамен IWF 2,IWF 2 Prüfung,IWF 2-undersökning,IWF 2-eksamen,IWF 2 -koe,IWF 2-eksamen,IWF 2 Examination,IWF 2 vizsga,Examenul IWF 2,Egzamin IWF 2,IWF 2 քննություն,IWF 2 בחינה,اختيار الأجناس,Εξέταση IWF 2,IWF 2 審査,1212
TOLevel.IWF2,IWF 2,IWF 2,IWF 2,IWF 2,,IWF 2,IWF 2,IWF 2,IWF 2,IWF2,,FMI 2,ИВФ 2,IWF 2,IWF 2,IWF 2,IWF 2,IWF 2,IWF 2,IWF 2  ,IWF 2,IWF 2,IWF 2,IWF 2,انتماء,IWF 2,IWF 2,1213
TOLevel.IWF1Candidate,IWF 1 Examination,IWF 1 Examination,IWF 1 Examination,Examen IWF 1,,Examen IWF 1,Examen IWF 1,Examen IWF 1,Examen IWF 1,Examen IWF 1,,Exame IWF 1,Экзамен IWF 1,IWF 1 Prüfung,IWF 1-undersökning,IWF 1 eksamen,IWF 1 -koe,IWF 1-eksamen,IWF 1 Examination,IWF 1 vizsga,Examenul IWF 1,Egzamin IWF 1,IWF 1 քննություն,IWF 1 בחינה,خيارات الرياضي,Εξέταση IWF 1,IWF 1 審査,1214
TOLevel.IWF1,IWF 1,IWF 1,IWF 1,IWF 1,,IWF 1,IWF 1,IWF 1,IWF 1,IWF1,,FMI 1,ИВФ 1,IWF 1,IWF 1,IWF 1,IWF 1,IWF 1,IWF 1,IWF 1  ,IWF 1,IWF 1,IWF 1,IWF 1,يُنصح بشدة بتصدير قاعدة البيانات الحالية كنسخة احتياطية قبل تنفيذ التحديث.,IWF 1,IWF 1,1215
Competition.nonMastersRulesTitle,Rules for the regular (non-masters) sessions,Rules for the regular (non-masters) sessions,Rules for the regular (non-masters) sessions,Reglas para las sesiones regulares (no Másters),Reglas para las sesiones regulares (no Másters),Reglas para las sesiones regulares (no Másters),Reglas para las sesiones regulares (no Másters),Reglas para las sesiones regulares (no Másters),Règles pour les sessions régulières (non-Masters),Règles pour les sessions régulières (non-Masters),Règles pour les sessions régulières (non-Masters),Regras para as sessões regulares (não-Masters),Правила для обычных (не ветеранских) сессий,Regeln für reguläre (Nicht-Masters) Sitzungen,Regler för ordinarie (icke-veteran) sessioner,Regler for almindelige (ikke-Masters) sessioner,Säännöt tavallisille (ei-seniori) sessioille,Regler for de vanlige (ikke-masters) puljene,Reglur fyri vanligar (ikki-veteran) setningar,Szabályok a normál (nem szenior) ülésekhez,Reguli pentru sesiunile obișnuite (non-Masters),Zasady dla sesji regularnych (nie-Masters),Կանոններ սովորական (ոչ վետերանների) սեսիաների համար,חוקים למקצי רגיל (לא מאסטרס),تجاهل الرياضيين، معالجة الجلسات فقط,Κανόνες για τις τακτικές (μη κύριες) συνεδρίες,通常（マスターズ以外）セッションのルール,1216
Competition.mastersRulesTitle,Rules for Masters Sessions,Rules for Masters Sessions,Rules for Masters Sessions,Reglas para las sesiones Másters,Reglas para las sesiones Másters,Reglas para las sesiones Másters,Reglas para las sesiones Másters,Reglas para las sesiones Másters,Règles pour les sessions Masters,Règles pour les sessions Masters,Règles pour les sessions Masters,Regras para as sessões Masters,Правила для ветеранских сессий,Regeln für Masterswettkämpfe,Regler för veteransessioner,Regler for Masters-sessioner,Säännöt seniorisessioille,Regler for masterpuljer,Reglur fyri veteransetningar,Szabályok a szenior ülésekhez,Reguli pentru sesiunile Masters,Zasady dla sesji Masters,Կանոններ վետերանների սեսիաների համար,חוקים למקצי מאסטרס,حذف جميع الرياضيين قبل المعالجة,Κανόνες για Masters Sessions,マスターズセッションのルール,1217
Competition.IMWARules,"Apply IMWA Rules (80%, Team Points)","Apply IMWA Rules (80%, Team Points)","Apply IMWA Rules (80%, Team Points)","Aplicar reglas IMWA (80%, puntos de equipo)","Aplicar reglas IMWA (80%, puntos de equipo)","Aplicar reglas IMWA (80%, puntos de equipo)","Aplicar reglas IMWA (80%, puntos de equipo)","Aplicar reglas IMWA (80%, puntos de equipo)","Appliquer les règles IMWA (80%, points d'équipe)","Appliquer les règles IMWA (80%, points d'équipe)","Appliquer les règles IMWA (80%, points d'équipe)","Aplicar regras IMWA (80%, pontos de equipe)","Применить правила IMWA (80%, командные очки)","IMWA-Regeln anwenden (80%, Teampunkte)","Tillämpa IMWA-regler (80%, lagpoäng)","Anvend IMWA-regler (80%, holdpoint)","Sovella IMWA-sääntöjä (80%, joukkuepisteet)","Bruk IMWA-regler (80 %, lagpoeng)","Nýt IMWA-reglur (80%, liðsstig)","IMWA szabályok alkalmazása (80%, csapatpontok)","Aplicați regulile IMWA (80%, puncte de echipă)","Zastosuj zasady IMWA (80%, punkty drużynowe)","Կիրառել IMWA կանոնները (80%, թիմային միավորներ)","החל את כללי IMWA (80%, ניקוד קבוצה)",تحديث الرياضيين الحاليين (الاحتفاظ بالإعلانات، التغييرات، الرفع) وإضافة رياضيين جدد,"Εφαρμογή κανόνων IMWA (80%, πόντοι ομάδας)",IMWAルールを適用（80%、チームポイント）,1218
Competition.IMWA,IMWA,IMWA,IMWA,IMWA,IMWA,IMWA,IMWA,IMWA,IMWA,IMWA,IMWA,IMWA,IMWA,IMWA,IMWA,IMWA,IMWA,IMWA,IMWA,IMWA,IMWA,IMWA,IMWA,IMWA,إضافة رياضيين فقط، عدم لمس الرياضيين الحاليين,IMWA,IMWA,1219
Competition.mastersCompetition,Masters Competition,Masters Competition,Masters Competition,Competición Másters,Competición Másters,Competición Másters,Competición Másters,Competición Másters,Compétition Masters,Compétition Masters,Compétition Masters,Competição Masters,Соревнования ветеранов,Masterswettbewerb,Veterantävling,Masters konkurrence,Seniorikilpailu,Masterskonkurranse,Veterankapping,Szenior verseny,Competiție Masters,Zawody Masters,Վետերանների մրցույթ,תחרות מאסטרס,خيارات الجلسة,Διαγωνισμός Masters,マスターズ大会,1220
Competition.mastersCompetitionCheckbox,Sessions follow Masters rules by default,Sessions follow Masters rules by default,Sessions follow Masters rules by default,Las sesiones siguen las reglas Másters por defecto,Las sesiones siguen las reglas Másters por defecto,Las sesiones siguen las reglas Másters por defecto,Las sesiones siguen las reglas Másters por defecto,Las sesiones siguen las reglas Másters por defecto,Les sessions suivent les règles Masters par défaut,Les sessions suivent les règles Masters par défaut,Les sessions suivent les règles Masters par défaut,As sessões seguem as regras Masters por padrão,Сессии по умолчанию следуют правилам для ветеранов,Wettkämpfe folgen standardmäßig den Mastersregeln,Sessioner följer veteranregler som standard,Sessioner følger som standard Masters-regler,Sessiot noudattavat oletusarvoisesti seniorisääntöjä,puljer følger Masters regler som standard,Setningar fylgja vanliga veteranreglunum,Az ülések alapértelmezés szerint a szenior szabályokat követik,Sesiunile urmează implicit regulile Masters,Sesje domyślnie przestrzegają zasad Masters,Սեսիաները սկզբնականորեն հետևում են վետերանների կանոններին,ברירת המחדל היא שהמקצים פועלים לפי כללי המאסטרס,الجلسات تتبع قواعد الماسترز افتراضياً,Οι συνεδρίες ακολουθούν τους κανόνες Masters από προεπιλογή,セッションはデフォルトでマスターズルールに従う,1221
Competition.mastersCompetitionHelper,Oldest age groups are weighed-in earlier and get smaller start numbers.,Oldest age groups are weighed-in earlier and get smaller start numbers.,Oldest age groups are weighed-in earlier and get smaller start numbers.,Los grupos de edad más avanzada son pesados antes y reciben números de salida más pequeños.,Los grupos de edad más avanzada son pesados antes y reciben números de salida más pequeños.,Los grupos de edad más avanzada son pesados antes y reciben números de salida más pequeños.,Los grupos de edad más avanzada son pesados antes y reciben números de salida más pequeños.,Los grupos de edad más avanzada son pesados antes y reciben números de salida más pequeños.,Les groupes d'âge les plus âgés sont pesés plus tôt et reçoivent des numéros de départ plus petits.,Les groupes d'âge les plus âgés sont pesés plus tôt et reçoivent des numéros de départ plus petits.,Les groupes d'âge les plus âgés sont pesés plus tôt et reçoivent des numéros de départ plus petits.,Os grupos de idade mais avançada são pesados mais cedo e recebem números de largada menores.,Самые старшие возрастные группы взвешиваются раньше и получают меньшие стартовые номера.,Die ältesten Altersgruppen werden früher gewogen und erhalten kleinere Startnummern.,De äldsta åldersgrupperna vägs in tidigare och får lägre startnummer.,De ældste aldersgrupper bliver vejet ind tidligere og får lavere startnumre.,Vanhimmat ikäryhmät punnitaan aikaisemmin ja saavat pienemmät lähtönumerot.,Eldste aldersgrupper veies inn tidligere og får lavere startnummer.,Elstu aldursbólkar verða vignir fyrr og fáa lægri byrjunarnummur.,"Az idősebb korcsoportokat korábban mérik le, és kisebb rajtszámokat kapnak.",Grupele de vârstă mai în vârstă sunt cântărite mai devreme și primesc numere de start mai mici.,Najstarsze grupy wiekowe są ważone wcześniej i otrzymują mniejsze numery startowe.,Ավելի տարեց տարիքային խմբերը կշռվում են ավելի վաղ և ստանում են ավելի փոքր մեկնարկային համարներ։,קבוצות הגיל המבוגרות נשקלות מוקדם יותר ומקבלות מספרי התחלה נמוכים יותר,المجموعات العمرية الأكبر سناً يتم وزنها مبكراً وتحصل على أرقام بداية أصغر,Οι μεγαλύτερες ηλικιακές ομάδες ζυγίζονται νωρίτερα και αποκτούν μικρότερους αριθμούς έναρξης.,高齢の年齢区分は先に計量し、スタート番号は小さい番号が割り当てられます,1222
Results.WinnersOnly,Category Winners Only,,,Solo ganadores de categorías,,Solo ganadores de categorías,Solo ganadores de categorías,Solo ganadores de categorías,Gagnants de catégorie uniquement,,,Somente vencedores da categoria,Только победители категории,Nur Kategoriesieger,Endast kategorivinnare,Kun kategorivindere,Vain kategorian voittajat,Kun kategorivinnere,Category Winners Only,Csak kategóriagyőztesek,Doar câștigătorii categoriei,Tylko dla zwycięzców kategorii,Միայն կատեգորիայի հաղթողները,רק זוכי הקטגוריות,فائزو الفئات فقط,Μόνο νικητές κατηγορίας,階級別優勝者のみ,1223
Gender.Mixed,Mixed,Mixed,Mixed,Mixto,Mixto,Mixto,Mixto,Mixto,Mixte,Mixte,Mixte,Misto,Смешанный,Gemischt,Blandat,Blandet,Sekalaji,Blandet,Blandalag,Vegyes,Mixt,Mieszany,Խառը,מעורבב,مختلط,Μικτός,混合,1224
Scoreboard.TopTeamsMixed,Top Teams - Mixed,Top Teams - Mixed,Top Teams - Mixed,Mejores Equipos - Mixtos,Mejores Equipos - Mixtos,Mejores Equipos - Mixtos,Mejores Equipos - Mixtos,Mejores Equipos - Mixtos,Meilleures Équipes - Mixtes,Meilleures Équipes - Mixtes,Meilleures Équipes - Mixtes,Melhores Equipes - Mistas,Лучшие Команды - Смешанные,Top-Teams - Gemischt,Topplag - Blandade,Top-hold - Blandede,Parhaat Joukkueet - Sekalajit,Beste lag – blandet,Bestu Lið - Blandalag,Legjobb Csapatok - Vegyes,Echipe de Top - Mixte,Najlepsze Drużyny - Mieszane,Լավագույն Թիմեր - Խառը,קבוצות מובילות מעורבב,أفضل الفرق - مختلط,Κορυφαίες Ομάδες - Μικτές,トップチーム（混合）,1225
Scoreboard.SelectGenders,Select Genders,Select Genders,Select Genders,Seleccionar Géneros,Seleccionar Géneros,Seleccionar Géneros,Seleccionar Géneros,Seleccionar Géneros,Sélectionner les genres,Sélectionner les genres,Sélectionner les genres,Selecionar Gêneros,Выбор гендеров,Geschlechter auswählen,Välj kön,Vælg køn,Valitse Sukupuolet,Velg Kjønn,Vel kyn,Nemek kiválasztása,Selectează Genurile,Wybierz Płcie,Ընտրել գենդերները,בחירת מגדר,اختيار الأجناس,Επιλέξτε Φύλα,性別を選択,1226
TechnicalOfficial.Affiliation,Affiliation,Affiliation,Affiliation,Afiliación,Afiliación,Afiliación,Afiliación,Afiliación,Affiliation,Affiliation,Affiliation,Afiliação,Аффилиация,Zugehörigkeit,Tillhörighet,Tilknytning,Jäsenyys,Tilhørighet,Limaskap,Tagság,Afiliere,Przynależność,Պատկանելություն,שיוך ארגוני,الانتماء,Δεσμός,所属,1227
SBDE.AthleteOptions,Athlete Options,,,Opciones de atleta,,Opciones de atleta,Opciones de atleta,Opciones de atleta,Options pour les athlètes,,,Opções de atleta,Варианты спортсмена,Optionen für Sportler,Atletalternativ,Atlet muligheder,Urheilijan vaihtoehdot,Alternativer for utøvere,Athlete Options,Sportolói lehetőségek,Opțiuni pentru sportivi,Opcje sportowca,Մարզիկի ընտրանքներ,אפשרויות ספורטאי,خيارات الرياضي,Επιλογές Αθλητή,選手オプション,1228
SBDE.AthleteOptions_WARNING,It is strongly suggested to export the current database as a backup before executing the update.,,,Se recomienda encarecidamente exportar la base de datos actual como copia de seguridad antes de ejecutar la actualización.,,Se recomienda encarecidamente exportar la base de datos actual como copia de seguridad antes de ejecutar la actualización.,Se recomienda encarecidamente exportar la base de datos actual como copia de seguridad antes de ejecutar la actualización.,Se recomienda encarecidamente exportar la base de datos actual como copia de seguridad antes de ejecutar la actualización.,Il est fortement suggéré d'exporter la base de données actuelle en tant que sauvegarde avant d'exécuter la mise à jour.,,,É altamente recomendável exportar o banco de dados atual como backup antes de executar a atualização.,Настоятельно рекомендуется экспортировать текущую базу данных в качестве резервной копии перед выполнением обновления.,"Es wird dringend empfohlen, vor der Durchführung des Updates die aktuelle Datenbank als Backup zu exportieren.",Det rekommenderas starkt att exportera den aktuella databasen som en säkerhetskopia innan uppdateringen körs.,"Det anbefales kraftigt at eksportere den aktuelle database som en sikkerhedskopi, før opdateringen udføres.",On erittäin suositeltavaa viedä nykyinen tietokanta varmuuskopioksi ennen päivityksen suorittamista.,Det anbefales sterkt å eksportere gjeldende database som en sikkerhetskopi før oppdateringen utføres.,It is strongly suggested to export the current database as a backup before executing the update.,Erősen javasolt az aktuális adatbázis exportálása biztonsági másolatként a frissítés végrehajtása előtt.,Este recomandat să exportați baza de date curentă ca rezervă înainte de a executa actualizarea.,Zdecydowanie zaleca się wyeksportowanie bieżącej bazy danych jako kopii zapasowej przed wykonaniem aktualizacji.,Խստորեն առաջարկվում է արտահանել ընթացիկ տվյալների բազան որպես կրկնօրինակ՝ նախքան թարմացումը կատարելը:,מומלץ בחום לייצא את בסיס הנתונים הנוכחי כגיבוי לפני ביצוע העדכון,يُنصح بشدة بتصدير قاعدة البيانات الحالية كنسخة احتياطية قبل تنفيذ التحديث,Συνιστάται ανεπιφύλακτα η εξαγωγή της τρέχουσας βάσης δεδομένων ως εφεδρικό πριν από την εκτέλεση της ενημέρωσης.,更新を実行する前に、現在のデータベースをバックアップとしてエクスポートすることを強く推奨します,1229
SBDE.AthleteOptions_IGNORE_ATHLETES,"Ignore athletes, only process the sessions",,,"Ignorar a los atletas, solo procesar las sesiones.",,"Ignorar a los atletas, solo procesar las sesiones.","Ignorar a los atletas, solo procesar las sesiones.","Ignorar a los atletas, solo procesar las sesiones.","Ignorer les athlètes, traiter uniquement les sessions",,,"Ignore os atletas, processe apenas as sessões","Игнорировать спортсменов, обрабатывать только сессии","Athleten ignorieren, nur die Sitzungen verarbeiten","Ignorera idrottare, bearbeta bara sessionerna","Ignorer atleter, opdater kun sessionerne","Ohita urheilijat, käsittele vain harjoitukset","Ignorer utøvere, bearbeid kun puljene","Ignore athletes, only process the sessions","Figyelmen kívül hagyja a sportolókat, csak az edzéseket dolgozza fel","Ignorați sportivii, procesați doar sesiunile","Ignoruj ​​sportowców, przetwarzaj jedynie sesje","Անտեսեք մարզիկներին, միայն մշակեք նիստերը","התעלם מהספורטאים, עבד רק את המקצים",تجاهل الرياضيين، معالجة الجلسات فقط,"Αγνοήστε τους αθλητές, επεξεργαστείτε μόνο τις συνεδρίες",選手を無視し、セッションのみ処理する,1230
SBDE.AthleteOptions_DELETE_ATHLETES,Delete all athletes before processing,,,Eliminar todos los atletas antes de procesar,,Eliminar todos los atletas antes de procesar,Eliminar todos los atletas antes de procesar,Eliminar todos los atletas antes de procesar,Supprimer tous les athlètes avant le traitement,,,Exclua todos os atletas antes de processar,Удалить всех спортсменов перед обработкой,Lösche alle Athleten vor der Verarbeitung,Ta bort alla idrottare innan bearbetning,Slet alle atleter før opdatering,Poista kaikki urheilijat ennen käsittelyä,Slett alle utøvere før behandling,Delete all athletes before processing,A feldolgozás előtt törölje az összes sportolót,Ștergeți toți sportivii înainte de procesare,Usuń wszystkich sportowców przed przetworzeniem,Ջնջել բոլոր մարզիկներին վերամշակումից առաջ,מחק את כל הספורטאים לפני עיבוד,حذف جميع الرياضيين قبل المعالجة,Διαγράψτε όλους τους αθλητές πριν από την επεξεργασία,処理前に全選手を削除する,1231
SBDE.AthleteOptions_UPDATE_ADD_ATHLETES,"Update existing athletes (keep declarations, changes, lifts) and add new athletes",,,"Actualizar atletas existentes (mantener declaraciones, cambios, levantamientos) y agregar nuevos atletas",,"Actualizar atletas existentes (mantener declaraciones, cambios, levantamientos) y agregar nuevos atletas","Actualizar atletas existentes (mantener declaraciones, cambios, levantamientos) y agregar nuevos atletas","Actualizar atletas existentes (mantener declaraciones, cambios, levantamientos) y agregar nuevos atletas","Mettre à jour les athlètes existants (conserver les déclarations, les modifications, les levées) et ajouter de nouveaux athlètes",,,"Atualizar atletas existentes (manter declarações, alterações, levantamentos) e adicionar novos atletas","Обновите существующих спортсменов (сохраните декларации, изменения, упражнения) и добавьте новых спортсменов.","Aktualisiere vorhandene Athleten (Behalte Meldungen, Änderungen, Hebungen) und füge neue Athleten hinzu","Uppdatera befintliga idrottare (behåll deklarationer, ändringar, lyft) och lägg till nya idrottare","Opdater eksisterende atleter (behold tilmeldinger, ændringer, løft) og tilføj nye atleter","Päivitä olemassa olevat urheilijat (säilytä ilmoitukset, muutokset, nostot) ja lisää uusia urheilijoita","Oppdater eksisterende utøvere (behold erklæringer, endringer, løft) og legg til nye utøvere","Update existing athletes (keep declarations, changes, lifts) and add new athletes","Frissítse a meglévő sportolókat (megőrzi a nyilatkozatokat, változtatásokat, emeléseket), és vegyen fel új sportolókat","Actualizați sportivii existenți (păstrați declarațiile, modificările, ridicările) și adăugați sportivi noi","Aktualizuj istniejących zawodników (zachowaj deklaracje, zmiany, wyciągi) i dodawaj nowych zawodników","Թարմացրեք առկա մարզիկներին (պահեք հայտարարություններ, փոփոխություններ, վերելակներ) և ավելացրեք նոր մարզիկներ","עדכן ספורטאים קיימים (שמור הצהרות, שינויים, הרמות) והוסף ספורטאים חדשים",تحديث الرياضيين الحاليين (الاحتفاظ بالإعلانات، التغييرات، الرفع) وإضافة رياضيين جدد,"Ενημερώστε τους υπάρχοντες αθλητές (κρατήστε δηλώσεις, αλλαγές, ανυψώστε) και προσθέστε νέους αθλητές",既存選手を更新（申告、変更、試技を保持）し、新規選手を追加する,1232
SBDE.AthleteOptions_ADD_ATHLETES,"Only add athletes, don't touch the existing athletes",,,"Solo agrega atletas, no toques a los atletas existentes.",,"Solo agrega atletas, no toques a los atletas existentes.","Solo agrega atletas, no toques a los atletas existentes.","Solo agrega atletas, no toques a los atletas existentes.","Ajoutez uniquement des athlètes, ne touchez pas aux athlètes existants",,,"Adicione apenas atletas, não mexa nos atletas existentes","Добавляйте только спортсменов, не трогайте существующих спортсменов.","Füge nur Athleten hinzu, ändere nicht die vorhandenen Athleten","Lägg bara till idrottare, rör inte vid befintliga idrottare","Tilføj kun atleter, berør ikke ved de eksisterende atleter","Lisää vain urheilijoita, älä koske olemassa oleviin urheilijoihin","Bare legg til utøvere, ikke berør eksisterende utøvere","Only add athletes, don't touch the existing athletes","Csak sportolókat adjon hozzá, ne érintse meg a meglévő sportolókat","Adăugați doar sportivi, nu atingeți sportivii existenți","Dodawaj tylko sportowców, nie dotykaj istniejących sportowców","Միայն մարզիկներ ավելացրե՛ք, եղած մարզիկներին ձեռք մի՛ տվեք",הוספת ספורטאים ללא עדכון ספורטאים קיימים,إضافة رياضيين فقط، عدم لمس الرياضيين الحاليين,"Προσθέστε μόνο αθλητές, μην αγγίζετε τους υπάρχοντες αθλητές",選手を追加のみし、既存の選手には手を加えない,1233
SBDE.SessionOptions,Session Options,,,Opciones de sesión,,Opciones de sesión,Opciones de sesión,Opciones de sesión,Options de session,,,Opções de sessão,Параметры сеанса,Gruppenoptionen,Sessionsalternativ,Sessionsmuligheder,Istunnon asetukset,puljealternativer,Session Options,Munkamenet opciók,Opțiuni de sesiune,Opcje sesji,Նստաշրջանի ընտրանքներ,אפשרויות מקצה,خيارات الجلسة,Επιλογές συνεδρίας,セッションオプション,1234
SBDE.SessionOptions_IGNORE_SESSIONS,"Ignore sessions, only process the athletes",,,"Ignorar sesiones, procesar solo a los atletas.",,"Ignorar sesiones, procesar solo a los atletas.","Ignorar sesiones, procesar solo a los atletas.","Ignorar sesiones, procesar solo a los atletas.","Ignorer les sessions, traiter uniquement les athlètes",,,"Ignore as sessões, processe apenas os atletas","Игнорировать сессии, обрабатывать только спортсменов","Ignoriere Gruppen, verarbeite nur die Athleten","Ignorera sessioner, bearbeta endast atleterna","Ignorer sessioner, opdater kun atleterne","Ohita istunnot, käsittele vain urheilijat","Ignorer puljer, behandle bare utøverne","Ignore sessions, only process the athletes","Hagyja figyelmen kívül az edzéseket, csak a sportolókat dolgozza fel","Ignora sesiunile, proceseaza doar sportivii","Ignoruj ​​sesje, skupiaj się wyłącznie na zawodnikach","Անտեսեք նիստերը, մշակեք միայն մարզիկներին","התעלם מהמקצים, עבד רק את הספורטאים",تجاهل الجلسات، معالجة الرياضيين فقط,"Αγνοήστε τις συνεδρίες, επεξεργαστείτε μόνο τους αθλητές",セッションを無視して選手のみ処理する,1235
SBDE.SessionOptions_UPDATE_ADD_SESSIONS,"Update existing sessions, add new ones",,,"Actualizar sesiones existentes, agregar nuevas",,"Actualizar sesiones existentes, agregar nuevas","Actualizar sesiones existentes, agregar nuevas","Actualizar sesiones existentes, agregar nuevas","Mettre à jour les sessions existantes, en ajouter de nouvelles",,,"Atualize sessões existentes, adicione novas","Обновите существующие сеансы, добавьте новые","Bestehende Gruppen aktualisieren, neue hinzufügen","Uppdatera befintliga sessioner, lägg till nya","Opdater eksisterende sessioner, tilføj nye","Päivitä olemassa olevat istunnot, lisää uusia","Oppdater eksisterende puljer, legg til nye","Update existing sessions, add new ones","Meglévő munkamenetek frissítése, újak hozzáadása","Actualizați sesiunile existente, adăugați altele noi","Zaktualizuj istniejące sesje, dodaj nowe","Թարմացրեք առկա նիստերը, ավելացրեք նորերը",עדכן מקצים קיימים והוסף חדשים,تحديث الجلسات الحالية، إضافة جديدة,"Ενημερώστε τις υπάρχουσες συνεδρίες, προσθέστε νέες",既存のセッションを更新し、新しいセッションを追加する,1236
Scoreboard.RecordAttempt(s),"{0,choice,1#Record Attempt|1<Record Attempts}",,,"{0,choice,1#INTENTO DE RÉCORD|1<INTENTOS DE RÉCORD}",,"{0,choice,1#Intento de Récord|1<Intentos de Récord}","{0,choice,1#INTENTO DE RÉCORD|1<INTENTOS DE RÉCORD}","{0,choice,1#INTENTO DE RÉCORD|1<INTENTOS DE RÉCORD}","{0,choice,1#Tentative de record|1<Tentatives de record}",,,"{0,choice,1#Tentativa de Recorde|1<Tentativas de Recorde}","{0,choice,1#Попытка на рекорд|2#Попытки на рекорд|3#Попытки на рекорд|4#Попытки на рекорд|4<Попыток на рекорд}","{0,choice,1#Rekord Versuch|1<Rekord Versuche}","{0,choice,1#REKORD Försök|1<REKORD Försök}","{0,choice,1#Rekordforsøg|1<Rekordforsøg}","{0,choice,1#Ennätys Yritys|1<Ennätys Yritykset}","{0,choice,1#REKORDFORSØK|1<REKORDFORSØK}","{0,choice,1#ROYND EFTIR METIÐ!|1<ROYNDIR EFTIR METIÐ!}","{0,choice,1#Csúcs kísérlet|1<Csúcs kísérletek}","{0,choice,1#Încercare de record|1<Încercări de record}","{0,choice,1#Record Attempt|1<Record Attempts}","{0,choice,1#Հաջող փորձի դեպքում մարզիկը կսահմանի ռեկորդ|1<Հաջող փորձերի դեպքում մարզիկը կսահմանի ռեկորդներ}","{0,choice,1#Record Attempt|1<Record Attempts}","{0,choice,1#محاولة تسجيل|1<محاولات تسجيل}","{0,choice,1#Προσπάθεια εγγραφής|1<Προσπάθειες εγγραφής}","{0,choice,1#試技記録|1<試技記録}",1237
Scoreboard.NewRecord(s),"{0,choice,1#New Record|1<New Records}",,,"{0,choice,1#NUEVO RÉCORD|1<NUEVOS RÉCORDS}",,"{0,choice,1#Nuevo Récord|1<Nuevos Récords}","{0,choice,1#NUEVO RÉCORD|1<NUEVOS RÉCORDS}","{0,choice,1#NUEVO RÉCORD|1<NUEVOS RÉCORDS}","{0,choice,1#Nouveau record|1<Nouveaux records}",,,"{0,choice,1#Novo Recorde|1<Novos Recordes}","{0,choice,1#Новый рекорд|2#Новых рекорда|3#Новых рекорда|4#Новых рекорда|4<Новых рекордов}","{0,choice,1#Neuer Rekord|1<Neue Rekorde}","{0,choice,1#NYTT REKORD|1<NYA REKORD}","{0,choice,1#Ny Rekord|1<Nye Rekorder}","{0,choice,1#Uusi Ennätys|1<Uudet Ennätykset}","{0,choice,1#NY REKORD|1<NYE REKORDER}","{0,choice,1#NÝTT MET!|1<NÝ MET!}","{0,choice,1#Új Csúcs|1<Új Csúcsok}","{0,choice,1#Record nou|1<Recorduri noi}","{0,choice,1#Nowy Rekord|1<Nowe Rekordy}","{0,choice,1#Նոր ռեկորդ|1<Նոր ռեկորդներ}","{0,choice,1#New Record|1<New Records}","{0,choice,1#سجل جديد|1<سجلات جديدة}","{0,choice,1#Νέα Εγγραφή|1<Νέες Εγγραφές}","{0,choice,1#新記録|1<新記録}",1238
ResetCategories.ClearEligibles,Clear Additional Eligibility Categories,,,Borrar categorías de elegibilidad adicionales,,Borrar categorías de elegibilidad adicionales,Borrar categorías de elegibilidad adicionales,Borrar categorías de elegibilidad adicionales,Effacer les catégories d'éligibilité supplémentaires,,,Limpar categorias de elegibilidade adicionais,Очистить дополнительные категории соответствия,Zusätzliche Teilnahmekategorien löschen,Rensa ytterligare behörighetskategorier,Ryd yderligere kvalifikationskategorier,Tyhjennä lisäkelpoisuusluokat,Fjern ytterligere kvalifiseringskategorier,Strika eyka luttøkukategoriar,További jogosultsági kategóriák törlése,Ștergeți categoriile de eligibilitate suplimentare,Wyczyść dodatkowe kategorie kwalifikacyjne,Մաքրել լրացուցիչ իրավասության կատեգորիաները,נקה קטגוריות זכאות נוספות,مسح فئات الأهلية الإضافية,Εκκαθάριση πρόσθετων κατηγοριών επιλεξιμότητας,追加の資格階級をクリアする,1239
ResetCategories.Warning_ClearEligibles,This will clear participation in categories other than the registration category,,,Esto borrará la participación en categorías distintas a la categoría de registro,,Esto borrará la participación en categorías distintas a la categoría de registro,Esto borrará la participación en categorías distintas a la categoría de registro,Esto borrará la participación en categorías distintas a la categoría de registro,Cela effacera la participation dans les catégories autres que la catégorie d'inscription,,,Isso limpará a participação em categorias diferentes da categoria de registro,"Это очистит участие в категориях, отличных от регистрационной категории",Dies löscht die Teilnahme in anderen Kategorien als der Anmeldekategorie,Detta rensar deltagande i kategorier utöver registreringskategorin,Dette vil rydde deltagelse i kategorier ud over registreringskategorien,Tämä tyhjentää osallistumisen muissa kuin rekisteröintiluokassa,Dette vil fjerne deltakelse i andre kategorier utenom registrert kategori,Hetta strikar luttøku í flokkum uttan fyri skrásetingarflokkin,Ez törli a részvételt a regisztrációs kategórián kívüli kategóriákban,Aceasta va șterge participarea în categorii diferite de categoria de înregistrare,To usunie udział w kategoriach innych niż kategoria rejestracji,Սա կմաքրի մասնակցությունը ռեգիստրացիայի կատեգորիայից բացի այլ կատեգորիաներում,פעולה זו תנקה השתתפות בקטגוריות שאינן קטגוריית הרישום,هذا سيمسح المشاركة في فئات أخرى غير فئة التسجيل,Αυτό θα διαγράψει τη συμμετοχή σε κατηγορίες εκτός από την κατηγορία εγγραφής,登録階級以外の参加記録がクリアされます,1240
RecordNotification.Attempt,{0}: currently {1}\u00A0kg,,,{0}: actual {1}\u00A0kg,,{0}: actual {1}\u00A0kg,{0}: actual {1}\u00A0kg,{0}: actual {1}\u00A0kg,{0} : actuellement {1}\u00A0kg,,,{0}: Recorde Atual é de {1}\u00A0kg,{0}: действующий рекорд {1}\u00A0кг,{0}: aktuell {1}\u00A0kg,{0}: currently {1}\u00A0kg,{0}: nuværende {1}\u00A0kg,{0}: nykyinen {1}\u00A0kg,{0}: for øyeblikket {1}\u00A0kg,{0}: currently {1}\u00A0kg,{0}: aktuális {1}\u00A0kg,{0}: actual {1}\u00A0kg,{0}: currently {1}\u00A0kg,{0}՝ ներկայիս ռեկորդն է {1}\u00A0կգ,"{0}: נוכחי {1}\u00A0ק""ג",{0}: حالياً {1}\u00A0كجم,{0}: αυτήν τη στιγμή {1}\u00A0kg,{0}: 現在 {1}\u00A0kg,1241
RecordNotification.New,{0}: previously {1}\u00A0kg,,,{0}: anteriormente {1}\u00A0kg,,{0}: anteriormente {1}\u00A0kg,{0}: anteriormente {1}\u00A0kg,{0}: anteriormente {1}\u00A0kg,{0} : précédemment {1}\u00A0kg,,,{0}: Anteriormente {1}\u00A0kg,{0}: ранее {1}\u00A0кг,{0}: zuvor {1}\u00A0kg,{0}: previously {1}\u00A0kg,{0}: tidligere {1}\u00A0kg,{0}: aiemmin {1}\u00A0kg,{0}: tidligere {1}\u00A0kg,{0}: previously {1}\u00A0kg,{0}: korábban {1}\u00A0kg,{0}: anterior {1}\u00A0kg,{0}: previously {1}\u00A0kg,{0}՝ նախկինում {1}\u00A0կգ,"{0}: קודם {1}\u00A0ק""ג",{0}: سابقاً {1}\u00A0كجم,{0}: προηγουμένως {1}\u00A0kg,{0}: 以前{1}\u00A0kg,1242
RecordNotification.Title,{0} – {1} kg : {2},,,{0} – {1} kg : {2},,{0} – {1} kg : {2},{0} – {1} kg : {2},{0} – {1} kg : {2},{0} – {1} kg : {2},,,{0} – {1} kg : {2},{0} – {1} кг : {2},{0} – {1} kg : {2},{0} – {1} kg : {2},{0} – {1} kg : {2},{0} – {1} kg : {2},{0} – {1} kg : {2},{0} – {1} kg : {2},{0} – {1} kg : {2},{0} – {1} kg : {2},{0} – {1} kg : {2},{0} – {1} կգ : {2},"{0} â€“ {1} ק""ג : {2}",{0} – {1} كجم : {2},{0} – {1} kg : {2},{0} – {1} kg : {2},1243
ImportJson.RestartWarning,BEWARE: This replaces the content of the database. It may also be necessary to restart the system.,,,ATENCIÓN: Esto reemplaza el contenido de la base de datos. También puede ser necesario reiniciar el sistema.,,ATENCIÓN: Esto reemplaza el contenido de la base de datos. También puede ser necesario reiniciar el sistema.,ATENCIÓN: Esto reemplaza el contenido de la base de datos. También puede ser necesario reiniciar el sistema.,ATENCIÓN: Esto reemplaza el contenido de la base de datos. También puede ser necesario reiniciar el sistema.,ATTENTION: Ceci remplace le contenu de la base de données. Il peut également être nécessaire de redémarrer le système.,,,ATENÇÃO: Isto substitui o conteúdo da base de dados. Também pode ser necessário reiniciar o sistema.,ВНИМАНИЕ: Это заменяет содержимое базы данных. Также может потребоваться перезапуск системы.,"ACHTUNG: Dies ersetzt den Inhalt der Datenbank. Es kann auch notwendig sein, das System neu zu starten.",VARNING: Detta ersätter innehållet i databasen. Det kan också vara nödvändigt att starta om systemet.,ADVARSEL: Dette erstatter indholdet af databasen. Det kan også være nødvendigt at genstarte systemet.,VAROITUS: Tämä korvaa tietokannan sisällön. Järjestelmä on mahdollisesti käynnistettävä uudelleen.,ADVARSEL: Dette erstatter innholdet i databasen. Det kan også være nødvendig å starte systemet på nytt.,VARNING: Hetta skiftir út innihaldinum í dátugrunninum. Tað kann eisini vera neyðugt at endurstartar skipanina.,FIGYELEM: Ez helyettesíti az adatbázis tartalmát. Szükség lehet a rendszer újraindítására is.,"ATENȚIE: Aceasta înlocuiește conținutul bazei de date. De asemenea, poate fi necesar să reporniți sistemul.",UWAGA: To zastępuje zawartość bazy danych. Może być również konieczne ponowne uruchomienie systemu.,"ԶԳՈՒՇԱՑՈՒՄ: Սա փոխարինում է տվյալների բազայի բովանդակությունը: Հնարավոր է, որ անհրաժեշտ լինի վերագործարկել համակարգը:",זהירות!!: פעילות זו מחליפה את תוכן מסד הנתונים. יתכן שיהיה צורך להפעיל את המערכת מחדש.,تحذير: هذا يستبدل محتوى قاعدة البيانات. قد يكون من الضروري أيضًا إعادة تشغيل النظام,ΠΡΟΣΟΧΗ: Αυτό αντικαθιστά το περιεχόμενο της βάσης δεδομένων. Μπορεί επίσης να είναι απαραίτητο να επανεκκινήσετε το σύστημα.,注意：これによりデータベースの内容が置き換えられます。システムの再起動が必要になる場合があります,1244
Import.Success,Import was successful,,,La importación ha sido exitosa,,La importación ha sido exitosa,La importación ha sido exitosa,La importación ha sido exitosa,L'importation a réussi,,,A importação foi bem-sucedida,Импорт успешно выполнен,Der Import war erfolgreich,Importen lyckades,Importen var vellykket,Tuonti onnistui,Importen var vellykket,Innflutningur eydnaðist,Az importálás sikeres volt,Importul a fost realizat cu succes,Import zakończony pomyślnie,Ներմուծումը հաջող էր,פעולת יבוא סיימה בהצלחה,نجح الاستيراد,Η εισαγωγή ήταν επιτυχής,インポートが成功しました,1245
Import.Warning,<ul><li>You should now restart the system.<li>This will ensure that all settings in the database are correctly applied<li>This is very important if you want to run the competition or run a simulation.</ul>,,,<ul><li>Ahora debería reiniciar el sistema.<li>Esto asegurará que todos los ajustes en la base de datos se apliquen correctamente<li>Esto es muy importante si desea ejecutar la competición o una simulación.</ul>,,<ul><li>Ahora debería reiniciar el sistema.<li>Esto asegurará que todos los ajustes en la base de datos se apliquen correctamente<li>Esto es muy importante si desea ejecutar la competición o una simulación.</ul>,<ul><li>Ahora debería reiniciar el sistema.<li>Esto asegurará que todos los ajustes en la base de datos se apliquen correctamente<li>Esto es muy importante si desea ejecutar la competición o una simulación.</ul>,<ul><li>Ahora debería reiniciar el sistema.<li>Esto asegurará que todos los ajustes en la base de datos se apliquen correctamente<li>Esto es muy importante si desea ejecutar la competición o una simulación.</ul>,<ul><li>Vous devriez maintenant redémarrer le système.<li>Cela garantira que tous les paramètres de la base de données sont correctement appliqués<li>C'est très important si vous souhaitez lancer la compétition ou exécuter une simulation.</ul>,,,<ul><li>Agora você deve reiniciar o sistema.<li>Isso garantirá que todas as configurações no banco de dados sejam aplicadas corretamente<li>Isso é muito importante se você quiser executar a competição ou executar uma simulação.</ul>,"<ul><li>Теперь вам следует перезапустить систему.<li>Это обеспечит правильное применение всех настроек в базе данных<li>Это очень важно, если вы хотите провести соревнование или запустить симуляцию.</ul>","<ul><li>Sie sollten jetzt das System neu starten.<li>Dadurch wird sichergestellt, dass alle Einstellungen in der Datenbank korrekt angewendet werden<li>Dies ist sehr wichtig, wenn Sie den Wettbewerb durchführen oder eine Simulation starten möchten.</ul>",<ul><li>Du bör nu starta om systemet.<li>Detta säkerställer att alla inställningar i databasen tillämpas korrekt<li>Detta är mycket viktigt om du vill genomföra tävlingen eller köra en simulering.</ul>,"<ul><li>Du bør nu genstarte systemet.<li>Dette vil sikre, at alle indstillinger i databasen anvendes korrekt<li>Dette er meget vigtigt, hvis du vil afvikle konkurrencen eller køre en simulering.</ul>","<ul><li>Sinun tulisi nyt käynnistää järjestelmä uudelleen.<li>Tämä varmistaa, että kaikki tietokannan asetukset otetaan oikein käyttöön<li>Tämä on erittäin tärkeää, jos haluat järjestää kilpailun tai suorittaa simulaation.</ul>",<ul><li>Du bør nå starte systemet på nytt.<li>Dette vil sikre at alle innstillinger i databasen anvendes riktig<li>Dette er veldig viktig hvis du vil kjøre konkurransen eller kjøre en simulering.</ul>,"<ul><li>Tú eigur nú at endurstartar skipanina.<li>Hetta tryggjar, at allar stillingar í dátugrunni verða rætt brúktar<li>Hetta er sera týdningarmikið, um tú vil halda kappingina ella koyra eina simulering.</ul>","<ul><li>Most újra kell indítania a rendszert.<li>Ez biztosítja, hogy az adatbázisban lévő összes beállítás megfelelően alkalmazva legyen<li>Ez nagyon fontos, ha versenyt vagy szimulációt szeretne futtatni.</ul>",<ul><li>Acum ar trebui să reporniți sistemul.<li>Acest lucru va asigura că toate setările din baza de date sunt aplicate corect<li>Acest lucru este foarte important dacă doriți să desfășurați competiția sau să rulați o simulare.</ul>,"<ul><li>Powinieneś teraz zrestartować system.<li>Zapewni to prawidłowe zastosowanie wszystkich ustawień w bazie danych<li>Jest to bardzo ważne, jeśli chcesz przeprowadzić zawody lub symulację.</ul>","<ul><li>Այժմ դուք պետք է վերագործարկեք համակարգը:<li>Սա կապահովի, որ տվյալների բազայում բոլոր կարգավորումները ճիշտ կիրառվեն<li>Սա շատ կարևոր է, եթե դուք ցանկանում եք անցկացնել մրցույթ կամ իրականացնել մոդելավորում:</ul>",<ul><li>כעת עליך להפעיל מחדש את המערכת</li><li>זה יבטיח שכל ההגדרות במסד הנתונים יוחלו כראוי</li><li>זה חשוב מאוד אם ברצונך להפעיל את התחרות או להריץ סימולציה</li></ul>,<ul><li>يجب عليك الآن إعادة تشغيل النظام.<li>هذا سيضمن تطبيق جميع إعدادات قاعدة البيانات بشكل صحيح<li>هذا مهم جداً إذا كنت تريد تشغيل المنافسة أو تشغيل محاكاة.</ul>,<ul><li>Θα πρέπει τώρα να επανεκκινήσετε το σύστημα.<li>Αυτό θα διασφαλίσει ότι όλες οι ρυθμίσεις στη βάση δεδομένων εφαρμόζονται σωστά<li>Αυτό είναι πολύ σημαντικό αν θέλετε να εκτελέσετε τον διαγωνισμό ή να εκτελέσετε μια προσομοίωση.</ul>,<ul><li>システムを再起動してください<li>これによりデータベースの設定が正しく反映されます<li>競技運営やシミュレーションを行う際に非常に重要です</ul>,1246
Import.ControlPanelRestart,"<b>Go to the Control Panel application, stop the system and start it again</b>",,,"<b>Vaya a la aplicación Panel de Control, detenga el sistema e inícielo nuevamente</b>",,"<b>Vaya a la aplicación Panel de Control, detenga el sistema e inícielo nuevamente</b>","<b>Vaya a la aplicación Panel de Control, detenga el sistema e inícielo nuevamente</b>","<b>Vaya a la aplicación Panel de Control, detenga el sistema e inícielo nuevamente</b>","<b>Allez à l'application Panneau de Contrôle, arrêtez le système et redémarrez-le</b>",,,"<b>Vá para o aplicativo do Painel de Controle, pare o sistema e inicie-o novamente</b>","<b>Перейдите в приложение Панель управления, остановите систему и запустите ее снова</b>","<b>Gehen Sie zur Systemsteuerungsanwendung, stoppen Sie das System und starten Sie es erneut</b>","<b>Gå till Kontrollpanelen, stoppa systemet och starta det igen</b>","<b>Gå til Kontrolpanel applikationen, stop systemet og start det igen</b>","<b>Siirry Ohjauspaneeli-sovellukseen, pysäytä järjestelmä ja käynnistä se uudelleen</b>","<b>Gå til Kontrollpanel-applikasjonen, stopp systemet og start det igjen</b>","<b>Far til Stýripanel nýtsluskipanina, steðga skipanini og byrja aftur</b>","<b>Menjen a Vezérlőpult alkalmazáshoz, állítsa le a rendszert, majd indítsa újra</b>","<b>Accesați aplicația Panou de Control, opriți sistemul și porniți-l din nou</b>","<b>Przejdź do aplikacji Panel Sterowania, zatrzymaj system i uruchom go ponownie</b>","<b>Գնացեք Կառավարման Վահանակ, կանգնեցրեք համակարգը և կրկին մեկնարկեք այն</b>","<b>גש ליישום לוח הבקרה, עצור את המערכת והפעל אותה מחדש</b>",<b>اذهب إلى تطبيق لوحة التحكم، أوقف النظام وابدأه مرة أخرى</b>,"<b>Μεταβείτε στην εφαρμογή Πίνακας Ελέγχου, σταματήστε το σύστημα και ξεκινήστε το ξανά</b>",<b>コントロールパネルアプリに移動し、システムを停止して再起動してください</b>,1247
Import.CloudRestart,"<b>Go to the owlcms-cloud.fly.dev site, stop the system and start it again</b>",,,"<b>Vaya al sitio owlcms-cloud.fly.dev, detenga el sistema e inícielo nuevamente</b>",,"<b>Vaya al sitio owlcms-cloud.fly.dev, detenga el sistema e inícielo nuevamente</b>","<b>Vaya al sitio owlcms-cloud.fly.dev, detenga el sistema e inícielo nuevamente</b>","<b>Vaya al sitio owlcms-cloud.fly.dev, detenga el sistema e inícielo nuevamente</b>","<b>Allez sur le site owlcms-cloud.fly.dev, arrêtez le système et redémarrez-le</b>",,,"<b>Acesse o site owlcms-cloud.fly.dev, pare o sistema e inicie-o novamente</b>","<b>Перейдите на сайт owlcms-cloud.fly.dev, остановите систему и запустите ее снова</b>","<b>Gehen Sie zur Website owlcms-cloud.fly.dev, stoppen Sie das System und starten Sie es erneut</b>","<b>Gå till webbplatsen owlcms-cloud.fly.dev, stoppa systemet och starta det igen</b>","<b>Gå til owlcms-cloud.fly.dev webstedet, stop systemet og start det igen</b>","<b>Siirry owlcms-cloud.fly.dev -sivustolle, pysäytä järjestelmä ja käynnistä se uudelleen</b>","<b>Gå til owlcms-cloud.fly.dev-nettstedet, stopp systemet og start det igjen</b>","<b>Far til owlcms-cloud.fly.dev síðuna, steðga skipanini og byrja aftur</b>","<b>Látogasson el az owlcms-cloud.fly.dev oldalra, állítsa le a rendszert, majd indítsa újra</b>","<b>Accesați site-ul owlcms-cloud.fly.dev, opriți sistemul și porniți-l din nou</b>","<b>Przejdź do witryny owlcms-cloud.fly.dev, zatrzymaj system i uruchom go ponownie</b>","<b>Այցելեք owlcms-cloud.fly.dev կայքը, կանգնեցրեք համակարգը և կրկին մեկնարկեք այն</b>","<b>גש לאתר owlcms-cloud.fly.dev, עצור את המערכת והפעל אותה מחדש</b>",<b>اذهب إلى موقع owlcms-cloud.fly.dev، أوقف النظام وابدأه مرة أخرى</b>,"<b>Μεταβείτε στον ιστότοπο owlcms-cloud.fly.dev, σταματήστε το σύστημα και ξεκινήστε το ξανά</b>",<b>owlcms-cloud.fly.dev サイトにアクセスし、システムを停止して再起動してください</b>,1248
Import.LocalRestart,<b>Stop the system and start it again</b>,,,<b>Detenga el sistema e inícielo nuevamente</b>,,<b>Detenga el sistema e inícielo nuevamente</b>,<b>Detenga el sistema e inícielo nuevamente</b>,<b>Detenga el sistema e inícielo nuevamente</b>,<b>Arrêtez le système et redémarrez-le</b>,,,<b>Pare o sistema e inicie-o novamente</b>,<b>Остановите систему и запустите ее снова</b>,<b>Stoppen Sie das System und starten Sie es erneut</b>,<b>Stoppa systemet och starta det igen</b>,<b>Stop systemet og start det igen</b>,<b>Pysäytä järjestelmä ja käynnistä se uudelleen</b>,<b>Stopp systemet og start det igjen</b>,<b>Steðga skipanini og byrja aftur</b>,"<b>Állítsa le a rendszert, majd indítsa újra</b>",<b>Opriți sistemul și porniți-l din nou</b>,<b>Zatrzymaj system i uruchom go ponownie</b>,<b>Կանգնեցրեք համակարգը և կրկին մեկնարկեք այն</b>,<b>עצור את המערכת והפעל אותה מחדש</b>,<b>أوقف النظام وابدأه مرة أخرى</b>,<b>Σταματήστε το σύστημα και ξεκινήστε το ξανά</b>,<b>システムを停止して再起動してください</b>,1249
Ranking.CAT_QPOINTS,Category Q-Points,,,Categoría Q-Points,,Categoría Q-Points,Categoria Q-Points,Categoria Q-Points,Q-Points Cat.,,,Categoria Q-Points,Категория Q-Points,Kategorie Q-Points,Category Q-Points,Vægtklasse Q-Points,Painoluokka Q-Points,Kategori Q-Points,Category Q-Points,Q-Points kategória,Categorie Q-Points,Category Q-Points,Category Q-Points,נקודות Q לפי קטגוריה,نقاط Q للفئة,Κατηγορία Q-Points,階級別Qポイント,1250
RankingExplanation.CAT_QPOINTS,Category Q-Points: Q-Points at category weight,,,Categoria Q-Points,,Categoría Q-Points,Categoria Q-Points,Categoria Q-Points,Q-Points Cat.,,,Categoria Q-Points,Категория Q-Points,Kategorie Q-Points,Category Q-Points,Vægtklasse Q-Points,Painoluokka Q-Points,Kategori Q-Points: Q-Points i kategorivekt,Category Q-Points: Q-Points at category weight,Q-Points kategória,Categorie Q-Points,Category Q-Points,Category Q-Points,נקודות Q לפי קטגוריה: נקודות Q לפי משקל הקטגוריה,نقاط Q للفئة: نقاط Q عند وزن الفئة,Κατηγορία Q-Points: Q-Points σε βάρος κατηγορίας,階級別Qポイント: 階級体重でのQポイント,1251
Preparation.RecomputeNewRecordsExplanation,Recompute the new records (useful after updating the record definitions),,,Recalcular los nuevos récords (útil después de actualizar las definiciones de récords),,Recalcular los nuevos récords (útil después de actualizar las definiciones de récords),Recalcular los nuevos récords (útil después de actualizar las definiciones de récords),Recalcular los nuevos récords (útil después de actualizar las definiciones de récords),Recalculer les nouveaux records (utile après la mise à jour des définitions de records),,,Recalcular os novos recordes (útil após atualizar as definições de recordes),Пересчитать новые рекорды (полезно после обновления определений рекордов),Neuberechnung der neuen Rekorde (nützlich nach Aktualisierung der Rekorddefinitionen),Beräkna om de nya rekorden (användbart efter uppdatering av rekorddefinitionerna),Genberegn de nye rekorder (nyttigt efter opdatering af rekorddefinitioner),Laske uudet ennätykset uudelleen (hyödyllistä ennätysmääritelmien päivityksen jälkeen),Beregn de nye rekordene på nytt (nyttig etter oppdatering av rekorddefinisjonene),Rokna nýggj met av nýggjum (hentað eftir dagføring av metfrágreiðingum),Számítsa újra az új rekordokat (hasznos a rekordmeghatározások frissítése után),Recalculați noile recorduri (util după actualizarea definițiilor de recorduri),Przelicz nowe rekordy (przydatne po aktualizacji definicji rekordów),Վերահաշվարկել նոր ռեկորդները (օգտակար է ռեկորդների սահմանումները թարմացնելուց հետո),חשב מחדש את השיאים החדשים (שימושי לאחר עדכון הגדרות השיאים),إعادة حساب السجلات الجديدة (مفيد بعد تحديث تعريفات السجلات),Επαναϋπολογισμός των νέων ρεκόρ (χρήσιμο μετά την ενημέρωση των ορισμών ρεκόρ),新記録を再計算する（記録定義更新後に有用）,1252
Preparation.RecomputeNewRecords,Recompute the new records,,,Recalcular los nuevos récords,,Recalcular los nuevos récords,Recalcular los nuevos récords,Recalcular los nuevos récords,Recalculer les nouveaux records,,,Recalcular os novos recordes,Пересчитать новые рекорды,Neuberechnung der neuen Rekorde,Beräkna om de nya rekorden,Genberegn de nye rekorder,Laske uudet ennätykset uudelleen,Beregn de nye rekordene på nytt,Rokna nýggj met av nýggjum,Számítsa újra az új rekordokat,Recalculați noile recorduri,Przelicz nowe rekordy,Վերահաշվարկել նոր ռեկորդները,חשב מחדש את השיאים החדשים,إعادة حساب السجلات الجديدة,Επαναϋπολογισμός των νέων ρεκόρ,新記録を再計算,1253
AgeGroup.BestAthleteScoringSystem,Override the Best Athlete Scoring System,,,Reemplazar el Sistema de Puntuación del Mejor Atleta,,Reemplazar el Sistema de Puntuación del Mejor Atleta,Reemplazar el Sistema de Puntuación del Mejor Atleta,Reemplazar el Sistema de Puntuación del Mejor Atleta,Remplacer le Système de Notation du Meilleur Athlète,,,Substituir o Sistema de Pontuação do Melhor Atleta,Заменить Систему Подсчета Очков Лучшего Спортсмена,Ersetzen des Punktesystems für den Besten Athleten,Ersätt Poängsystemet för Bästa Idrottare,Erstat Pointsystemet for Bedste Atlet,Korvaa Parhaan Urheilijan Pisteytysjärjestelmä,Erstatt Poengsystemet for Beste Utøver,Skift Stigaskipanina fyri Besta Ítróttarfólk,Helyettesítse a Legjobb Sportoló Pontozási Rendszert,Înlocuiește Sistemul de Punctaj pentru Cel Mai Bun Atlet,Zastąp System Punktacji Najlepszego Zawodnika,Փոխարինել Լավագույն Մարզիկի Միավորների Հաշվարկման Համակարգը,Override the Best Athlete Scoring System,تجاوز نظام تسجيل أفضل رياضي,Αντικατάσταση του Συστήματος Βαθμολόγησης Καλύτερου Αθλητή,最優秀選手スコアリングシステムを上書き,1254
AgeGroup.BestAthleteScoringSystemExplanation,"By default, the value set in the ""Non-Standard Competition Rules"" page will be used",,,"Por defecto, se utilizará el valor establecido en la página de ""Reglas de Competición No Estándar""",,"Por defecto, se utilizará el valor establecido en la página de ""Reglas de Competición No Estándar""","Por defecto, se utilizará el valor establecido en la página de ""Reglas de Competición No Estándar""","Por defecto, se utilizará el valor establecido en la página de ""Reglas de Competición No Estándar""","Par défaut, la valeur définie dans la page des « Règles de Compétition Non Standard » sera utilisée",,,"Por padrão, será utilizado o valor definido na página de ""Regras de Competição Não Padrão""","По умолчанию будет использоваться значение, установленное на странице «Нестандартные Правила Соревнований»","Standardmäßig wird der auf der Seite „Nicht-Standard-Wettbewerbsregeln"" festgelegte Wert verwendet","Som standard kommer värdet som anges på sidan för ""Icke-Standardiserade Tävlingsregler"" att användas","Som standard vil værdien angivet på siden for ""Ikke-Standard Konkurrenceregler"" blive brugt","Oletusarvoisesti käytetään ""Epästandardit Kilpailusäännöt"" -sivulla määritettyä arvoa","Som standard vil verdien som er angitt på ""Ikke-Standard Konkurranseregler""-siden bli brukt","Sum standard verður virðið, ið er ásett á síðuni fyri ""Ikki-Standard Kappingartreytir"", brúkt","Alapértelmezés szerint a ""Nem Szabványos Versenyszabályok"" oldalon beállított érték lesz használva","În mod implicit, se va utiliza valoarea setată în pagina „Reguli de Competiție Non-Standard""","Domyślnie zostanie użyta wartość ustawiona na stronie „Niestandardowe Zasady Zawodów""","Լռելյայն, կօգտագործվի «Ոչ Ստանդարտ Մրցույթի Կանոններ» էջում սահմանված արժեքը","By default, the value set in the ""Non-Standard Competition Rules"" page will be used","افتراضياً، سيتم استخدام القيمة المحددة في صفحة ""قواعد المنافسة غير القياسية""","Από προεπιλογή, θα χρησιμοποιηθεί η τιμή που ορίζεται στη σελίδα «Μη Τυπικοί Κανόνες Διαγωνισμού»",通常は「非標準競技ルール」ページの設定値が使用されます,1255
Age,Age,,,Edad,,Edad,Edad,Edad,Âge,,,Idade,Возраст,Alter,Ålder,Alder,Ikä,Alder,Aldur,Kor,Vârstă,Wiek,Տարիք,גיל,العمر,Ηλικία,年齢,1256
BestAthlete,Best Athlete,,,Mejor Atleta,,Mejor Atleta,Mejor Atleta,Mejor Atleta,Meilleur Athlète,,,Melhor Atleta,Лучший атлет,Bester Athlet,Bästa idrottare,Bedste atlet,Paras urheilija,Beste utøver,Bestur íþróttamaður,Legjobb sportoló,Cel mai bun atlet,Najlepszy sportowiec,Լավագույն մարզիկ,ספורטאי מוביל,أفضل رياضي,Καλύτερος αθλητής,最優秀選手,1257
Break.MinutesBeforeCJ,"{0,choice,0#No break after Snatch|0<{0} minutes break after Snatch}",,,"{0,choice,0#Sin descanso después del Arranque|0<{0} minutos de descanso después del Arranque}",,"{0,choice,0#Sin descanso después del Arrancada|0<{0} minutos de descanso después del Arrancada}","{0,choice,0#Sin descanso después del Arranque|0<{0} minutos de descanso después del Arranque}","{0,choice,0#Sin descanso después del Arranque|0<{0} minutos de descanso después del Arranque}","{0,choice,0#Pas de pause après l''Arraché|0<{0} minutes de pause après l''Arraché}",,,"{0,choice,0#Sem pausa após o Arranco|0<{0} minutos de pausa após o Arranco}","{0,choice,0#Нет перерыва после рывка|0<{0} минут перерыва после рывка}","{0,choice,0#Keine Pause nach dem Reißen|0<{0} Minuten Pause nach dem Reißen}","{0,choice,0#Ingen paus efter ryck|0<{0} minuters paus efter ryck}","{0,choice,0#Ingen pause efter træk|0<{0} minutters pause efter træk}","{0,choice,0#Ei taukoa tempauksen jälkeen|0<{0} minuutin tauko tempauksen jälkeen}","{0,choice,0#Ingen pause etter rykk|0<{0} minutters pause etter rykk}","{0,choice,0#Eingin steðgur eftir rykkið|0<{0} minuttir steðga eftir rykkið}","{0,choice,0#Nincs szünet a szakítás után|0<{0} perc szünet a szakítás után}","{0,choice,0#Fără pauză după smuls|0<{0} minute pauză după smuls}","{0,choice,0#Bez przerwy po rwaniu|0<{0} minut przerwy po rwaniu}","{0,choice,0#Ոչ մի ընդմիջում պոկումից հետո|0<{0} րոպե ընդմիջում պոկումից հետո}","{0,choice,0#ללא הפסקה לאחר הנפה|0<{0} דקות הפסקה לאחר הנפה}","{0,choice,0#لا استراحة بعد الخطف|0<{0} دقائق استراحة بعد الخطف}","{0,choice,0#Χωρίς διάλειμμα μετά το αρασέ|0<{0} λεπτά διάλειμμα μετά το αρασέ}","{0,choice,0#スナッチ後は休憩なし|0<{0} 分間のスナッチ後休憩}",1258
CenterReferee,Center Referee,,,Árbitro Central,,Juez Central,Juez Central,Árbitro Central,Arbitre Central,,,Árbitro Central,Центральный судья,Hauptkampfrichter,Centraldomare,Centraldommer,Päätuomari,Sentraldommer,Central Referee,Középső bíró,Arbitru Central,Sędzia Główny,Կենտրոնական մրցավար,שופט מרכזי,الحكم المركزي,Κεντρικός Κριτής,センターレフェリー,1259
AwardMedals,Award medals?,,,¿Entregar medallas?,,¿Entregar medallas?,¿Entregar medallas?,¿Entregar medallas?,Décerner des médailles?,,,Entregar medalhas?,Вручать медали?,Medaillen vergeben?,Dela ut medaljer?,Uddele medaljer?,Jakaa mitaleita?,Dele ut medaljer?,Veita heiðursmerki?,Érmeket kiosztani?,Acorda medalii?,Przyznawać medale?,Պարգևատրե՞լ մեդալներ,הענקת מדליות?,منح ميداليات؟,Απονέμειν μετάλλια;,メダルを授与しますか？,1260
STOP,STOP,,,ALTO,,STOP,ALTO,PARE,STOP,ARRÊT,STOP,PARE,СТОП,HALT,STOPP,STOP,STOP,STOPP,STEÐGA,ÁLLJ,STOP,STOP,ԿԱՆԳ,עצור,توقف,ΣΤΟΠ,停止,1261
Competitions,Competitions,,,Competiciones,,Competiciones,Competiciones,Competiciones,Compétitions,,,Competições,Соревнования,Wettkämpfe,Tävlingar,Konkurrencer,Kilpailut,Konkurranser,Kappingar,Versenyek,Competiții,Zawody,Մրցույթներ,תחרויות,منافسات,Αγώνες,大会,1262
Competitions.Abbr,Comps,,,Comps.,,Comps.,Comps.,Comps.,Comp.,,,Comp.,Сор.,Wettk.,Tävl.,Konk.,Kilp.,Konk.,Kapp.,Vers.,Comp.,Zaw.,Մրց.,תחר.,منافس.,Αγών.,大会,1263
SideReferee,Side Referee,,,Árbitro Lateral,,Árbitro Lateral,Árbitro Lateral,Árbitro Lateral,Arbitre Latéral,,,Árbitro Lateral,Боковой Судья,Seitenkampfrichter,Sidodomare,Sidedommer,Sivutuomari,Sidedommer,Síðudómari,Oldalszéli Bíró,Arbitru Lateral,Sędzia Boczny,Կողային մրցավար,שופט צד,حكم جانبي,Πλευρικός Κριτής,サイドレフェリー,1264
ReserveReferee,Reserve Referee,,,Árbitro de Reserva,,Árbitro de Reserva,Árbitro de Reserva,Árbitro de Reserva,Arbitre de Réserve,,,Árbitro de Reserva,Запасной Судья,Ersatzkampfrichter,Reservdomare,Reservedommer,Varatuomari,Reservedommer,Varadómari,Tartalék Bíró,Arbitru de Rezervă,Sędzia Rezerwowy,Պահեստային մրցավար,שופט רזרבה,حكم احتياطي,Εφεδρικός Κριτής,予備審判,1265
ReserveJury,Reserve Jury,,,Jurado de Reserva,,Jurado de Reserva,Jurado de Reserva,Jurado de Reserva,Jury de Réserve,,,Júri de Reserva,Запасное Жюри,Ersatzjury,Reservjury,Reservejury,Varatuomaristo,Reservejury,Varadómsnevnd,Tartalék Zsűri,Juriu de Rezervă,Jury Rezerwowe,Պահեստային Ժյուրի,חבר מושבעים רזרבה,لجنة تحكيم احتياطية,Εφεδρικό Κριτικό Συμβούλιο,予備ジュリー,1266
ScaleWeight,Weight Read on Scale,,,Peso Leído en la Báscula,,Peso Leído en la Báscula,Peso Leído en la Báscula,Peso Leído en la Báscula,Poids lu sur la Balance,,,Peso Lido na Balança,"Вес, Считанный с Весов",Auf der Waage Abgelesenes Gewicht,Vikt Avläst på Våg,Vægt Aflæst på Vægt,Vaa'alla Luettu Paino,Vekt Lest på Vekt,Vekt Lisin á Vekt,Mérlegről Leolvasott Súly,Greutatea Citită pe Cântar,Waga Odczytana z Wagi,Կշեռքի քաշ,משקל שנקרא על המאזניים,الوزن المقروء على الميزان,Βάρος που Διαβάζεται στη Ζυγαριά,体重計測値,1267
BodyWeightWithDeduction,Adjusted Body Weight,,,Peso Corporal Ajustado,,Peso Corporal Ajustado,Peso Corporal Ajustado,Peso Corporal Ajustado,Poids Corporel Ajusté,,,Peso Corporal Ajustado,Скорректированный Вес Тела,Angepasstes Körpergewicht,Justerad Kroppsvikt,Justeret Kropsvægt,Mukautettu Ruumiinpaino,Justert Kroppsvekt,Lagaður Kroppsþyngd,Módosított Testsúly,Greutatea Corporală Ajustată,Skorygowana Masa Ciała,Ճշգրտված անձնական քաշ,משקל גוף מותאם,وزن الجسم المعدل,Προσαρμοσμένο Σωματικό Βάρος,補正体重,1268
Competition.isDeduct250g,Subtract 250g from weight read on scale,,,Restar 250g del peso leído en la báscula,,Restar 250g del peso leído en la báscula,Restar 250g del peso leído en la báscula,Restar 250g del peso leído en la báscula,Soustraire 250g du poids lu sur la balance,,,Subtrair 250g do peso lido na balança,"Вычесть 250г из веса, считанного с весов",250g vom auf der Waage abgelesenen Gewicht abziehen,Dra av 250g från vikt avläst på våg,Træk 250g fra vægt aflæst på vægt,Vähennä 250g vaa'alla luetusta painosta,Trekk fra 250g fra vekt lest på vekt,Dragið 250g frá vekt lisinni á vekt,Vonjon le 250g-ot a mérlegről leolvasott súlyból,Scădeți 250g din greutatea citită pe cântar,Odejmij 250g od wagi odczytanej z wagi,Հանել 250գ կշռաչափից կարդացված քաշից,הפחת 250 גרם מהמשקל שנקרא על המאזניים,اطرح 250 جرام من الوزن المقروء على الميزان,Αφαιρέστε 250g από το βάρος που διαβάζεται στη ζυγαριά,計測体重から250gを差し引く,1269
SBDE.SessionOptions_DELETE_SESSIONS,Delete all existing sessions before importing athletes,,,Eliminar todas las tandas existentes antes de importar atletas,,Eliminar todas las tandas existentes antes de importar atletas,Eliminar todas las tandas existentes antes de importar atletas,Eliminar todas las tandas existentes antes de importar atletas,Supprimer toutes les séances existantes avant d'importer les athlètes,,,Excluir todas as sessões existentes antes de importar atletas,Удалить все существующие сессии перед импортом спортсменов,Alle bestehenden Sitzungen vor dem Import der Athleten löschen,Ta bort alla befintliga sessioner innan du importerar idrottare,Slet alle eksisterende sessioner før import af atleter,Poista kaikki olemassa olevat istunnot ennen urheilijoiden tuontia,Slett alle eksisterende økter før import av utøvere,Strika allar verandi sessioner áðrenn ítróttalingir verða innfluttir,Törölje az összes meglévő ülést a sportolók importálása előtt,Ștergeți toate sesiunile existente înainte de importarea sportivilor,Usuń wszystkie istniejące sesje przed importowaniem sportowców,Ջնջել բոլոր գոյություն ունեցող նիստերը մարզիկների ներմուծումից առաջ,מחק את כל הסשנים הקיימים לפני ייבוא הספורטאים,احذف جميع الجلسات الموجودة قبل استيراد الرياضيين,Διαγράψτε όλες τις υπάρχουσες συνεδρίες πριν από την εισαγωγή αθλητών,アスリートをインポートする前に既存のセッションをすべて削除,1270
JuryNotification.ACK,"OK, Close notification",,,"OK, Cerrar notificación",,"OK, Cerrar notificación","OK, Cerrar notificación","OK, Cerrar notificación","OK, Fermer la notification",,,"OK, Fechar notificação","OK, Закрыть уведомление","OK, Benachrichtigung schließen","OK, Stäng meddelande","OK, Luk besked","OK, Sulje ilmoitus","OK, Lukk varsel","OK, Lat til kunngerð","OK, Értesítés bezárása","OK, Închide notificarea","OK, Zamknij powiadomienie","OK, Փակել ծանուցումը","OK, סגור התראה",OK، إغلاق الإشعار,"OK, Κλείσιμο ειδοποίησης",OK、通知を閉じる,1271
Config.publicStylesLabel,Styles for Public Scoreboards,,,Estilos para Marcadores Públicos,,Estilos para Marcadores Públicos,Estilos para Marcadores Públicos,Estilos para Marcadores Públicos,Styles pour Tableaux de Bord Publics,,,Estilos para Placares Públicos,Стили для Публичных Табло,Stile für Öffentliche Anzeigetafeln,Stilar för Publika Resultattavlor,Stilarter til Offentlige Resultattavler,Tyylit Julkisille Tulosnäytöille,Stiler for Offentlige Resultattavler,Stílir fyri Almennar Úrslitartavlur,Stílusok a Nyilvános Eredményjelzőkhöz,Stiluri pentru Tablourile de Scor Publice,Style dla Publicznych Tablic Wyników,Ոճեր Հանրային Արդյունքների Տախտակների Համար,סגנונות עבור לוחות תוצאות ציבוריים,أنماط لوحات النتائج العامة,Στυλ για Δημόσιους Πίνακες Αποτελεσμάτων,公開スコアボードのスタイル,1272
AttemptBoard.TeamFormat,"{0, choice, 0#{1}|1#{1}, {2}|2#{1}, {3}|3#{1}, {2}, {3}}",,,"{0, choice, 0#{1}|1#{1}, {2}|2#{1}, {3}|3#{1}, {2}, {3}}",,"{0, choice, 0#{1}|1#{1}, {2}|2#{1}, {3}|3#{1}, {2}, {3}}","{0, choice, 0#{1}|1#{1}, {2}|2#{1}, {3}|3#{1}, {2}, {3}}","{0, choice, 0#{1}|1#{1}, {2}|2#{1}, {3}|3#{1}, {2}, {3}}","{0, choice, 0#{1}|1#{1}, {2}|2#{1}, {3}|3#{1}, {2}, {3}}",,,"{0, choice, 0#{1}|1#{1}, {2}|2#{1}, {3}|3#{1}, {2}, {3}}","{0, choice, 0#{1}|1#{1}, {2}|2#{1}, {3}|3#{1}, {2}, {3}}","{0, choice, 0#{1}|1#{1}, {2}|2#{1}, {3}|3#{1}, {2}, {3}}","{0, choice, 0#{1}|1#{1}, {2}|2#{1}, {3}|3#{1}, {2}, {3}}","{0, choice, 0#{1}|1#{1}, {2}|2#{1}, {3}|3#{1}, {2}, {3}}","{0, choice, 0#{1}|1#{1}, {2}|2#{1}, {3}|3#{1}, {2}, {3}}","{0, choice, 0#{1}|1#{1}, {2}|2#{1}, {3}|3#{1}, {2}, {3}}","{0, choice, 0#{1}|1#{1}, {2}|2#{1}, {3}|3#{1}, {2}, {3}}","{0, choice, 0#{1}|1#{1}, {2}|2#{1}, {3}|3#{1}, {2}, {3}}","{0, choice, 0#{1}|1#{1}, {2}|2#{1}, {3}|3#{1}, {2}, {3}}","{0, choice, 0#{1}|1#{1}, {2}|2#{1}, {3}|3#{1}, {2}, {3}}","{0, choice, 0#{1}|1#{1}, {2}|2#{1}, {3}|3#{1}, {2}, {3}}","{0, choice, 0#{1}|1#{1}, {2}|2#{1}, {3}|3#{1}, {2}, {3}}","{0, choice, 0#{1}|1#{1}, {2}|2#{1}, {3}|3#{1}, {2}, {3}}","{0, choice, 0#{1}|1#{1}, {2}|2#{1}, {3}|3#{1}, {2}, {3}}","{0, choice, 0#{1}|1#{1}, {2}|2#{1}, {3}|3#{1}, {2}, {3}}",1273
,,,,,,,,,,,,,,,,,,,,,,,,,,,,1274
GoogleTranslateEN,Text translated from column B,,,Texto traducido de la columna B,,Texto traducido de la columna B,Texto traducido de la columna B,Texto traducido de la columna B,Texte traduit de la colonne B,,,Texto traduzido da coluna B,Текст переведен из столбца B,Textübersetzung aus Spalte B,Text översatt från kolumn B,Tekst oversat fra kolonne B,Teksti käännetty sarakkeesta B,Tekst oversatt fra kolonne B,Text translated from column B,B oszlopból fordított szöveg,Text tradus din coloana B,Tekst przetłumaczony z kolumny B,Բ սյունակից թարգմանված տեքստը,טקסט מתורגם מעמודה ב',النص المترجم من العمود ب,Κείμενο μεταφρασμένο από τη στήλη Β,列Bから翻訳されたテキスト,1275
GoogleTranslateFR,Translated text from column J,,,Texto traducido de la columna J,,Texto traducido de la columna J,Texto traducido de la columna J,Texto traducido de la columna J,Texte traduit de la colonne J,,,Texto traduzido da coluna J,Перевод текста из столбца J,Übersetzter Text aus Spalte J,Översatt text från kolumn J,Oversat tekst fra kolonne J,Käännetty teksti sarakkeesta J,Oversatt tekst fra kolonne J,Translated text from column J,Lefordított szöveg a J oszlopból,Text tradus din coloana J,Przetłumaczony tekst z kolumny J,Թարգմանված տեքստ J սյունակից,טקסט מתורגם מעמודה J,النص المترجم من العمود J,Μεταφρασμένο κείμενο από τη στήλη J,J列からの翻訳テキスト,1276
GoogleTranslateES,Translated text from column E,,,Texto traducido de la columna E,,Texto traducido de la columna E,Texto traducido de la columna E,exportar records actuales,Texte traduit de la colonne E,,,Exportar registros atualizados,Перевод текста из столбца E,Übersetzter Text aus Spalte E,Översatt text från kolumn E,Oversat tekst fra kolonne E,Käännetty teksti sarakkeesta E,Oversatt tekst fra kolonne E,Translated text from column E,Lefordított szöveg az E oszlopból,Text tradus din coloana E,Przetłumaczony tekst z kolumny E,Թարգմանված տեքստ E սյունակից,טקסט מתורגם מעמודה E,النص المترجم من العمود E,Μεταφρασμένο κείμενο από τη στήλη Ε,E列の翻訳テキスト,1277